date,DIEN10CF Index,EUCRBRDT Index,GDD01646 Index,GGC01005 Index,GGC01651 Index,GGD01642 Index,GIOS0004 Index,GIOS0092 Index,GIOS0094 Index,GIOS0097 Index,GIOS0098 Index,GIOS0266 Index,GIOS0299 Index,GIOS0686 Index,GIOS0878 Index,GIOS0880 Index,GIOS0973 Index,GIOS0977 Index,HEATAAAB Index,JET1NECC Index,JETFLAPL Index,JETIGCPR Index,JETKSPOT Index,LACRMAUS Index,MOGFM92S Index,MOGLCB85 Index,N6SH180S Index,N6SH380S Index,NAPHJPNC Index,RBOBG87P Index,USCRSRIN Index,USCRWTIC Index,USCRWTIM Index
2021-06-14,597.0,71.68,2.0839,2.088,2.0972,2.0886,685.0,621.5,599.25,72.04,72.09,388.0,73.82,552.75,576.0,558.25,72.31,73.05,591.5,614.0,1.9223,1.8619,78.502,67.22,78.9,2.4079,419.069,401.745,645.032,2.1276,70.37,70.88,71.03
2021-06-15,598.75,72.275,2.0783,2.0847,2.092,2.0884,688.0,621.75,599.25,71.755,71.84,390.0,73.51,547.25,578.25,564.0,72.81,73.52,593.25,615.5,1.9533,1.882,78.649,68.41,78.348,2.3942,420.147,403.644,635.424,2.1244,71.72,72.12,72.29
2021-06-16,608.5,73.38,2.0663,2.068,2.0771,2.0641,688.25,632.0,607.0,72.74,72.79,396.75,74.16,554.25,577.75,563.0,74.09,74.8,602.75,623.25,1.9332,1.8926,79.407,68.55,79.208,2.3709,428.135,411.507,641.372,2.109,71.73,72.15,72.3
2021-06-17,594.5,72.005,2.0366,2.0502,2.071,2.0451,684.75,621.5,595.75,72.31,72.35,391.5,73.9,557.5,583.0,568.5,72.65,73.42,588.5,610.25,1.8957,1.8574,78.135,67.37,78.969,2.4105,428.763,411.702,638.169,2.0832,70.49,71.04,71.14
2021-06-18,596.0,72.145,2.0606,2.0852,2.1042,2.0827,675.0,626.5,598.0,70.95,70.96,391.75,72.46,562.75,586.75,572.25,72.98,73.67,590.5,611.5,1.9114,1.863,78.257,67.87,77.924,2.4879,417.717,400.427,630.849,2.1209,70.57,71.64,71.58
2021-06-21,598.5,73.08,2.0968,2.118,2.1348,2.1144,687.25,629.5,601.25,71.75,71.91,394.0,73.25,572.5,600.5,581.0,73.79,74.08,593.5,615.75,1.946,1.8867,78.673,69.53,79.09,2.478,421.325,404.248,638.169,2.1455,72.39,73.66,73.3
2021-06-22,603.5,73.87,2.1226,2.1497,2.1675,2.1507,698.0,632.5,607.0,72.5,72.66,394.75,74.0,587.0,598.0,570.75,74.7,75.22,598.0,621.0,1.9993,1.8986,79.187,69.11,79.58,2.5199,426.42,411.03,642.973,2.1727,71.23,73.06,72.65
2021-06-23,610.25,74.655,2.1293,2.1979,2.2138,2.1979,707.5,649.75,613.25,73.4,73.59,400.75,74.89,596.5,613.0,591.0,75.5,75.96,604.25,627.75,2.0092,1.907,79.847,69.36,80.83,2.5197,429.261,413.913,655.784,2.2201,71.1,73.28,73.62
2021-06-24,606.75,74.875,2.1399,2.186,2.2271,2.2146,710.25,649.0,610.5,73.7,73.79,402.25,75.16,602.0,621.75,595.75,75.64,75.93,600.75,623.25,2.0093,1.9125,79.407,69.63,81.56,2.5285,429.035,414.801,657.843,2.2317,71.96,73.45,73.81
2021-06-25,609.75,75.37,2.1217,2.1831,2.1978,2.1967,715.5,651.75,612.25,73.45,73.45,407.75,74.92,603.5,625.25,603.25,76.11,76.61,603.75,626.5,1.9894,1.9161,79.725,70.32,81.87,2.5296,431.555,416.768,661.961,2.2147,72.19,74.25,74.6
2021-06-28,603.75,74.48,2.0902,2.1411,2.1549,2.1492,712.5,641.75,605.75,73.85,73.94,404.0,75.32,600.0,617.25,600.25,75.08,75.77,597.0,619.0,1.9782,1.8856,78.991,69.01,80.89,2.4918,435.621,419.295,660.36,2.1661,71.13,72.91,72.66
2021-06-29,604.25,74.61,2.095,2.1633,2.1833,2.1716,710.5,646.0,607.25,72.81,72.84,402.75,74.3,603.5,623.0,608.5,75.37,75.93,598.0,619.75,1.9981,1.8796,79.065,69.16,80.19,2.4864,424.399,408.319,654.412,2.1897,71.03,72.98,72.84
2021-06-30,601.0,76.73,2.0945,2.164,2.183,2.1766,712.5,644.0,604.25,72.85,72.85,403.25,74.36,614.0,624.0,609.25,77.27,77.16,594.75,616.5,1.9968,1.8882,78.746,69.41,81.804,2.4649,424.333,408.267,659.445,2.1937,71.6,73.47,73.34
2021-07-01,610.5,76.43,2.1215,2.1868,2.2124,2.2044,724.5,657.25,614.5,73.79,74.03,408.25,75.3,633.5,654.25,628.5,77.04,77.58,603.75,627.0,2.018,1.9207,79.774,71.08,83.1,2.4743,437.291,418.661,675.23,2.2257,73.21,75.23,75.01
2021-07-02,616.0,77.18,2.1438,2.2484,2.2499,2.2426,722.25,666.25,620.0,74.05,74.29,406.5,75.58,661.5,673.5,633.0,77.79,78.08,608.5,632.75,2.0629,1.9386,80.337,71.22,83.87,2.5283,439.15,420.281,678.204,2.2576,73.09,75.16,75.05
2021-07-05,619.75,77.755,,,,,735.0,685.75,624.0,74.65,74.79,407.75,76.18,679.25,694.75,657.5,78.38,78.86,613.0,636.5,,,80.704,,85.412,,442.081,423.095,689.184,,,,
2021-07-06,602.0,75.97,2.0702,2.1884,2.1796,2.1758,735.0,664.0,606.25,75.85,75.99,398.25,77.38,666.5,676.0,638.25,76.48,76.8,595.75,619.75,2.0211,1.877,79.065,69.54,86.81,2.44,444.68,425.677,701.538,2.1912,71.33,73.37,73.45
2021-07-07,590.0,73.945,2.0516,2.1433,2.1541,2.1502,711.75,645.0,594.0,73.25,73.39,389.5,74.78,640.75,650.75,623.5,74.46,74.89,583.25,609.0,1.989,1.8734,78.012,68.32,83.822,2.4207,426.832,406.153,675.916,2.1679,70.36,72.2,72.13
2021-07-08,596.5,74.605,2.0858,2.1925,2.2109,2.2038,707.75,653.25,600.5,70.59,70.64,386.0,72.11,619.25,650.0,639.25,75.03,75.37,589.5,616.25,2.044,1.9021,78.722,69.06,80.73,2.4678,413.286,394.193,658.301,2.2206,71.11,72.94,72.83
2021-07-09,614.25,77.115,2.1224,2.2387,2.2452,2.2376,723.25,676.5,618.25,73.0,73.04,394.5,74.51,632.5,652.5,648.5,77.59,77.92,607.25,635.75,2.0751,1.9342,80.63,70.54,83.665,2.4781,425.803,406.237,677.06,2.2585,72.61,74.56,74.28
2021-07-12,609.75,76.61,2.1274,2.2143,2.2446,2.2316,728.0,674.25,613.75,73.5,73.59,394.0,74.99,629.0,647.25,642.0,77.09,77.38,602.75,630.0,2.0614,1.9313,80.068,70.09,83.947,2.4609,426.755,407.076,685.524,2.2449,72.14,74.1,73.8
2021-07-13,616.5,76.66,2.1615,2.2625,2.2834,2.2702,732.5,678.75,621.25,74.34,74.44,401.5,75.81,636.0,655.25,658.25,77.14,77.75,609.75,637.75,2.0958,1.957,80.826,71.3,84.406,2.4966,431.646,411.828,690.557,2.2897,73.23,75.25,74.95
2021-07-14,616.0,76.665,2.1162,2.2258,2.2492,2.2439,737.0,678.25,618.75,74.69,74.74,405.5,76.22,630.5,650.25,648.75,77.38,78.0,609.5,638.5,2.0628,1.9129,80.899,69.3,84.541,2.4751,438.132,417.469,693.302,2.265,71.17,73.13,72.8
2021-07-15,604.75,75.2,2.0896,2.187,2.2036,2.1851,724.5,665.75,607.25,72.2,72.29,400.0,73.9,628.5,647.0,637.0,75.82,76.36,598.0,626.5,2.0223,1.8822,79.725,67.93,82.29,2.4245,425.381,404.003,676.373,2.2208,69.73,71.65,71.39
2021-07-16,600.5,74.415,2.092,2.1967,2.2036,2.1865,723.0,664.25,603.75,72.19,72.24,398.25,73.88,629.0,652.5,647.0,74.91,75.31,594.0,622.25,2.0209,1.8818,79.309,68.07,82.246,2.4317,427.721,405.769,676.831,2.224,69.92,71.81,71.54
2021-07-19,566.0,69.92,1.9658,2.0526,2.0552,2.0491,705.0,623.5,568.0,71.64,71.69,376.75,72.37,599.5,626.25,618.5,70.45,70.56,561.0,587.25,1.9094,1.7531,75.884,62.86,81.179,2.3202,422.152,399.521,677.06,2.0887,64.61,66.42,66.26
2021-07-20,566.75,69.8,1.9927,2.0696,2.0751,2.0722,671.5,621.5,568.75,,,373.75,,592.5,618.5,614.5,70.47,70.65,561.0,587.75,1.9521,1.7756,75.933,63.73,,2.3342,,,664.89,2.1111,65.54,67.42,67.1
2021-07-21,588.5,72.215,2.0727,2.1489,2.1904,2.1595,686.5,645.0,591.0,68.64,68.74,383.75,69.2,602.75,638.25,646.5,72.71,72.98,583.0,609.75,2.0224,1.8543,78.086,66.73,78.05,2.4083,410.558,388.559,650.065,2.1948,68.48,70.55,71.02
2021-07-22,597.0,73.505,2.1195,2.1964,2.2435,2.2113,712.5,653.25,599.25,71.4,71.5,387.75,71.59,610.25,648.5,656.25,73.7,73.71,591.5,619.75,2.0551,1.8985,79.065,68.27,81.57,2.4871,424.763,402.136,672.027,2.2437,69.8,72.06,72.55
2021-07-23,603.0,74.455,2.1227,2.2115,2.2526,2.2342,723.5,660.5,607.0,72.24,72.64,394.5,72.41,623.0,653.0,659.0,74.85,74.91,595.25,625.75,2.0496,1.9022,79.652,68.47,82.29,2.56,427.798,406.833,680.262,2.2619,69.62,72.27,72.59
2021-07-26,603.25,74.24,2.1435,2.2295,2.2448,2.2534,722.0,663.0,607.75,71.55,71.89,395.0,71.72,622.0,655.5,661.5,74.65,74.9,592.0,629.0,2.0717,1.9145,79.97,68.51,81.955,2.568,420.488,399.796,675.916,2.2931,69.76,71.91,71.74
2021-07-27,604.25,74.715,2.1307,2.2269,2.2474,2.2397,735.5,667.5,607.75,72.995,73.04,394.25,73.17,621.5,650.0,657.25,75.27,75.41,593.0,627.75,2.0524,1.9066,79.847,68.33,83.511,2.647,426.97,406.342,691.472,2.2594,69.41,71.65,71.48
2021-07-28,605.0,74.815,2.1398,2.2289,2.2498,2.2349,736.75,667.0,608.25,72.79,72.84,395.0,72.99,623.5,653.25,657.75,75.34,75.54,593.25,628.5,2.0575,1.9162,79.921,68.88,83.724,2.7085,429.89,409.953,691.243,2.2576,70.24,72.39,72.22
2021-07-29,613.25,75.6,2.171,2.2703,2.2977,2.2798,737.75,675.5,616.5,73.7,73.75,395.5,73.89,640.0,667.75,667.5,76.09,76.13,601.75,637.0,2.0942,1.9467,80.753,70.12,83.978,2.7198,434.443,414.61,697.649,2.3118,71.31,73.62,73.35
2021-07-30,617.25,76.365,2.1724,2.2945,2.3087,2.3062,744.75,678.0,620.75,73.9,74.03,407.0,74.09,642.5,669.5,671.0,76.79,76.4,604.25,642.5,2.3619,1.9453,81.291,70.07,84.867,2.7456,437.527,419.173,698.106,2.3226,71.55,73.95,73.65
2021-08-02,600.5,73.825,2.1203,2.2264,2.244,2.2426,744.0,658.75,603.0,73.245,73.3,396.75,73.41,622.0,651.25,653.25,74.34,74.7,588.25,624.5,2.3157,1.8786,79.529,66.73,83.406,2.6369,436.429,416.393,683.694,2.2628,68.99,71.26,71.1
2021-08-03,596.0,73.0,2.1055,2.2232,2.2398,2.2328,728.5,657.0,599.0,71.85,71.9,393.5,72.01,617.5,643.0,656.5,73.55,73.89,583.75,620.25,2.2997,1.8571,79.113,66.09,82.039,2.564,428.487,409.02,676.602,2.2602,68.26,70.56,70.42
2021-08-04,585.0,71.795,2.0551,2.1992,2.2143,2.2107,733.25,648.25,588.0,71.39,71.42,384.5,71.57,615.0,640.0,657.5,72.31,72.53,573.5,611.0,2.0393,1.8099,78.208,63.87,81.959,2.5459,430.522,409.953,675.687,2.2484,66.06,68.15,68.07
2021-08-05,588.75,72.305,2.0894,2.2457,2.2599,2.2623,724.25,653.25,591.75,68.81,68.95,382.25,69.0,616.75,645.75,668.25,72.73,72.94,577.0,613.5,2.1827,1.8416,78.453,64.79,79.717,2.6015,415.572,395.229,654.412,2.2936,67.2,69.09,69.03
2021-08-06,584.5,71.7,2.0659,2.2093,2.2207,2.2275,739.0,650.75,587.5,70.75,70.79,379.75,70.93,623.25,649.75,656.5,72.18,72.38,572.75,608.75,2.1306,1.8324,77.988,64.08,81.231,2.5867,427.264,406.039,671.569,2.2578,66.48,68.28,68.27
2021-08-09,565.75,69.435,2.0237,2.1867,2.2053,2.2088,702.25,636.0,569.75,,,365.5,,620.75,651.75,653.0,69.95,70.26,554.25,589.25,2.0815,1.7829,76.08,62.4,,2.6109,,,664.32,2.2286,64.91,66.48,66.65
2021-08-10,584.0,71.32,2.0641,2.2154,2.2315,2.2331,718.5,651.5,587.5,68.89,68.9,363.25,69.05,640.25,663.0,660.0,71.88,72.29,572.0,605.75,2.1279,1.8233,77.694,64.1,79.7,2.6397,413.951,394.126,663.791,2.2333,66.76,68.29,68.42
2021-08-11,580.25,70.745,2.0875,2.2554,2.2628,2.2637,719.5,647.0,584.25,69.75,69.84,371.5,69.93,656.5,689.5,667.25,71.14,71.58,568.75,601.5,2.1514,1.8536,77.278,65.0,80.416,2.6695,417.914,398.182,664.935,2.2656,67.78,69.25,69.37
2021-08-12,587.25,71.525,2.0865,2.2241,2.2374,2.2229,726.5,648.25,590.25,70.5,70.58,372.5,70.7,662.5,681.5,659.5,72.02,72.45,575.75,607.75,2.0953,1.8541,77.89,64.84,80.677,2.6593,419.85,399.838,666.994,2.2334,67.68,69.09,69.17
2021-08-13,586.75,71.385,2.0558,2.2095,2.219,2.1996,719.0,643.0,589.75,70.05,70.09,388.75,70.24,664.25,677.25,650.5,71.77,71.99,574.75,606.5,2.0475,1.8307,77.768,64.14,79.97,2.5569,416.541,396.33,658.301,2.2244,67.04,68.44,68.49
2021-08-16,575.25,70.07,2.0282,2.1414,2.1637,2.1492,708.75,628.0,580.0,68.89,68.93,379.5,68.6,660.0,676.75,644.25,70.49,70.79,563.5,594.0,2.0378,1.8013,76.545,63.13,78.436,2.4641,407.706,387.539,640.686,2.1491,65.9,67.29,67.5
2021-08-17,578.25,70.135,2.0115,2.1009,2.1255,2.1129,698.0,628.5,583.0,68.41,68.45,376.75,67.93,660.0,676.25,642.25,70.76,70.82,566.5,597.0,2.0147,1.7867,76.838,62.45,77.35,2.416,405.778,385.843,633.136,2.1013,65.02,66.59,66.79
2021-08-18,575.0,69.5,1.9854,2.0867,2.0848,2.0848,698.25,620.25,579.25,68.54,68.58,376.75,68.07,659.0,664.25,634.0,70.24,70.23,563.0,592.75,1.9658,1.7695,76.422,61.46,78.331,2.4005,409.04,390.346,632.221,2.081,63.63,65.46,65.72
2021-08-19,547.75,66.465,1.9433,2.0231,2.0235,2.0272,668.25,587.25,552.0,65.34,65.5,374.75,64.87,635.0,660.25,635.0,66.94,66.92,535.5,565.0,1.9258,1.7249,73.706,59.75,74.82,2.3256,396.687,375.927,606.599,2.0124,61.82,63.69,64.1
2021-08-20,550.75,66.42,1.8849,1.9644,1.9433,1.9633,659.0,592.0,554.5,65.35,65.7,359.5,64.89,626.0,639.0,617.25,67.09,67.02,538.5,567.5,1.8566,1.6887,73.951,58.42,74.43,2.3027,397.203,377.934,603.854,1.9561,60.25,62.32,62.73
2021-08-23,574.0,69.085,1.9833,2.0797,2.0331,2.0487,666.0,617.0,577.0,66.04,66.1,369.75,65.59,636.0,656.25,618.75,69.62,69.45,561.5,591.25,1.9197,1.785,76.275,61.85,74.07,2.3648,403.765,386.746,610.26,2.0515,63.51,65.81,66.43
2021-08-24,590.0,70.93,2.048,2.1238,2.0779,2.1068,689.25,631.25,591.25,68.65,68.8,379.5,68.21,642.0,665.5,619.5,71.41,71.21,577.0,607.5,2.0428,1.8417,77.866,63.85,77.188,2.4091,423.698,405.823,632.908,2.074,65.51,67.67,68.26
2021-08-25,594.0,71.465,2.106,2.2363,2.2049,2.2099,702.0,638.75,595.25,69.65,69.8,385.0,69.4,642.25,666.75,625.75,71.96,71.78,581.0,613.25,2.0891,1.8927,78.428,64.86,78.676,2.4633,425.34,406.612,641.372,2.1797,66.86,68.41,69.21
2021-08-26,593.75,70.81,2.0669,2.1717,2.1541,2.1421,716.25,636.5,595.0,70.15,70.19,387.0,69.88,632.75,684.5,628.25,71.36,71.35,581.0,613.0,2.0604,1.8656,78.404,63.76,78.949,2.3958,433.877,413.478,648.693,2.1219,66.09,67.42,67.82
2021-08-27,603.0,71.905,2.0948,2.2173,2.1837,2.1781,722.25,641.75,604.5,70.75,70.79,389.75,70.46,646.25,696.25,644.5,72.39,72.24,590.25,621.25,2.1064,1.9011,79.211,65.15,79.078,2.4195,457.115,426.683,652.81,2.1568,67.53,68.74,69.07
2021-08-30,,,2.1248,2.2426,2.2428,2.2579,,,,71.11,71.15,,70.83,,699.25,647.25,,,,,2.149,1.9343,,65.72,78.855,2.4753,451.898,427.14,655.098,2.1907,68.05,69.21,69.53
2021-08-31,605.75,73.19,2.1238,2.2104,2.2043,2.2178,731.25,646.5,607.0,71.145,71.15,395.25,70.86,648.75,695.25,618.0,73.97,73.19,593.0,624.0,2.1236,1.9244,79.48,64.65,78.805,2.4476,448.366,426.927,653.725,2.1713,67.69,68.5,68.85
2021-09-01,600.25,71.21,2.1184,2.1846,2.1325,2.1296,716.25,629.75,601.5,70.4,70.47,387.75,70.14,659.75,676.75,676.75,71.69,71.75,586.25,616.25,2.111,1.9206,78.722,64.72,78.445,2.4033,446.549,424.782,654.183,2.1404,68.53,68.59,69.01
2021-09-02,622.5,73.71,2.1627,2.2328,2.1844,2.1854,719.0,652.25,622.5,69.71,69.78,395.5,69.43,671.75,683.25,683.25,74.3,74.4,608.25,638.25,2.0915,1.9593,80.875,66.1,78.17,2.4446,439.997,417.215,647.777,2.1978,70.07,69.99,70.34
2021-09-03,619.0,73.25,2.1535,2.2071,2.1975,2.1835,734.5,652.75,618.75,71.3,71.37,398.25,71.02,664.25,689.75,689.75,73.84,73.9,604.25,634.5,2.1105,1.9548,80.508,65.49,80.762,2.4277,453.158,430.035,666.079,2.1634,69.51,69.29,69.61
2021-09-06,613.5,72.39,,,,,727.0,649.0,610.5,69.96,69.99,395.5,69.68,665.5,694.0,697.0,72.97,73.28,597.5,627.75,,,79.847,,79.639,,450.855,426.941,661.503,,,,
2021-09-07,609.0,71.405,2.1224,2.1933,2.154,2.1502,723.75,644.0,607.25,70.31,70.34,396.25,70.03,659.0,701.25,704.25,71.64,72.08,593.5,623.5,2.0674,1.9134,79.432,64.6,79.92,2.4068,464.826,432.629,668.367,2.1469,69.97,68.35,68.74
2021-09-08,610.25,72.145,2.1304,2.1664,2.1575,2.1411,726.5,648.75,610.25,69.75,69.89,397.0,69.47,665.0,691.5,694.5,72.35,72.82,596.5,626.75,2.0903,1.9245,79.75,65.55,78.968,2.426,472.67,440.409,659.445,2.1191,70.73,69.3,69.76
2021-09-09,610.25,72.06,2.1092,2.1409,2.1274,2.1089,726.25,650.5,610.75,70.645,70.79,397.0,70.37,671.0,693.0,696.0,72.54,72.81,596.5,626.75,2.0683,1.9054,79.75,64.44,79.683,2.3501,470.202,439.133,666.994,2.0894,68.32,68.14,68.69
2021-09-10,614.25,71.985,2.1399,2.2097,2.1844,2.1482,726.5,660.5,614.25,70.86,70.91,396.75,70.58,679.5,697.0,697.0,72.32,72.78,600.5,629.5,2.0826,1.9496,80.019,65.96,79.81,2.4016,467.913,441.384,667.223,2.1497,69.92,69.72,70.24
2021-09-13,619.75,72.645,2.1543,2.2014,2.2173,2.1577,734.0,666.0,620.25,71.69,71.74,398.25,71.43,698.0,707.75,700.75,72.98,73.48,605.5,634.75,2.1025,1.9691,80.532,66.64,80.784,2.4076,467.078,441.171,673.399,2.1579,70.62,70.45,70.96
2021-09-14,620.25,72.905,2.1593,2.2166,2.2265,2.157,729.25,668.5,620.75,72.26,72.39,400.75,72.02,711.0,727.75,724.25,73.15,73.65,609.0,635.75,2.0839,1.9805,80.63,66.71,81.729,2.3915,470.489,445.077,675.458,2.1657,70.76,70.46,71.04
2021-09-15,636.25,74.745,2.2028,2.2437,2.2363,2.1871,726.25,689.5,639.0,72.25,72.29,401.5,72.0,743.0,742.75,737.75,75.07,75.61,628.0,654.25,2.0977,2.0195,82.441,68.66,82.031,2.4082,472.848,444.377,679.576,2.1885,72.16,72.61,73.04
2021-09-16,632.5,74.08,2.2094,2.1959,2.1895,2.1546,730.0,683.5,636.0,73.07,73.24,406.25,75.85,745.0,759.25,751.25,74.16,74.77,623.25,649.25,2.1044,2.0336,81.952,68.73,82.776,2.3644,482.998,449.998,690.557,2.1482,71.87,72.61,72.95
2021-09-17,635.0,73.895,2.2066,2.1896,2.1863,2.1425,732.0,685.25,637.0,73.05,73.43,407.5,76.1,755.5,766.75,758.75,74.16,74.58,625.75,651.0,2.0988,2.0219,82.123,68.23,82.51,2.3862,482.637,446.457,691.472,2.1272,70.0,71.97,72.37
2021-09-20,630.75,73.48,2.1557,2.1166,2.1247,2.0812,711.75,679.5,632.25,72.1,72.44,405.75,75.17,753.0,768.25,760.25,73.82,74.19,621.5,649.25,2.0824,1.9769,81.952,66.66,81.348,2.3505,478.344,439.77,685.982,2.0627,69.5,70.29,70.71
2021-09-21,623.5,73.28,2.169,2.1084,2.0978,2.0652,707.0,672.75,625.25,72.86,72.99,402.75,75.91,754.0,780.25,772.25,73.28,73.91,614.5,643.0,2.0956,1.9891,81.34,66.97,82.203,2.398,473.316,444.318,692.387,2.0475,69.4,70.56,70.95
2021-09-22,639.0,73.835,2.2017,2.1241,2.1118,2.0773,712.75,681.25,641.0,73.26,73.34,411.25,76.33,751.5,781.5,773.5,74.43,75.35,631.0,660.75,2.1208,2.0311,83.077,68.77,82.98,2.41,479.672,451.516,694.217,2.0687,70.91,72.33,73.13
2021-09-23,650.25,74.915,2.2368,2.1736,2.1468,2.1217,704.0,691.75,652.75,74.09,74.14,419.5,77.17,755.5,773.25,763.75,75.78,76.405,643.0,672.75,2.1928,2.0734,84.251,69.86,83.784,2.4773,488.528,461.966,697.878,2.1112,71.78,73.45,74.31
2021-09-24,657.5,76.0,2.2589,2.1674,2.1597,2.1263,733.5,699.0,660.0,74.76,74.84,424.25,77.85,757.5,778.25,764.5,76.56,77.46,650.0,680.75,2.2058,2.0915,85.034,70.67,84.59,2.5091,486.087,462.321,704.283,2.1075,71.99,74.13,75.2
2021-09-27,671.0,77.775,2.288,2.1707,2.1667,2.1608,740.75,709.5,674.5,76.15,76.19,432.75,79.22,778.0,785.5,774.5,78.6,79.22,663.75,696.75,2.2199,2.115,86.6,71.95,85.38,2.5285,489.648,464.23,716.179,2.1347,74.05,75.45,75.96
2021-09-28,667.0,77.22,2.28,2.1594,2.1344,2.1231,745.75,702.75,668.75,77.3,77.37,433.25,80.4,810.75,792.5,781.5,78.09,78.61,658.5,690.75,2.1924,2.1055,86.013,71.74,86.18,2.4916,492.133,466.131,719.839,2.1123,73.83,75.29,75.86
2021-09-29,669.5,76.83,2.2993,2.1838,2.1657,2.1333,746.25,707.5,671.0,75.66,75.75,435.0,78.75,816.0,805.5,780.25,77.66,78.61,661.0,693.0,2.2217,2.1193,86.233,71.31,84.5,2.5068,489.53,463.273,707.257,2.1422,73.4,74.83,75.43
2021-09-30,679.25,76.695,2.3356,2.1944,2.2017,2.1794,754.25,708.75,680.25,75.95,76.1,433.25,79.04,810.0,804.0,799.0,77.43,78.5,670.25,701.5,2.2341,2.1372,87.065,71.34,87.086,2.5494,491.307,465.969,712.747,2.1561,73.73,75.03,75.68
2021-10-01,676.0,77.55,2.3802,2.2597,2.2769,2.2058,769.25,709.0,677.25,75.65,75.79,435.5,78.76,837.0,817.75,800.75,78.17,78.92,667.5,699.25,2.2763,2.1775,86.845,71.5,85.9,2.6024,487.062,462.388,705.427,2.2194,74.51,75.88,76.5
2021-10-04,702.25,80.33,2.4315,2.317,2.3584,2.2672,778.25,729.5,702.25,77.145,77.145,453.0,80.26,864.0,850.5,825.0,81.05,81.91,691.75,725.5,2.3054,2.2214,89.414,73.36,87.49,2.6315,490.52,468.398,713.205,2.2777,75.97,77.62,78.28
2021-10-05,723.25,81.725,2.4689,2.3653,2.4025,2.3097,799.75,743.0,723.0,79.54,79.54,467.5,82.62,858.25,862.5,835.5,82.47,83.41,713.75,748.25,2.3553,2.2756,91.64,74.73,90.38,2.644,509.189,489.542,731.964,2.3269,77.25,78.93,79.78
2021-10-06,706.75,80.225,2.4106,2.3141,2.3476,2.2605,789.5,727.0,708.25,80.54,80.54,465.0,83.6,840.5,870.0,827.5,80.82,81.53,697.25,731.75,2.2975,2.2363,90.025,73.26,91.995,2.5878,515.962,497.035,741.115,2.2727,75.88,77.43,78.39
2021-10-07,707.75,81.085,2.4403,2.34,2.359,2.2927,799.5,739.0,708.75,77.39,77.39,464.25,80.46,822.5,820.25,795.25,81.62,82.48,698.25,731.25,2.3323,2.2563,89.976,74.16,88.56,2.6149,503.231,484.834,716.865,2.2988,76.7,78.3,79.33
2021-10-08,719.75,81.955,2.446,2.3821,2.3797,2.3143,814.75,749.75,721.0,81.195,81.25,467.0,84.02,827.0,838.25,813.25,82.34,83.4,710.25,746.25,2.3369,2.2727,91.444,74.87,92.895,2.6469,517.303,499.706,751.867,2.329,77.28,79.35,80.12
2021-10-11,730.5,83.24,2.4718,2.376,2.3695,2.3025,814.5,757.75,731.0,81.995,82.01,474.75,84.31,843.0,845.0,809.0,83.69,84.69,720.5,756.0,2.3809,2.3126,92.399,75.96,94.786,2.6571,523.374,509.011,758.958,2.3307,78.31,80.52,80.89
2021-10-12,724.5,82.645,2.4644,2.382,2.3528,2.2807,806.0,753.5,724.5,82.05,82.09,471.75,84.34,830.5,831.5,795.5,83.15,84.09,713.25,748.0,2.3427,2.2991,91.616,75.91,94.517,2.7005,520.765,506.551,758.501,2.3257,78.29,80.64,80.89
2021-10-13,728.75,82.47,2.4798,2.4067,2.3535,2.3046,818.5,754.25,728.75,81.4,81.44,469.25,83.67,821.0,815.25,785.5,82.97,83.92,717.0,750.0,2.3787,2.308,91.811,75.69,94.064,2.7202,507.326,493.67,753.926,2.3569,77.79,80.44,80.71
2021-10-14,734.25,82.495,2.5112,2.4314,2.3795,2.3318,822.5,757.0,733.5,82.25,82.27,470.5,84.51,846.0,830.0,800.25,82.89,83.92,721.5,754.25,2.4239,2.3405,92.227,76.56,96.35,2.7415,507.985,494.702,764.906,2.3769,78.89,81.31,81.57
2021-10-15,753.5,83.735,2.514,2.4723,2.3887,2.3771,832.75,774.5,754.0,82.995,83.09,472.25,85.35,876.0,845.25,815.5,84.18,85.16,740.25,774.75,2.4322,2.3479,94.234,77.47,97.122,2.7862,514.726,502.406,769.939,2.4152,79.76,82.28,82.49
2021-10-18,744.5,83.305,2.4582,2.4607,2.384,2.3619,818.0,771.25,742.5,83.86,83.9,468.0,87.28,867.0,860.75,831.0,83.79,84.49,731.25,765.0,2.4379,2.3187,93.279,77.3,98.265,2.7863,504.503,492.521,776.345,2.4129,79.77,82.44,82.47
2021-10-19,738.75,83.91,2.4795,2.4583,2.3797,2.3388,814.75,772.0,738.75,82.99,83.04,469.75,86.71,868.0,866.5,836.75,84.34,85.01,728.25,764.5,2.4533,2.3351,93.23,77.83,97.779,2.7072,493.301,481.119,767.423,2.3967,80.32,82.96,82.76
2021-10-20,742.25,84.315,2.5125,2.486,2.4179,2.3697,807.5,773.0,744.5,82.54,82.56,466.25,85.71,856.0,862.75,837.75,84.68,85.56,731.25,767.5,2.4825,2.3592,93.524,78.73,96.76,2.6997,492.651,479.738,762.161,2.4334,81.45,83.87,83.81
2021-10-21,727.5,82.85,2.4401,2.4692,2.3945,2.3349,806.5,760.75,728.5,83.095,83.19,453.5,86.28,830.0,857.75,834.75,83.26,83.87,715.5,751.5,2.4438,2.3174,91.958,77.64,98.97,2.6711,490.017,474.398,769.024,2.4088,80.66,83.25,84.04
2021-10-22,737.25,84.085,2.4444,2.4767,2.3723,2.3452,817.5,773.0,738.25,82.55,82.74,453.5,85.76,832.0,843.25,823.5,84.46,85.08,724.5,760.25,2.4409,2.3061,92.814,78.73,99.07,2.6725,479.141,463.044,772.227,2.4222,81.14,84.61,85.37
2021-10-25,750.25,84.435,2.4698,2.5134,2.3689,2.3667,840.25,789.75,749.5,84.34,84.34,461.0,86.78,828.0,845.25,826.25,84.64,86.13,736.0,774.0,2.4527,2.3316,94.16,78.8,102.73,2.8047,491.486,474.605,787.326,2.4562,80.11,84.26,85.04
2021-10-26,749.0,84.12,2.458,2.4767,2.3716,2.3886,845.25,783.0,749.0,83.91,83.94,457.5,86.36,821.5,836.0,819.5,84.26,85.89,734.75,774.75,2.4515,2.3452,94.234,79.38,103.01,2.8738,485.963,467.587,787.783,2.435,80.99,84.65,84.48
2021-10-27,732.5,83.31,2.397,2.3952,2.339,2.3293,821.25,767.5,732.25,83.44,83.45,445.0,85.87,807.0,833.75,819.0,83.61,84.77,718.75,758.75,2.4089,2.3099,92.668,77.48,101.77,2.8581,477.468,456.993,777.031,2.3584,78.8,82.66,82.45
2021-10-28,719.5,81.95,2.3982,2.3805,2.3223,2.3132,805.25,757.75,717.5,81.88,81.91,440.75,84.31,799.5,825.0,810.25,82.1,83.61,705.75,747.5,2.3999,2.2934,91.567,77.47,99.1,2.8622,467.519,448.603,771.769,2.348,78.97,82.81,82.52
2021-10-29,723.25,82.43,2.3826,2.408,2.3557,2.3605,822.5,764.5,721.0,82.55,82.55,444.25,84.95,811.5,837.25,821.25,82.74,84.16,709.0,751.25,2.3843,2.2946,91.934,77.99,99.049,2.876,476.866,458.12,780.005,2.359,79.71,83.57,83.34
2021-11-01,728.5,83.285,2.4068,2.4345,2.3547,2.3428,845.75,770.25,725.75,81.99,82.18,444.0,84.38,845.0,857.0,835.75,83.72,85.2,714.25,757.0,2.4089,2.3165,92.496,78.35,98.98,2.8973,473.454,455.104,777.717,2.3934,80.04,84.05,83.77
2021-11-02,726.25,83.18,2.4116,2.4811,2.405,2.3662,844.0,768.5,722.0,83.29,83.49,440.5,85.58,840.0,862.75,840.75,83.67,85.18,712.5,754.75,2.3973,2.324,92.276,78.32,100.61,2.8589,475.884,458.115,791.901,2.434,79.81,83.91,83.77
2021-11-03,709.0,80.68,2.3483,2.3328,2.2912,2.2671,822.5,748.25,705.0,81.9,82.1,428.25,84.22,832.25,854.25,833.75,81.21,82.79,695.0,736.75,2.322,2.2459,90.515,75.43,98.09,2.7489,466.925,449.109,783.208,2.3088,76.89,80.86,80.82
2021-11-04,713.5,80.42,2.3054,2.2816,2.2265,2.1917,820.75,745.25,709.0,,,425.0,,826.0,,,80.95,82.47,699.25,741.0,2.3161,2.2267,90.931,73.64,,2.6177,,,731.6,2.2521,74.98,78.81,78.94
2021-11-05,725.0,81.325,2.3476,2.3095,2.2405,2.2074,815.25,749.25,720.25,79.45,79.75,428.5,81.79,830.25,844.5,827.0,81.77,83.29,709.75,748.5,2.3549,2.2736,91.665,75.99,94.17,2.6771,456.827,436.851,726.28,2.2753,77.37,81.27,81.36
2021-11-08,731.25,82.28,2.3564,2.303,2.2344,2.1957,822.25,757.75,726.0,81.91,82.3,430.5,84.25,840.5,860.75,840.5,82.77,84.31,716.0,753.5,2.3804,2.2855,92.154,76.71,96.38,2.713,471.891,454.48,774.057,2.2641,78.56,81.93,82.16
2021-11-09,738.75,83.075,2.382,2.3567,2.2809,2.23,827.75,763.75,732.25,82.205,82.44,432.5,84.55,843.0,884.25,859.0,83.36,84.9,723.25,758.75,2.4042,2.3239,92.668,78.54,96.339,2.8112,468.464,451.436,777.717,2.3098,80.51,84.15,84.19
2021-11-10,740.75,83.36,2.3196,2.2756,2.1909,2.1373,828.0,759.0,728.75,83.945,84.04,429.25,86.27,858.0,892.0,880.0,83.92,85.04,725.75,752.25,2.3694,2.2767,92.032,76.02,96.72,2.7608,471.328,454.332,792.816,2.2262,78.03,81.34,81.45
2021-11-11,716.5,82.305,2.319,2.2907,2.2114,2.1463,818.5,747.25,710.25,81.795,82.21,422.75,84.14,836.0,872.5,860.25,82.62,83.7,697.75,735.25,2.3601,2.2631,90.368,76.24,94.67,2.8048,460.799,444.115,770.854,2.2348,78.35,81.59,81.65
2021-11-12,710.0,82.1,2.2802,2.2835,2.2144,2.1519,818.0,747.75,704.25,81.55,81.74,417.25,83.89,829.0,855.75,843.5,82.5,83.59,694.25,729.75,2.3153,2.2176,89.83,75.5,93.11,2.8427,457.134,442.849,771.541,2.2222,77.58,80.79,80.95
2021-11-15,695.25,80.64,2.2884,2.2918,2.223,2.1766,804.0,737.5,693.5,80.84,80.99,417.5,83.21,754.25,818.0,805.75,80.92,82.14,681.5,717.0,2.3147,2.2144,88.582,75.52,93.36,2.8056,455.415,441.461,764.678,2.2233,77.19,80.88,81.02
2021-11-16,708.25,82.68,2.3239,2.3055,2.226,2.1609,814.25,741.25,707.25,81.95,82.16,421.75,84.52,774.0,800.5,788.25,82.725,83.8,696.25,732.75,2.3396,2.241,90.123,75.57,94.46,2.8325,467.873,454.176,763.763,2.2217,77.07,80.76,80.92
2021-11-17,697.0,82.375,2.2621,2.2375,2.1457,2.1269,796.25,732.75,695.5,80.99,81.26,421.0,83.58,782.5,819.75,807.5,82.415,83.2,682.75,719.75,2.2626,2.176,88.851,73.27,93.61,2.7591,466.739,451.38,758.501,2.1675,74.74,78.36,78.54
2021-11-18,693.25,82.09,2.2845,2.2501,2.1749,2.1566,762.0,721.75,692.25,78.64,78.9,420.25,79.67,742.75,792.75,767.25,82.12,82.6,678.75,717.5,2.3035,2.2076,88.631,74.04,89.86,2.6887,453.637,437.463,735.624,2.1839,75.4,79.01,79.2
2021-11-19,664.75,79.885,2.1974,2.1749,2.0846,2.0719,740.25,699.5,662.5,80.9,81.07,410.75,81.93,729.5,793.0,755.5,79.94,80.405,650.75,687.0,2.2109,2.1175,85.646,71.36,91.559,2.4476,467.273,452.207,753.011,2.1042,72.86,76.1,76.39
2021-11-22,680.5,81.005,2.2287,2.228,2.128,2.1149,729.75,713.25,679.75,78.31,78.66,413.75,79.37,729.5,765.25,741.0,81.1,81.51,665.75,705.0,2.2389,2.1638,87.407,72.11,87.38,2.4836,449.801,432.916,729.676,2.1534,73.59,76.75,77.81
2021-11-23,693.75,82.76,2.287,2.3146,2.1894,2.1785,732.0,723.75,691.75,78.45,78.79,420.25,79.5,753.0,767.5,736.25,82.975,83.145,678.25,721.5,2.3396,2.2156,89.022,74.07,87.67,2.5749,449.546,432.877,729.676,2.2487,75.2,78.45,79.23
2021-11-24,701.0,83.105,2.277,2.2876,2.1915,2.1649,746.5,734.5,700.5,81.84,81.93,428.5,82.87,785.0,804.5,773.25,83.58,83.39,686.75,731.5,2.337,2.203,90.001,74.08,90.62,2.6032,468.488,452.03,752.553,2.2278,74.91,78.39,79.44
2021-11-25,695.25,82.21,,,,,743.75,732.25,695.75,81.4,81.4,425.25,82.43,785.5,802.25,771.0,82.24,82.57,680.75,726.5,,,89.512,,90.36,,464.311,449.724,749.808,,,,
2021-11-26,611.75,73.265,,,,,704.75,655.5,613.0,77.35,77.35,391.5,78.39,734.5,790.75,759.5,73.57,73.69,597.5,635.0,,,80.557,,84.73,,440.035,424.116,717.323,,,,
2021-11-29,631.5,74.935,2.0454,2.0554,1.9462,1.952,677.5,675.75,632.5,75.15,75.19,395.5,76.18,729.5,773.5,742.25,75.25,75.46,617.25,657.25,2.1125,1.972,82.734,65.61,83.21,2.3834,427.944,412.454,708.172,2.012,66.94,69.95,70.62
2021-11-30,605.75,70.925,1.9537,1.9596,1.8572,1.8546,654.75,643.0,606.5,71.85,71.9,376.5,72.87,676.5,728.0,696.75,71.35,71.575,591.5,631.75,2.0663,1.886,80.239,62.15,79.45,2.3026,416.257,400.451,688.956,1.9378,64.55,66.18,66.85
2021-12-01,621.5,71.815,1.9828,1.9638,1.8281,1.8511,658.75,655.75,621.0,71.1,71.1,377.75,72.13,669.5,710.75,674.25,71.815,72.715,609.5,649.5,2.0602,1.9038,81.976,59.25,79.25,2.3122,410.189,392.088,676.145,1.9354,64.46,65.57,66.18
2021-12-02,613.75,70.62,2.0389,1.9771,1.8446,1.8743,652.25,639.25,611.75,69.11,69.17,371.5,70.13,624.5,682.0,646.5,70.705,71.06,602.25,640.5,2.1021,1.9483,81.095,60.1,78.779,2.4526,398.452,379.595,662.419,1.9419,65.48,66.5,67.1
2021-12-03,622.5,71.93,2.04,1.9646,1.8373,1.8615,659.25,647.25,621.0,70.76,70.82,375.5,71.78,648.5,671.0,636.25,72.16,72.265,611.75,649.25,2.0882,1.9602,81.952,60.02,80.52,2.4485,406.293,387.438,671.112,1.9283,65.76,66.26,66.87
2021-12-06,626.0,72.145,2.1135,2.0573,1.9226,1.9535,666.0,652.5,624.75,70.09,70.14,379.25,71.1,618.0,662.5,630.5,72.395,72.515,615.5,653.0,2.1777,2.0324,82.319,63.23,80.16,2.5184,404.881,385.316,665.621,2.016,68.69,69.49,70.07
2021-12-07,655.5,75.79,2.168,2.1143,2.0235,2.0087,703.25,689.0,651.25,73.18,73.19,396.5,74.17,633.0,664.25,633.0,76.08,76.49,641.75,679.0,2.2247,2.0903,84.863,65.69,84.001,2.5329,420.03,401.599,694.446,2.0738,70.88,72.05,72.51
2021-12-08,659.75,75.695,2.1986,2.1437,2.0676,2.0514,718.25,694.25,655.75,73.805,73.89,399.0,75.13,632.0,675.5,644.25,75.745,76.47,646.0,686.25,2.2547,2.122,85.573,66.09,85.807,2.4664,424.147,405.806,702.682,2.1109,71.05,72.36,73.0
2021-12-09,657.25,75.255,2.1813,2.1159,2.0247,2.026,718.5,691.75,655.75,74.445,74.53,401.5,75.75,645.0,693.0,663.0,75.46,75.91,646.5,687.75,2.2195,2.1087,85.719,64.69,86.98,2.488,429.307,413.691,711.832,2.0694,70.36,70.94,71.6
2021-12-10,654.5,74.365,2.1972,2.114,2.018,2.0455,715.5,686.0,652.75,72.69,72.72,402.75,74.0,643.0,720.25,689.5,74.845,75.06,646.75,687.25,2.2463,2.1137,85.67,65.45,86.677,2.4565,419.848,405.259,701.767,2.0747,71.62,71.67,72.46
2021-12-13,657.0,74.275,2.1726,2.0876,1.9899,2.0186,713.5,688.0,656.5,74.095,74.12,398.5,75.4,655.0,738.5,703.25,74.845,75.03,650.5,690.5,2.2201,2.101,85.988,64.92,87.73,2.482,428.732,413.378,714.12,2.0429,71.95,71.29,72.01
2021-12-14,650.25,73.37,2.1477,2.0768,1.9798,1.9948,704.0,681.25,648.75,73.34,73.37,399.5,74.67,645.5,753.0,713.0,73.795,73.99,645.0,682.0,2.249,2.0792,85.157,64.25,86.79,2.5118,427.449,411.626,713.205,2.0322,71.39,70.73,71.29
2021-12-15,642.5,72.88,2.153,2.1032,1.9995,2.0183,695.5,672.75,641.75,71.98,72.01,397.5,73.36,639.0,718.5,680.5,73.155,73.455,639.0,676.75,2.2557,2.0714,84.643,64.45,85.11,2.509,423.574,407.24,701.309,2.0588,70.96,70.87,71.56
2021-12-16,660.5,74.74,2.1882,2.1405,2.0407,2.0544,707.5,694.0,659.75,73.35,73.35,407.75,74.6,649.0,714.5,676.5,74.77,75.49,657.0,695.25,2.278,2.1001,86.453,65.81,85.116,2.5527,430.386,414.988,705.884,2.1002,73.49,72.38,72.99
2021-12-17,649.0,72.995,2.1507,2.0846,1.96,2.01,705.5,682.25,646.75,73.33,73.33,401.75,74.68,634.0,730.75,692.75,73.04,73.97,645.75,683.25,2.2193,2.0566,85.279,64.37,85.989,2.4126,426.92,413.296,706.799,2.0493,72.09,70.86,71.67
2021-12-20,613.5,69.08,2.1041,2.0706,1.9241,1.98,669.75,649.0,612.5,70.095,70.095,385.5,71.59,598.0,725.75,687.75,69.08,70.37,610.5,644.0,2.1899,2.0277,81.438,62.06,83.15,2.3938,408.293,394.228,679.805,2.0297,69.17,68.23,69.43
2021-12-21,645.75,72.72,2.2001,2.1219,1.9849,2.0328,692.5,680.5,646.25,70.54,70.54,398.75,72.05,618.5,707.5,669.5,72.72,74.25,643.25,680.0,2.2827,2.0944,84.961,64.86,84.069,2.3893,412.936,396.856,681.635,2.0935,70.65,71.22,72.65
2021-12-22,655.25,74.13,2.2453,2.1433,2.0027,2.05,711.5,689.75,655.25,72.545,72.545,403.75,74.04,638.5,725.5,687.5,74.13,75.555,652.75,689.75,2.3282,2.1406,85.915,66.46,86.088,2.4068,425.562,409.231,697.649,2.1066,72.03,72.86,74.71
2021-12-23,667.0,75.7,2.2588,2.1843,2.0571,2.0934,727.5,703.75,667.25,73.51,73.51,412.75,75.69,663.5,719.25,681.25,75.7,77.155,664.75,704.5,2.3476,2.1718,87.359,67.64,87.542,2.4401,434.132,418.349,706.799,2.1482,72.87,73.74,75.56
2021-12-24,658.25,75.435,,,,,725.5,694.25,659.5,74.36,74.36,411.75,76.54,659.5,729.0,691.0,75.435,76.94,655.75,694.25,,,86.355,,88.513,,436.567,422.872,711.375,,,,
2021-12-27,,,2.2728,2.219,2.0894,2.1221,,,,,,,,,,,,,,,2.3785,2.1932,,69.01,,2.455,,,687.03,2.1849,73.74,75.57,76.32
2021-12-28,,,2.2852,2.2328,2.1138,2.1433,,,,76.45,76.45,,78.65,,741.5,703.5,,,,,2.391,2.2092,,69.43,89.525,2.4512,450.538,437.521,733.794,2.1905,74.27,75.98,76.78
2021-12-29,677.0,77.475,2.2913,2.251,2.1537,2.1705,749.5,715.25,677.75,76.96,77.0,426.0,79.15,678.5,743.0,705.0,77.51,78.99,675.25,712.0,2.4047,2.208,88.093,69.88,89.74,2.4778,451.74,437.389,732.879,2.2086,75.03,76.56,77.36
2021-12-30,684.5,78.325,2.2969,2.2859,2.1783,2.1924,757.5,724.25,684.75,77.255,77.3,426.25,79.45,690.5,741.5,703.5,78.425,80.1,681.0,719.75,2.4075,2.227,88.851,70.19,90.901,2.5819,453.215,437.904,738.369,2.2423,75.42,76.99,77.75
2021-12-31,674.25,77.07,,,,,753.25,714.5,673.0,77.1,77.1,426.5,79.27,684.5,745.25,707.25,77.115,78.85,670.5,708.5,,,87.75,,90.97,,455.307,438.484,742.945,,,,
2022-01-03,,,2.2761,2.2459,2.1457,2.1685,,,,76.85,76.95,,79.0,,745.0,709.0,,,,,2.4477,2.1984,,70.06,91.07,2.5689,452.879,432.208,732.193,2.2123,74.74,76.08,76.93
2022-01-04,690.0,79.005,2.339,2.2599,2.171,2.1943,749.75,722.5,692.25,77.5,77.59,427.25,79.62,691.0,749.5,713.0,79.09,80.8,688.5,729.75,2.4948,2.2623,89.83,71.05,91.387,2.5644,454.736,433.0,731.049,2.2308,75.55,76.99,78.0
2022-01-05,706.5,80.85,2.3616,2.2832,2.1873,2.2069,754.75,726.5,708.75,78.395,78.44,435.75,80.49,697.5,753.25,716.25,81.075,82.54,704.5,749.75,2.5096,2.2988,91.787,72.01,91.35,2.5782,457.113,435.054,723.728,2.2477,76.53,77.85,79.04
2022-01-06,716.5,82.26,2.3999,2.2989,2.2073,2.2348,768.25,734.0,718.5,78.81,78.86,440.75,80.9,693.25,752.5,727.0,82.395,84.07,714.5,759.0,2.5544,2.3253,92.692,73.52,91.63,2.5757,459.004,437.248,719.153,2.2611,77.94,79.46,80.68
2022-01-07,717.25,82.265,2.3834,2.2922,2.2032,2.2448,767.0,731.75,716.5,80.585,80.69,442.0,82.65,693.75,758.25,743.5,82.29,83.775,714.5,767.5,2.5618,2.3451,93.524,73.08,92.889,2.5319,468.45,449.544,735.167,2.2542,77.03,78.9,80.28
2022-01-10,715.0,82.23,2.3796,2.2754,2.1603,2.2227,761.25,725.0,712.0,80.34,80.39,437.75,82.4,694.5,768.5,765.5,82.23,83.235,706.25,768.0,2.5568,2.3424,93.573,72.36,92.93,2.5071,466.281,447.268,737.454,2.2309,76.52,78.23,79.57
2022-01-11,729.75,84.55,2.4545,2.3649,2.2419,2.3018,777.25,741.25,726.5,79.95,79.99,444.25,82.01,711.0,774.25,771.0,84.57,85.51,723.0,782.0,2.6035,2.4159,94.943,75.2,92.18,2.5523,462.643,444.781,734.938,2.3174,79.88,81.22,82.4
2022-01-12,746.0,86.535,2.4849,2.3883,2.2373,2.3278,793.25,753.25,738.25,82.25,82.29,450.75,84.3,730.0,789.75,786.5,86.535,87.26,736.5,803.0,2.6297,2.4507,96.998,76.31,94.578,2.5553,474.198,457.498,751.638,2.3508,80.98,82.64,83.6
2022-01-13,747.5,86.195,2.4922,2.3841,2.2262,2.3119,786.75,754.75,739.75,82.945,82.945,452.5,84.68,718.0,783.0,779.75,86.195,86.915,738.25,803.75,2.5931,2.4649,97.072,75.87,95.9,2.5451,479.594,461.611,757.586,2.3391,80.38,82.12,83.03
2022-01-14,754.75,86.945,2.5073,2.4165,2.2724,2.3489,798.0,760.75,750.25,83.74,83.78,457.75,85.44,712.0,766.5,763.25,86.945,87.66,744.25,828.25,2.5936,2.4978,99.469,77.66,95.92,2.5798,483.617,462.283,763.305,2.372,82.02,83.82,84.97
2022-01-17,770.25,87.73,,,,,804.0,763.25,760.5,84.9,84.94,462.75,86.59,720.0,763.25,758.0,87.73,88.415,754.25,836.75,,,100.301,,97.199,,492.009,466.846,763.076,,,,
2022-01-18,773.0,88.495,2.5287,2.4368,2.2677,2.3598,806.25,766.75,764.0,86.55,86.55,468.5,88.93,711.0,756.5,748.5,88.495,89.17,760.75,836.0,2.5942,2.5188,100.228,79.37,98.696,2.5344,506.376,480.027,769.939,2.3843,83.7,85.43,86.75
2022-01-19,781.5,90.515,2.5266,2.4495,2.2735,2.3583,817.5,781.25,774.0,86.34,86.47,472.25,88.82,689.25,757.75,750.75,90.515,91.185,770.0,842.0,2.5768,2.5408,100.815,80.5,97.763,2.5346,508.686,485.217,770.854,2.412,85.07,86.96,88.07
2022-01-20,777.25,90.9,2.5123,2.4522,2.2714,2.3625,825.25,787.0,772.0,86.295,86.39,485.75,88.78,694.25,758.75,751.75,90.9,91.565,767.25,828.75,2.5191,2.5131,99.518,80.31,97.996,2.4957,513.503,491.104,772.227,2.4212,84.74,86.9,87.92
2022-01-21,772.0,89.705,2.5388,2.4324,2.3,2.3527,812.0,780.0,765.25,85.1,85.23,485.0,87.61,693.25,765.75,760.5,89.705,90.365,763.0,822.75,2.54,2.5158,98.931,80.07,97.56,2.4864,507.572,486.827,765.821,2.3934,83.07,86.33,87.55
2022-01-24,759.75,87.51,2.4801,2.3925,2.2692,2.3324,794.0,756.5,746.5,86.74,86.94,475.75,89.24,672.0,769.75,764.5,87.51,88.16,743.25,804.0,2.537,2.4228,97.096,78.15,98.947,2.4478,513.004,492.631,776.802,2.351,80.96,84.16,85.51
2022-01-25,764.75,89.465,2.5246,2.457,2.3316,2.3824,808.25,775.0,758.0,84.85,85.24,483.0,87.37,679.0,763.75,766.25,89.465,90.115,754.75,811.75,2.5553,2.4596,97.855,80.6,98.011,2.4134,504.822,484.441,765.135,2.4125,83.23,86.55,88.45
2022-01-26,787.0,92.025,2.6014,2.5179,2.3911,2.4416,837.5,795.0,787.75,86.74,87.29,500.25,89.24,694.0,771.25,773.75,92.025,92.715,775.75,833.75,2.6147,2.569,100.008,81.45,99.995,2.5096,512.802,498.681,783.894,,85.22,87.35,88.7
2022-01-27,789.0,91.285,2.6248,2.51,2.3988,2.4519,833.0,791.5,788.75,87.77,89.08,496.25,90.27,696.0,781.0,783.75,91.285,91.985,781.0,843.25,2.6535,2.6055,100.937,80.76,100.84,2.4859,518.687,503.531,792.816,2.46,84.51,86.61,87.83
2022-01-28,803.5,92.87,2.614,2.5279,2.4106,2.4601,831.5,799.25,796.75,87.56,87.56,494.25,90.05,717.0,789.5,789.25,92.87,93.57,789.5,853.25,2.5944,2.6054,101.916,80.97,102.15,2.5006,515.201,497.914,794.646,2.48,84.73,86.82,87.96
2022-01-31,797.0,92.485,2.616,2.5433,2.4275,2.4782,843.75,793.5,789.25,88.37,88.45,503.5,90.88,724.0,790.5,789.0,92.485,93.545,783.25,847.5,2.6038,2.5402,101.353,82.36,102.6,2.5084,516.659,499.208,806.313,2.5,86.06,88.15,89.39
2022-02-01,803.5,93.255,2.6401,2.5642,2.436,2.5117,845.25,798.25,796.0,88.06,88.3,493.75,,731.0,795.0,794.0,93.255,94.3,788.75,839.0,2.6061,2.5762,100.521,81.86,,2.6156,,,744.235,2.5242,85.57,88.2,89.3
2022-02-02,806.0,92.035,2.6587,2.622,2.4632,2.5316,846.75,798.0,797.5,87.755,88.14,486.5,,724.0,799.75,799.0,92.035,93.11,797.25,843.25,2.6219,2.6164,100.937,81.91,,2.678,,,746.435,2.552,85.31,88.26,89.29
2022-02-03,819.75,93.385,2.7209,2.6412,2.4961,2.5441,854.0,827.75,813.75,87.445,87.99,492.75,89.93,712.0,804.25,804.0,93.385,94.59,787.0,857.75,2.6734,2.702,102.356,83.99,103.39,2.6786,516.326,497.465,810.66,2.5877,87.32,90.27,91.48
2022-02-04,850.0,97.625,2.7498,2.681,2.5252,2.5673,890.25,856.75,846.5,90.25,90.8,512.75,92.72,725.0,798.5,798.25,97.625,99.08,841.5,886.5,2.6723,2.7476,105.17,85.92,105.46,2.7098,527.546,506.411,827.589,2.6235,89.02,92.31,93.37
2022-02-07,849.25,98.225,2.7359,2.6878,2.5126,2.5427,893.75,855.5,844.5,90.95,91.38,503.75,93.43,719.0,806.0,805.75,98.225,99.275,840.5,884.75,2.6405,2.7354,104.999,85.15,105.6,2.6592,528.305,508.706,839.485,2.6308,88.08,91.32,92.53
2022-02-08,824.0,95.455,2.6829,2.6226,2.4475,2.4429,883.75,825.75,816.5,90.405,90.86,485.5,92.86,698.0,796.75,796.75,95.58,96.16,805.25,858.5,2.557,2.6651,102.43,83.19,105.9,2.6601,522.626,502.932,821.641,2.5676,86.31,89.36,90.47
2022-02-09,818.5,96.78,2.7081,2.6534,2.4642,2.4673,892.5,846.0,814.0,89.36,89.94,505.75,91.82,716.0,794.0,793.75,96.94,97.45,803.25,850.0,2.5905,2.6924,101.598,83.66,105.25,2.6727,508.339,493.022,818.209,2.5949,86.77,89.66,90.72
2022-02-10,832.75,97.38,2.7004,2.6564,2.4445,2.4858,904.75,859.75,830.25,90.555,91.04,510.75,93.0,728.0,807.0,806.75,97.53,98.07,810.75,866.5,2.6246,2.6922,103.213,83.77,107.79,2.7114,514.22,499.097,832.85,2.5979,87.59,89.88,90.97
2022-02-11,838.5,97.945,2.7911,2.7221,2.501,2.581,914.5,862.5,835.25,90.205,90.44,512.5,92.64,725.5,800.75,800.5,98.045,98.615,823.75,872.5,2.7314,2.7669,103.8,86.94,107.46,2.8533,511.965,497.695,760.98,2.6636,90.62,93.1,94.1
2022-02-14,849.5,99.525,2.8151,2.7794,2.5215,2.5903,924.5,874.5,846.75,92.75,92.99,514.25,95.16,736.0,812.0,811.75,99.725,100.255,835.5,885.0,2.6999,2.7818,105.023,89.24,110.334,2.8887,533.703,519.253,855.498,2.7044,93.5,95.46,96.57
2022-02-15,826.75,97.675,2.7336,2.6616,2.4162,2.5006,893.25,850.75,827.75,93.04,93.34,509.25,95.45,716.25,802.0,801.75,97.86,98.365,818.25,864.5,2.5958,2.667,103.017,85.85,110.39,2.7929,535.928,520.994,856.413,2.5841,90.13,92.07,93.1
2022-02-16,847.5,100.915,2.7093,2.6646,2.3796,2.4805,898.0,873.0,848.0,92.56,93.05,514.5,95.55,741.5,799.5,814.0,101.125,101.63,837.0,882.75,2.4378,2.6525,104.803,87.3,109.24,2.8215,526.579,512.377,842.916,2.5946,91.54,93.66,94.46
2022-02-17,821.0,97.115,2.6715,2.6436,2.2433,2.4652,883.5,840.5,821.5,91.87,92.49,494.0,95.21,738.5,806.75,817.0,97.525,98.02,810.25,855.5,2.4521,2.5862,102.136,85.42,107.76,2.7837,522.546,509.515,838.57,2.5721,89.92,91.76,92.56
2022-02-18,823.25,97.34,2.6849,2.6596,2.4005,2.503,883.5,850.25,825.5,90.3,90.44,498.0,93.37,746.0,815.0,826.25,97.465,98.03,811.75,856.0,2.506,2.6015,102.185,85.26,105.78,2.7996,513.011,499.479,824.386,2.5946,89.37,91.07,91.96
2022-02-21,835.0,99.19,,,,,897.5,864.5,834.5,91.69,92.19,517.5,94.77,759.5,820.0,831.25,99.225,100.025,823.5,866.25,,,103.188,,107.33,,518.03,504.846,770.065,,,,
2022-02-22,847.5,100.34,2.7281,2.6808,2.4967,2.5677,920.0,875.75,846.0,95.95,96.51,516.75,99.04,780.0,846.0,857.25,100.36,101.185,834.75,878.5,2.6307,2.6488,104.387,87.57,111.721,2.9191,550.866,536.23,879.977,2.6358,90.52,92.35,93.81
2022-02-23,843.75,100.47,2.7532,2.6885,2.5457,2.62,897.0,874.25,842.5,93.605,93.63,521.0,96.72,788.0,854.75,866.0,100.48,101.33,831.0,874.0,2.6938,2.6492,103.947,87.91,109.53,2.9466,531.902,517.545,861.675,2.6335,91.32,92.65,94.44
2022-02-24,906.25,106.5,2.8012,2.7265,2.5932,2.6634,948.25,923.75,906.0,98.6,98.6,540.0,100.64,837.25,895.5,906.75,106.5,107.33,882.5,941.5,2.6874,2.6872,110.553,89.21,114.262,2.9818,562.968,548.454,909.03,2.6625,92.19,93.45,95.12
2022-02-25,851.5,99.485,2.7636,2.6466,2.5904,2.597,903.25,870.75,850.5,95.81,95.81,495.25,97.87,807.0,890.25,901.5,99.6,100.18,836.75,884.75,2.6767,2.6433,104.999,87.48,113.17,2.9928,541.701,523.725,784.12,2.5701,89.27,92.17,93.42
2022-02-28,894.25,103.335,2.9006,2.785,2.6154,2.6076,931.25,908.75,894.0,96.795,96.795,517.25,98.48,838.5,898.5,923.5,103.445,104.035,879.75,923.0,2.7741,2.7688,108.742,91.05,113.46,3.0436,547.275,530.119,910.403,2.72,94.47,95.72,96.95
2022-03-01,968.5,112.895,3.071,2.9362,2.8141,2.7747,968.75,989.25,974.5,98.65,98.65,571.75,93.9,896.75,908.25,933.25,113.0,113.605,961.75,1003.25,2.9635,2.9886,116.596,97.58,114.46,3.1706,557.471,539.328,932.593,2.8512,103.28,103.41,104.82
2022-03-02,1048.25,117.26,3.3688,3.1683,2.9429,2.9906,1007.75,1023.25,1054.0,110.0,110.81,541.75,100.45,934.0,958.5,983.5,117.365,117.975,1042.5,1057.75,3.2946,3.3247,121.929,105.05,123.1,3.4006,577.31,560.809,1046.977,3.0783,110.06,110.6,111.95
2022-03-03,1099.25,119.795,3.3808,3.1669,2.8862,2.9214,1061.5,1043.0,1106.75,116.59,116.73,557.25,100.49,951.25,969.75,994.75,119.97,120.54,1092.5,1104.0,3.2135,3.3084,126.456,102.3,131.01,3.432,625.77,611.221,1098.678,3.1044,106.02,107.67,109.13
2022-03-04,1192.75,119.97,3.6207,3.434,3.2738,3.1449,1090.75,1061.25,1217.75,108.8,108.87,598.75,98.36,961.25,955.25,980.25,120.175,120.72,1156.5,1203.75,3.3699,3.5313,136.217,110.22,124.33,3.6577,611.228,595.275,1017.237,3.3765,112.5,115.68,117.16
2022-03-07,1297.75,130.005,3.7949,3.4096,3.2678,3.1416,1193.75,1134.75,1313.5,125.1,125.17,641.5,109.37,979.75,1035.0,1060.0,130.005,130.835,1265.0,1271.25,3.5596,3.584,142.823,114.51,142.41,3.7603,692.203,677.855,1133.68,3.3596,115.68,119.4,121.02
2022-03-08,1518.75,137.665,4.2622,3.5176,3.3119,3.1461,1250.25,1147.0,1534.5,122.94,122.94,683.75,109.28,995.25,1014.25,1037.0,137.795,139.02,1478.5,1477.75,3.9432,4.2073,163.032,119.21,140.957,3.8999,695.011,676.819,1109.659,3.4726,120.79,123.7,125.71
2022-03-09,1558.5,129.555,3.3636,3.1513,3.0012,2.9013,1172.75,1056.5,1562.0,127.81,127.81,644.5,113.52,935.25,1001.25,1024.0,129.745,130.275,1520.5,1514.0,3.0965,3.2543,166.58,103.65,149.24,3.5619,733.242,711.538,1139.17,3.1438,106.9,108.7,110.73
2022-03-10,1006.25,121.285,3.2371,3.0817,2.9164,2.7481,1077.25,996.5,1041.25,115.3,115.3,611.0,100.88,885.75,955.5,978.25,121.64,121.815,979.25,1051.5,2.8777,3.1187,121.318,101.03,134.07,3.4427,672.406,649.92,1045.604,3.1167,104.52,106.02,107.78
2022-03-11,1042.25,118.885,3.3965,3.2346,3.1633,2.9182,1062.25,989.75,1056.75,110.505,110.56,593.25,91.17,835.25,940.25,963.0,119.725,119.54,987.5,1062.25,3.1819,3.2476,122.37,104.28,125.87,3.6213,677.425,648.961,1005.341,3.2746,107.5,109.33,110.99
2022-03-14,985.0,111.455,3.2757,3.1039,3.0228,2.8169,1051.5,930.5,1000.0,109.845,109.91,567.0,90.79,800.5,902.5,925.25,112.53,112.125,935.25,1019.5,3.0455,3.1063,118.186,98.19,125.71,3.6706,643.059,615.167,1000.537,3.1389,100.64,103.01,104.83
2022-03-15,930.0,107.885,3.027,2.9331,2.8946,2.7215,977.75,883.5,945.25,99.7,100.0,553.75,80.63,779.5,858.25,881.0,108.565,108.39,876.25,961.75,2.8777,2.8597,112.534,91.33,116.23,3.7786,593.696,566.218,897.592,2.9681,93.68,96.44,98.06
2022-03-16,955.25,106.075,3.1118,2.925,2.9033,2.7383,953.0,882.5,978.25,102.45,102.54,546.5,83.36,754.0,882.25,905.0,106.69,106.58,935.0,971.0,3.0066,2.9051,113.44,89.61,120.13,3.6868,607.728,584.0,913.148,2.95,91.97,95.04,96.49
2022-03-17,1093.25,113.565,3.4548,3.1491,3.1316,2.9773,1012.0,932.25,1114.25,100.8,100.94,588.25,81.72,778.0,876.25,899.0,114.065,114.075,1070.75,1107.0,3.4448,3.2424,126.749,97.89,119.79,3.8816,597.674,572.979,896.677,3.1641,99.47,102.98,104.5
2022-03-18,1115.0,113.525,3.5397,3.1713,3.1357,3.0125,1015.75,933.5,1129.25,106.605,106.65,556.5,87.33,821.0,898.5,921.25,113.93,114.02,1082.5,1124.25,3.5663,3.4006,128.437,99.44,125.34,3.7662,613.845,586.677,930.534,3.2038,101.43,104.7,106.19
2022-03-21,1212.0,120.43,3.679,3.3066,3.2667,3.1301,1088.0,986.0,1221.25,109.75,110.36,624.0,90.5,843.0,917.25,940.0,120.765,120.91,1169.25,1227.0,3.8659,3.5634,138.493,106.9,129.37,3.6002,639.27,611.182,947.92,3.3266,108.63,112.12,113.56
2022-03-22,1234.5,120.325,3.7331,3.2607,3.217,3.06,1067.5,976.5,1237.25,111.15,111.23,620.25,88.52,863.0,922.75,945.5,120.63,120.795,1181.75,1234.75,3.8679,3.6142,139.251,106.42,129.37,3.5713,652.533,626.064,946.777,3.2682,107.48,111.76,112.8
2022-03-23,1308.0,126.615,4.0006,3.3737,3.3623,3.1792,1085.0,1004.0,1310.5,111.75,112.29,648.75,89.62,889.5,933.5,956.25,126.92,127.085,1251.0,1308.5,4.1822,3.9748,146.469,111.44,129.66,3.7146,674.436,647.88,969.882,3.3862,110.97,116.67,117.32
2022-03-24,1310.5,123.865,3.9811,3.3147,3.2586,3.0905,1106.25,970.25,1316.75,115.55,115.7,644.25,93.2,889.5,966.0,988.75,124.265,124.34,1254.75,1307.25,4.1692,4.053,146.347,109.42,132.61,3.6706,709.011,680.573,983.608,3.3247,108.07,114.63,115.36
2022-03-25,1276.0,124.2,3.9759,3.3613,3.284,3.1309,1118.5,1012.25,1282.75,111.9,112.29,659.0,89.36,895.0,953.75,967.5,124.58,124.68,1222.5,1275.5,4.1091,3.9762,143.239,110.38,126.26,3.7292,681.794,652.566,938.77,3.3688,110.14,115.42,115.8
2022-03-28,1195.75,117.015,3.666,3.1087,3.0318,2.8973,1059.75,957.5,1204.25,110.65,111.04,624.25,89.21,863.0,952.0,967.0,117.115,117.725,1134.75,1200.0,3.899,3.6782,135.851,101.7,126.55,3.5205,695.578,662.394,843.735,3.1337,102.45,105.96,107.14
2022-03-29,1129.0,112.035,3.68,3.1067,2.9883,2.8367,1102.5,962.75,1142.0,108.59,108.98,624.25,86.83,855.0,946.75,956.25,112.035,113.33,1073.5,1130.0,3.928,3.6217,129.0,99.73,123.84,3.3514,682.853,645.453,939.227,3.1117,100.99,104.24,105.37
2022-03-30,1135.25,115.43,3.7159,3.2114,3.0792,2.9412,1115.25,985.5,1137.5,108.35,108.74,624.0,86.49,852.0,946.5,960.5,115.43,116.97,1093.0,1156.75,3.9219,3.6895,131.618,103.16,124.06,3.3816,674.342,644.486,928.704,3.2239,104.7,107.82,108.87
2022-03-31,1102.75,110.29,3.5648,3.0909,2.9062,2.8229,1083.25,955.25,1094.5,107.66,108.05,624.0,85.47,833.0,938.5,950.75,110.29,113.29,1052.25,1125.5,3.8326,3.5934,128.56,96.3,122.01,3.2638,668.762,640.442,898.049,3.0859,97.0,100.28,101.28
2022-04-01,1122.25,107.015,3.6118,3.106,2.9085,2.891,1059.0,924.0,1115.0,101.6,101.6,625.5,79.6,813.0,895.75,910.25,107.315,110.575,1065.5,1160.5,3.9169,3.6565,131.985,95.7,117.96,3.3935,683.12,648.736,866.022,3.0925,96.14,99.27,100.38
2022-04-04,1145.5,108.435,3.6911,3.1406,2.9531,2.9306,1051.25,943.75,1161.75,101.79,102.03,625.5,80.72,816.25,897.25,910.25,108.485,111.495,1115.0,1221.25,3.9384,3.7886,137.93,99.35,120.61,3.4281,696.101,659.351,874.029,3.1346,99.89,103.28,104.25
2022-04-05,1084.5,107.185,3.5957,3.1024,2.9199,2.8849,1049.75,919.75,1099.75,105.295,105.295,625.5,83.45,793.75,889.0,901.75,107.295,110.01,1053.0,1171.25,3.74,3.6682,133.037,98.09,123.87,3.3949,703.666,666.282,891.186,3.0949,98.34,101.96,102.83
2022-04-06,1062.75,104.34,3.4602,2.9812,2.8012,2.7737,1032.5,899.75,1071.5,103.75,103.75,625.25,82.59,779.25,880.0,892.25,104.36,107.36,1028.25,1180.75,3.5952,3.3852,133.967,92.42,122.9,3.2762,706.642,667.532,889.814,2.9662,92.94,96.23,97.03
2022-04-07,996.0,98.845,3.3878,2.9673,2.7948,2.7998,1012.75,870.75,1001.75,97.4,97.4,625.25,76.44,735.0,840.75,853.0,98.845,102.165,958.0,1108.25,3.2303,3.3053,126.871,92.01,118.4,3.2698,678.048,634.647,850.511,2.9523,92.99,96.03,96.76
2022-04-08,1026.5,99.965,3.4576,3.0566,2.9341,2.9066,1013.75,896.75,1066.0,98.11,98.11,625.25,77.29,749.0,847.25,859.5,99.965,103.33,1002.5,1149.5,4.1676,3.3776,130.908,94.22,118.81,3.3616,694.569,641.09,866.937,3.0416,95.3,98.26,99.0
2022-04-11,1053.0,98.43,3.4302,2.9306,2.8331,2.7831,989.0,884.75,1091.5,97.6,97.6,625.25,76.69,748.0,834.0,843.75,98.45,101.055,1029.0,1112.0,4.1177,3.2677,127.238,90.13,117.75,3.1531,685.753,632.754,872.198,2.9156,91.68,94.29,94.98
2022-04-12,1045.25,104.915,3.6269,3.0713,3.0,3.0,998.75,921.25,1087.75,98.1,98.1,625.25,76.68,786.0,855.0,864.75,104.925,107.835,1013.5,1151.0,4.3144,3.4494,131.055,96.54,116.34,3.0,697.114,635.332,866.708,3.0726,98.14,100.6,101.64
2022-04-13,1066.0,106.495,3.8284,3.1988,3.0,3.0,1036.75,932.5,1106.5,102.41,102.41,625.0,80.44,791.0,877.25,887.0,106.495,109.66,1039.25,1180.75,4.5684,3.6834,133.967,100.37,121.24,3.0,710.265,659.593,898.507,3.22,102.51,104.25,105.24
2022-04-14,1131.5,106.89,3.9373,3.3064,3.2064,3.1464,1058.0,934.5,1169.5,105.85,105.85,625.0,83.93,793.25,900.75,910.5,106.89,110.355,1087.25,1240.75,4.0048,3.7948,139.839,103.07,126.64,3.4664,716.603,667.442,915.893,3.2934,105.2,106.95,107.8
2022-04-15,,,,,,,,,,106.97,106.97,,,,902.0,911.5,,,,,,,,,,,,,812.935,,,,
2022-04-18,,,3.9358,3.2971,3.1781,3.1531,,,,108.09,108.09,,85.86,,903.0,912.75,,,,,3.9108,3.8908,,104.31,129.56,3.4631,716.663,672.395,929.619,3.2931,106.4,108.21,108.92
2022-04-19,1118.5,105.765,3.8319,3.1714,3.0474,3.0274,1082.0,913.25,1154.5,108.65,108.65,624.75,86.88,770.25,899.0,908.75,105.765,109.34,1083.0,1215.25,3.9699,3.8944,137.343,98.58,128.99,3.3949,721.98,676.906,914.063,3.1624,101.26,102.56,103.23
2022-04-20,1146.25,105.53,3.9106,3.2013,3.0873,3.0648,1061.25,916.75,1179.25,105.505,105.54,624.75,83.43,762.0,866.0,875.75,105.53,109.505,1108.75,1239.5,4.0811,3.9681,139.716,98.57,126.19,3.4323,758.602,700.327,885.696,3.2023,102.09,102.75,103.42
2022-04-21,1128.5,106.325,3.8383,3.2526,3.2111,3.1361,1070.0,926.5,1160.0,106.11,106.11,624.75,84.21,774.0,880.25,890.0,106.325,110.5,1089.5,1213.75,3.7317,3.7908,137.196,100.25,128.21,3.4975,705.761,667.479,885.238,3.2561,104.56,104.51,105.13
2022-04-22,1135.75,105.505,3.9111,3.2365,3.255,3.13,1078.0,906.75,1152.5,105.05,105.05,624.5,83.11,758.0,883.25,893.0,105.505,109.545,1095.5,1219.25,3.7483,3.7233,137.734,98.71,128.18,3.5048,685.012,656.659,871.283,3.2225,103.04,103.04,103.46
2022-04-25,1081.75,97.69,3.9709,3.1521,3.1181,3.0473,1034.25,843.5,1098.25,99.69,99.69,550.75,78.01,717.0,849.25,859.0,97.71,101.745,1043.25,1175.25,3.8541,3.7591,133.428,94.92,121.15,3.4394,658.09,621.867,827.36,3.1506,99.61,99.49,100.01
2022-04-26,1141.5,102.195,4.1654,3.241,3.1973,3.1338,1060.0,882.25,1151.25,99.55,99.55,570.25,78.61,752.75,851.75,861.5,102.22,106.46,1110.25,1237.75,4.1173,3.9148,139.545,97.33,123.63,3.5185,668.76,628.173,838.112,3.2585,100.87,101.7,102.57
2022-04-27,1174.5,102.885,4.3718,3.341,3.291,3.2035,1094.5,891.25,1186.0,103.05,103.05,577.5,81.71,758.0,853.5,863.25,102.885,107.23,1148.75,1299.5,4.2391,4.0791,145.588,97.59,127.68,3.6635,707.248,666.078,874.486,3.356,100.39,102.02,102.83
2022-04-28,1198.75,105.705,4.4884,3.3959,3.3434,3.1934,1116.0,913.5,1203.0,102.795,102.795,594.0,81.39,761.25,850.0,859.75,105.735,110.06,1168.0,1350.5,4.0139,4.1184,150.579,100.58,128.06,3.7909,703.112,662.959,862.361,3.4049,103.28,105.36,106.08
2022-04-29,1226.0,108.15,4.5172,3.3574,3.2999,3.1724,1138.0,912.5,1243.5,105.45,105.45,602.5,84.19,766.5,849.25,859.0,108.15,112.135,1208.25,1388.25,4.3172,4.2172,154.274,100.72,130.58,3.7524,718.769,680.444,872.427,3.3599,102.24,104.69,105.39
2022-05-02,,,4.4949,3.4351,3.3176,3.2401,,,,105.185,105.19,,,,843.5,853.25,,,,,4.5049,4.3249,,100.55,,3.7901,,,797.32,3.4214,102.52,105.17,105.97
2022-05-03,1189.0,106.025,4.2302,3.4662,3.3087,3.2312,1126.5,889.0,1201.75,104.925,104.92,584.25,,759.5,837.75,847.5,106.06,109.67,1170.75,1337.0,4.3827,4.1977,149.258,97.92,,3.7812,,,797.32,3.4187,100.16,102.41,103.43
2022-05-04,1187.75,108.81,4.3595,3.6173,3.4598,3.3323,1174.75,893.25,1197.75,104.66,104.66,605.0,82.5,756.75,832.0,841.75,108.96,112.335,1171.0,1358.0,4.497,4.332,151.313,103.21,136.03,3.9323,728.953,689.212,871.055,3.5773,105.62,107.81,108.91
2022-05-05,1178.75,112.16,4.2438,3.6437,3.4662,3.3887,1195.5,898.0,1194.0,106.605,106.63,618.5,84.04,763.0,832.0,841.75,112.165,115.595,1167.25,1359.0,4.1513,4.1888,151.411,103.76,138.53,3.9387,720.463,676.671,867.394,3.5862,106.44,108.26,109.26
2022-05-06,1131.5,114.23,4.0943,3.7565,3.5815,3.479,1216.5,897.75,1156.5,107.795,107.87,623.5,84.76,767.5,835.25,845.0,114.24,117.515,1120.75,1331.25,4.0643,4.1043,148.695,105.33,138.62,3.999,696.732,657.289,879.748,3.7028,107.51,109.77,110.89
2022-05-09,1077.0,106.785,3.9649,3.7244,3.4644,3.2994,1218.25,883.0,1105.25,107.95,107.95,573.75,85.18,748.0,814.75,824.5,106.785,109.99,1062.5,1272.75,3.9949,4.0099,142.97,98.78,138.89,3.9019,678.664,644.522,896.219,3.6019,100.98,103.09,104.29
2022-05-10,1085.0,103.975,3.8822,3.623,3.374,3.204,1191.0,874.5,1141.25,103.1,103.1,560.75,80.31,744.25,808.5,818.25,103.975,107.18,1099.5,1280.5,4.1022,4.0847,143.729,95.46,134.27,3.7615,643.583,606.275,883.866,3.493,97.83,99.76,101.02
2022-05-11,1110.0,107.645,3.9512,3.778,3.523,3.348,1188.75,915.25,1168.5,102.89,102.93,586.0,79.58,752.5,818.5,823.25,107.645,110.84,1124.75,1314.5,4.0962,4.0337,147.056,101.07,131.52,3.9555,633.267,592.253,887.068,3.648,103.42,105.71,106.93
2022-05-12,1032.5,108.81,3.9736,3.8217,3.6292,3.4017,1199.75,913.5,1096.75,102.84,102.94,591.75,79.44,749.5,807.25,812.0,108.81,111.955,1054.25,1235.0,4.0611,3.9211,139.276,101.26,133.19,4.1117,632.368,590.041,883.637,3.7542,102.9,106.13,107.24
2022-05-13,1050.75,111.33,3.9937,3.9453,3.7953,3.5553,1279.0,923.75,1129.5,106.64,106.74,600.75,83.43,751.5,823.0,827.75,111.34,114.43,1087.0,1256.25,3.9912,3.8337,141.355,105.49,140.38,4.2978,649.895,612.996,899.651,3.8678,107.77,110.49,111.68
2022-05-16,1052.25,113.07,3.9825,4.0029,3.7704,3.4904,1314.5,920.25,1109.0,108.72,108.88,615.25,,753.5,819.5,822.75,113.095,116.085,1076.5,1239.0,3.9775,3.76,139.667,108.64,,4.3629,,,809.6,3.9179,111.61,114.2,115.33
2022-05-17,1071.5,116.25,3.7843,3.8467,3.5917,3.4692,1329.5,917.5,1116.75,110.805,111.03,628.75,88.04,758.0,816.0,817.75,116.4,119.2,1073.25,1215.75,3.9493,3.6318,137.392,106.7,146.42,4.2817,660.619,637.232,894.846,3.8292,108.62,112.4,113.34
2022-05-18,1024.5,111.275,3.6381,3.6131,3.3831,3.3206,1293.5,873.5,1075.75,109.75,110.16,601.75,88.03,731.5,799.75,801.5,111.315,114.005,1032.0,1164.5,3.5481,3.4656,132.376,103.71,148.667,4.0206,645.179,624.702,890.042,3.5981,105.04,109.59,110.26
2022-05-19,1018.5,111.435,3.702,3.7392,3.6067,3.4592,1230.5,879.5,1071.5,105.58,105.78,598.75,85.02,739.5,762.5,764.25,111.47,114.21,1030.75,1165.0,3.672,3.5195,132.425,106.55,141.9,4.1317,611.877,589.124,857.329,3.7242,106.79,112.21,113.06
2022-05-20,1040.75,113.87,3.6966,3.7395,3.637,3.5395,1272.5,887.5,1093.75,108.04,108.51,617.5,87.54,745.0,771.25,773.0,113.965,117.265,1053.5,1187.5,3.6191,3.4691,134.627,107.15,149.17,4.057,638.746,614.666,875.63,3.717,107.08,113.23,113.8
2022-05-23,1066.0,115.46,3.6913,3.6952,3.6627,3.5002,1268.5,879.75,1099.25,109.39,109.96,636.75,88.83,744.0,770.25,770.0,115.565,119.025,1060.25,1204.25,3.6488,3.4959,136.266,107.18,141.8,4.0177,654.899,628.423,879.29,3.6777,105.05,113.02,113.38
2022-05-24,1091.25,115.59,3.6793,3.6997,3.6585,3.5135,1253.75,846.0,1127.75,107.89,107.97,629.0,87.89,734.5,759.25,759.0,115.705,119.0,1083.75,1219.75,3.7543,3.5093,137.783,106.68,137.89,4.0447,649.241,620.84,860.074,3.6397,104.73,112.18,112.56
2022-05-25,1115.0,115.585,3.7639,3.7353,3.6028,3.4992,1302.0,849.5,1149.0,109.2,109.25,626.5,89.39,738.5,752.75,752.5,115.72,118.97,1106.0,1221.75,3.8491,3.5816,137.979,107.15,139.42,3.9703,655.953,625.858,850.008,3.6753,105.75,112.61,113.14
2022-05-26,1169.25,118.83,3.868,3.8099,3.6699,3.5699,1337.5,869.75,1197.25,108.91,108.91,641.5,89.3,757.0,751.5,751.25,118.935,122.205,1156.0,1265.25,3.9505,3.6905,142.236,109.64,142.74,4.1674,652.722,618.61,840.857,3.7474,109.17,114.09,114.75
2022-05-27,1176.75,119.44,3.9078,3.9794,3.8719,3.7259,1377.0,869.5,1211.25,112.35,112.35,627.5,91.83,760.0,773.0,772.75,119.455,122.705,1161.75,1297.5,4.0053,3.7178,145.392,111.04,146.48,4.3119,648.618,611.692,854.583,3.8719,109.52,115.07,115.87
2022-05-30,1207.25,122.05,,,,,1427.5,879.25,1236.0,113.79,113.79,621.0,93.04,769.0,773.0,772.75,122.06,125.255,1194.0,1307.0,,,146.322,,150.44,,635.299,583.943,865.107,,,,
2022-05-31,1236.5,124.17,3.9275,3.9312,3.8887,3.7162,1455.0,849.75,1296.5,116.35,116.35,631.75,96.14,759.0,769.25,769.25,124.17,127.325,1243.75,1357.25,4.035,3.715,151.24,111.91,151.37,4.4804,669.696,629.396,874.257,3.8837,108.56,114.67,115.41
2022-06-01,1313.0,122.835,4.1408,4.0541,4.0741,3.8891,1478.5,845.0,1299.75,112.66,112.66,618.75,89.23,745.5,753.25,753.25,122.85,125.985,1266.75,1358.75,4.2083,3.9058,151.387,108.83,147.1,4.4716,654.065,612.703,818.896,4.0716,109.37,115.26,116.17
2022-06-02,,,4.2009,4.2409,4.2034,4.0134,,,,108.94,109.0,,85.04,,739.0,739.75,,,,,4.3034,3.9784,,110.35,145.19,4.5409,623.928,590.263,794.646,4.2259,110.97,116.87,117.83
2022-06-03,,,4.2753,4.3247,4.2497,4.0697,,,,112.1,112.1,,87.47,,748.5,748.5,,,,,4.3753,4.0503,,112.35,148.0,4.6122,647.286,613.635,828.961,4.2947,112.11,118.87,119.76
2022-06-06,1394.25,124.475,4.3426,4.258,4.1105,4.0005,1500.25,855.5,1382.75,115.6,115.6,605.25,89.7,748.5,750.5,751.5,124.475,127.76,1347.5,1425.75,4.4551,4.1251,157.943,111.95,150.9,4.553,632.767,611.114,840.857,4.228,111.69,118.5,119.27
2022-06-07,1380.5,126.045,4.2881,4.2402,4.0227,4.0052,1410.5,846.25,1379.0,115.56,115.59,591.75,89.45,739.5,736.5,737.5,126.045,128.66,1337.25,1405.75,4.2506,4.0806,155.986,112.86,148.66,4.5277,,586.275,826.216,4.1952,112.63,119.41,120.13
2022-06-08,1388.25,128.215,4.2843,4.2944,4.1244,4.0994,1422.25,843.75,1380.0,116.51,116.51,595.75,90.44,740.0,733.0,731.0,128.215,130.665,1336.0,1403.25,4.3093,4.0643,155.742,115.71,147.6,4.7319,617.926,577.678,804.254,4.2519,115.08,122.11,122.92
2022-06-09,1445.25,129.145,4.3537,4.3412,4.2587,4.1687,1445.25,813.25,1437.5,118.76,118.85,592.25,92.41,731.0,736.0,734.0,129.295,131.765,1390.5,1458.75,4.2562,4.1837,161.173,115.11,153.25,4.7862,621.939,578.662,816.15,4.3062,114.4,121.51,122.17
2022-06-10,1376.25,127.405,4.3017,4.2347,4.1847,4.0647,1458.0,800.0,1360.75,118.95,119.1,590.25,92.03,711.5,722.25,720.25,127.435,130.095,1323.0,1429.5,4.2192,4.1692,158.31,114.16,156.22,4.6822,641.731,593.252,787.097,4.2022,112.18,120.67,121.42
2022-06-13,1355.0,127.985,4.2484,4.1328,4.1353,3.9478,1387.25,803.75,1370.5,115.66,115.73,607.5,88.28,703.25,703.5,701.5,128.13,130.56,1306.25,1420.75,4.1359,4.1134,157.454,114.45,148.75,4.5453,652.928,596.312,794.646,4.0678,112.44,120.93,121.68
2022-06-14,1392.5,132.07,4.3415,4.0863,4.1238,3.8938,1381.5,794.0,1400.25,118.605,118.74,630.25,91.07,705.0,694.25,692.25,132.135,134.675,1335.25,1452.75,4.304,4.2415,160.586,112.75,151.89,4.2938,686.367,635.196,784.58,4.0263,110.29,118.93,119.62
2022-06-15,1426.5,128.18,4.492,3.9617,3.8842,3.8292,1317.75,774.75,1444.0,116.3,116.35,591.5,88.65,701.25,682.5,680.5,128.255,130.545,1368.0,1476.0,4.397,4.3895,162.861,109.54,152.01,4.1942,652.529,603.669,769.024,3.9142,107.35,115.31,116.24
2022-06-16,1401.75,124.275,4.5269,4.0129,3.9429,3.8829,1322.75,771.25,1415.5,114.94,115.04,573.75,87.28,709.5,705.5,703.5,124.39,126.725,1342.25,1438.0,4.4719,4.3994,159.142,111.47,150.37,4.2554,638.907,593.356,775.887,3.9654,109.99,117.59,118.36
2022-06-17,1394.75,120.795,4.2998,3.863,3.9055,3.738,1309.0,777.75,1402.75,116.3,116.33,554.75,88.82,703.0,733.75,732.75,120.81,123.21,1333.75,1422.0,4.2398,4.1823,157.576,103.84,152.05,4.003,649.456,604.971,813.634,3.798,102.8,109.56,110.27
2022-06-20,1413.5,119.755,,,,,1269.5,792.0,1421.5,108.4,108.51,554.75,81.35,716.0,718.5,717.75,119.835,122.05,1356.5,1443.5,,,159.681,,144.29,,601.663,562.016,789.842,,,,
2022-06-21,1415.0,120.55,4.3034,3.862,3.917,3.722,1330.75,776.5,1423.75,111.75,111.75,583.5,84.47,714.0,724.0,726.0,120.625,122.87,1360.25,1444.25,4.2584,4.1559,159.754,105.25,153.79,4.0045,615.299,578.565,784.58,3.782,102.62,110.65,111.75
2022-06-22,1379.5,116.59,4.3546,3.8941,3.8216,3.7466,1275.0,762.25,1387.25,106.6,106.6,543.75,79.31,702.25,704.25,706.25,116.67,118.945,1324.5,1405.5,4.1008,4.1621,155.962,102.72,148.09,4.0441,584.405,549.854,751.867,3.8341,100.75,107.73,109.49
2022-06-23,1387.75,117.34,4.3079,3.796,3.7156,3.6856,1304.75,791.75,1394.0,106.45,106.45,564.0,79.63,712.75,709.25,708.0,117.415,119.725,1333.0,1401.25,4.067,4.1079,155.546,101.17,146.12,3.796,598.66,558.21,772.227,3.736,98.79,106.07,107.95
2022-06-24,1402.5,119.965,4.3454,3.8892,3.8448,3.8348,1318.5,797.75,1401.5,106.5,106.5,569.25,80.62,714.5,720.25,718.5,120.05,122.41,1346.0,1407.25,4.0948,4.1148,156.133,104.94,147.32,4.0217,600.968,559.456,794.646,3.8317,101.88,109.58,111.97
2022-06-27,1363.5,120.655,4.2192,3.8749,3.7699,3.8097,1354.5,782.5,1358.75,109.96,109.96,569.5,83.05,718.5,722.0,723.25,120.75,123.165,1313.0,1356.0,3.9692,3.9892,151.117,104.78,148.66,3.9799,610.458,570.956,806.085,3.7549,103.65,109.57,110.52
2022-06-28,1316.75,122.875,4.2054,3.9942,3.8742,3.9076,1338.25,792.0,1307.25,113.16,113.16,571.25,86.39,732.5,730.75,731.75,122.97,125.405,1270.25,1306.0,3.9647,3.9522,146.224,107.17,148.87,4.1542,613.821,578.755,816.15,3.8642,105.64,111.76,112.7
2022-06-29,1308.25,124.61,4.0738,3.8708,3.7533,3.7913,1333.25,790.0,1303.25,114.19,114.19,570.25,87.34,722.5,727.5,727.0,124.71,127.06,1268.75,1293.5,3.8063,3.8038,145.001,105.4,148.42,4.1333,620.55,584.279,811.117,3.7733,103.63,109.78,110.9
2022-06-30,1251.25,120.475,4.0105,3.6763,3.6163,3.6113,1264.25,790.0,1240.0,113.35,113.35,542.5,86.32,712.75,724.75,724.75,120.575,122.945,1211.75,1236.25,3.6905,3.6605,139.398,102.35,143.34,4.0598,593.56,567.667,815.464,3.5763,100.35,105.76,107.03
2022-07-01,1315.75,121.52,4.0989,3.8353,3.7628,3.7778,1230.75,789.0,1307.75,106.31,106.4,536.25,83.1,712.25,726.5,726.5,121.62,124.015,1271.0,1282.75,3.7989,3.7689,143.949,101.11,137.525,4.0978,567.477,538.288,817.523,3.7103,104.5,108.43,109.76
2022-07-04,1311.75,124.85,,,,,1266.25,842.0,1316.0,108.4,108.44,522.75,80.66,721.5,728.25,728.25,124.95,127.375,1282.25,1281.5,,,143.827,,140.3,,551.592,516.976,823.013,,,,
2022-07-05,1224.75,113.44,3.7766,3.429,3.3298,3.349,1227.0,778.0,1230.75,111.01,111.01,427.75,82.99,664.75,733.25,733.25,113.67,115.98,1202.0,1182.75,3.4616,3.4316,134.162,92.41,138.59,3.479,553.341,514.252,831.249,3.349,96.3,99.5,101.08
2022-07-06,1159.0,109.995,3.7231,3.2966,3.2266,3.2666,1129.0,785.5,1151.5,101.69,101.82,429.25,73.85,660.25,714.75,714.75,110.24,112.54,1136.0,1114.75,3.2706,3.2381,127.508,91.11,121.24,3.4466,522.582,480.41,804.712,3.2566,95.3,98.53,100.2
2022-07-07,1203.0,114.665,4.1739,3.4654,3.4129,3.5029,1143.75,811.75,1189.5,98.2,98.4,472.25,70.45,668.0,700.0,696.0,114.92,117.215,1182.0,1162.0,3.5839,3.5239,132.132,95.01,115.82,3.6304,502.057,461.636,791.901,3.4104,97.7,102.73,104.05
2022-07-08,1195.5,115.855,4.1304,3.4771,3.4646,3.4796,1167.25,812.5,1190.0,104.05,104.25,473.5,76.25,671.0,709.0,705.0,116.13,118.405,1182.5,1157.5,3.5929,3.5354,131.691,97.17,120.21,3.6571,519.781,484.625,806.542,3.4271,100.2,104.79,106.1
2022-07-11,1251.5,114.59,4.1931,3.4297,3.4572,3.4485,1164.5,796.5,1246.75,103.075,103.29,469.75,,668.0,706.25,702.25,114.865,117.14,1236.25,1195.75,3.7381,3.6456,135.435,96.79,,3.5122,,,741.11,3.4147,100.1,104.09,105.47
2022-07-12,1148.75,108.825,4.0551,3.2296,3.2346,3.1946,1089.0,759.0,1127.75,102.1,102.33,420.75,74.81,634.0,703.5,699.5,108.98,111.21,1118.0,1154.0,3.6326,3.5651,131.349,88.85,118.46,3.3146,504.023,468.099,785.953,3.1996,92.3,95.84,97.35
2022-07-13,1168.0,108.575,3.8159,3.1962,3.1737,3.1387,1079.25,760.0,1149.75,98.41,98.95,409.25,71.77,657.5,702.25,695.75,108.625,110.745,1141.25,1171.0,3.6359,3.5259,133.012,89.25,113.14,3.2837,473.105,433.878,771.312,3.1625,93.2,96.3,97.87
2022-07-14,1145.5,105.985,3.7994,3.0743,3.1143,3.0568,1038.5,737.0,1150.25,97.69,97.77,396.25,70.23,636.75,684.25,677.25,106.045,108.55,1131.25,1140.75,3.6194,3.4944,130.052,88.8,108.36,3.2168,471.325,428.481,759.416,3.0493,92.7,95.78,97.53
2022-07-15,1187.5,111.165,3.799,3.0557,3.0407,2.9657,1050.0,746.5,1191.5,98.31,98.44,423.0,70.42,650.0,670.25,663.5,111.245,114.225,1180.5,1186.5,3.669,3.5315,134.529,90.61,106.42,3.3432,470.603,424.698,737.454,3.0732,94.0,97.59,99.19
2022-07-18,1181.25,115.005,3.7655,3.1368,3.0968,3.0468,1106.75,768.75,1181.75,102.59,102.68,462.75,74.87,668.0,685.0,677.0,115.07,118.815,1159.5,1178.0,3.6255,3.468,133.697,95.83,112.15,3.3443,508.013,464.173,759.874,3.1193,98.8,102.6,104.38
2022-07-19,1132.0,113.365,3.7168,3.2,3.1025,2.9825,1087.75,751.0,1134.0,104.805,104.91,446.0,76.97,661.5,685.0,677.0,113.43,117.225,1107.5,1133.25,3.5968,3.4393,129.318,97.54,114.29,3.3875,509.401,464.081,763.534,3.1625,101.1,104.22,106.27
2022-07-20,1136.0,113.54,3.6743,3.1679,3.0579,3.0179,1090.75,750.75,1129.0,104.44,104.63,453.75,76.62,663.0,682.0,674.0,113.62,117.4,1102.75,1138.25,3.4893,3.4068,129.807,95.88,113.2,3.2829,504.44,459.455,758.73,3.1454,98.8,102.26,104.05
2022-07-21,1091.25,110.93,3.6703,3.032,2.9195,2.8845,1039.0,738.0,1069.25,102.0,102.0,450.25,74.73,652.0,673.5,663.5,111.015,113.085,1058.5,1093.75,3.4903,3.4203,125.452,92.93,106.68,3.1495,488.331,449.989,743.86,2.9895,91.9,99.4,101.28
2022-07-22,1124.0,109.975,3.4781,3.0378,2.9928,2.8603,1021.0,754.75,1106.5,102.69,102.69,468.25,75.32,661.0,679.5,668.5,109.975,113.145,1096.25,1130.25,3.3806,3.2881,129.025,92.2,104.15,3.2228,482.625,449.667,753.011,3.0153,90.8,97.83,100.34
2022-07-25,1108.25,108.615,3.5291,3.0645,2.7838,2.802,1056.0,748.0,1088.0,101.21,101.54,478.0,73.73,657.0,673.5,662.5,108.615,111.89,1082.75,1110.25,3.3897,3.3366,127.067,93.83,105.98,3.2788,480.513,433.9,744.775,3.0945,92.6,99.6,101.71
2022-07-26,1124.5,109.395,3.5789,3.0543,2.8768,2.775,1055.75,736.0,1104.25,104.9,105.17,460.25,77.87,652.0,677.25,666.25,109.395,112.91,1097.25,1121.0,3.4255,3.388,128.119,89.95,115.02,3.2268,504.406,470.833,752.553,3.0218,92.6,94.98,96.36
2022-07-27,1145.25,110.525,3.7023,3.1186,2.9486,2.8288,1052.5,740.5,1134.5,101.4,101.67,456.25,76.75,655.0,670.75,658.75,110.525,114.17,1128.0,1149.75,3.5513,3.4738,130.933,92.28,113.124,3.3086,493.924,455.054,738.827,3.0861,94.4,97.26,98.79
2022-07-28,1143.75,111.8,3.6563,3.0093,2.8218,2.8223,1072.25,732.5,1124.5,105.0,105.27,469.5,79.64,655.0,685.25,673.5,111.8,115.815,1128.5,1160.25,3.4643,3.4113,131.96,92.01,115.57,3.2568,513.912,476.974,757.586,2.9018,93.7,96.42,98.07
2022-07-29,1142.0,114.13,3.569,2.9232,2.7632,2.7532,1068.25,742.0,1119.25,107.24,107.24,486.0,79.4,663.0,679.5,667.75,114.13,118.635,1126.75,1161.75,3.4565,3.359,132.107,94.53,115.65,3.6631,513.281,477.941,745.69,2.9232,97.3,98.62,100.43
2022-08-01,1051.5,106.82,3.47,2.7956,2.6581,2.6181,977.0,697.25,1036.0,101.5,101.59,450.5,86.1,641.0,662.5,652.5,106.82,109.865,1049.5,1088.0,3.3475,3.23,124.89,86.13,112.709,2.8281,519.541,483.659,736.539,2.8031,93.03,93.89,96.02
2022-08-02,1038.0,106.205,3.4154,2.8942,2.7767,2.6992,999.75,715.75,1028.75,97.97,98.96,477.25,84.08,642.0,661.0,651.0,106.205,109.755,1038.25,1070.5,3.1829,3.1554,123.177,86.53,108.15,2.8867,510.592,474.994,733.794,2.8792,93.65,94.42,96.07
2022-08-03,1057.5,103.365,3.4498,2.7622,2.6297,2.5897,986.75,703.5,1049.75,98.36,99.21,468.0,84.41,639.0,667.75,657.75,103.365,107.47,1056.0,1089.25,3.2348,3.1998,125.012,82.83,109.43,2.7922,503.729,467.356,733.108,2.7597,89.29,90.66,92.41
2022-08-04,1030.25,98.18,3.3722,2.596,2.556,2.516,960.0,668.5,1031.25,95.68,97.05,445.5,82.29,618.5,651.0,639.5,98.18,102.84,1028.5,1066.0,3.1572,3.1122,122.737,80.47,105.33,2.6735,494.214,467.025,715.95,2.631,87.1,88.54,90.23
2022-08-05,1007.75,101.175,3.2609,2.6556,2.6756,2.5881,921.75,672.0,1012.0,93.76,94.37,462.25,79.4,613.0,637.5,627.5,101.355,104.815,1008.75,1048.25,3.0059,2.9884,121.0,81.01,100.105,2.7356,482.741,456.49,695.361,2.6544,87.55,89.01,90.61
2022-08-08,971.25,103.535,3.2241,2.7062,2.6862,2.6187,937.25,681.75,974.75,94.26,94.64,466.25,80.28,612.0,630.25,620.25,103.92,106.435,976.75,1016.5,3.0491,2.9241,117.892,82.71,102.519,3.0387,485.73,460.374,696.047,2.6787,88.74,90.76,92.31
2022-08-09,1012.25,103.88,3.3813,2.7702,2.8102,2.6952,962.75,669.25,1014.25,94.56,95.24,469.0,,611.0,621.5,611.5,103.88,105.73,1016.75,1051.75,3.2038,3.0988,121.342,82.42,,3.1127,,,678.655,2.7627,88.29,90.5,92.04
2022-08-10,1010.25,100.33,3.4666,2.8653,2.9228,2.8403,963.75,665.5,1014.5,94.86,95.84,462.25,81.02,612.0,612.75,602.75,100.355,102.44,1012.5,1051.5,3.2828,3.1903,121.318,83.63,104.31,3.2503,493.621,469.868,691.243,2.8403,90.14,91.93,93.28
2022-08-11,1039.5,104.59,3.539,2.864,2.9715,2.8415,988.75,675.5,1052.25,96.0,97.21,501.5,83.2,635.0,632.0,622.0,104.625,106.445,1038.0,1093.5,3.334,3.229,125.428,85.92,109.36,3.2515,517.655,494.828,703.139,2.7965,93.04,94.34,95.68
2022-08-12,1062.0,102.995,3.5791,2.841,3.0485,2.886,964.5,651.75,1073.0,98.28,99.08,506.5,85.1,631.0,633.25,623.25,103.045,104.845,1064.75,1124.0,3.4228,3.2728,128.413,84.0,110.236,3.236,538.851,524.054,696.276,2.7635,90.37,92.09,93.46
2022-08-15,1037.0,97.495,3.5053,2.7467,2.8517,2.8017,942.0,625.25,1046.25,94.56,95.26,482.25,81.98,622.0,625.75,615.75,97.905,99.425,1039.25,1098.75,3.3353,3.1803,125.942,81.18,107.594,3.1417,519.78,508.32,670.654,2.7567,87.84,89.41,90.73
2022-08-16,1039.25,96.195,3.5252,2.6832,2.8207,2.7607,931.75,613.75,1046.75,92.0,92.3,474.0,79.89,618.0,621.5,611.5,96.59,98.15,1037.5,1092.75,3.3752,3.2002,125.355,78.29,105.417,3.0907,491.086,478.765,650.98,2.7107,84.39,86.53,87.83
2022-08-17,1061.75,93.29,3.6624,2.6995,2.7845,2.8045,937.25,628.25,1072.0,90.4,91.44,476.25,78.52,624.0,622.5,612.5,93.305,97.085,1061.75,1117.25,3.4549,3.3449,127.752,79.73,105.011,3.1245,477.485,472.18,649.15,2.7445,85.36,88.11,89.39
2022-08-18,1094.0,96.28,3.6872,2.8611,2.8636,2.8861,964.5,658.0,1105.25,92.8,93.59,489.75,80.75,641.0,636.25,626.25,96.295,99.955,1078.5,1150.75,3.4697,3.3747,131.031,82.37,108.2,3.2161,474.104,469.181,669.282,2.8236,87.67,90.5,91.81
2022-08-19,1109.0,97.025,3.7405,2.855,2.855,2.9025,973.75,656.75,1121.25,94.35,95.02,479.5,82.32,649.0,640.0,630.0,97.05,100.62,1093.25,1166.25,3.513,3.4205,132.548,82.63,108.64,3.2375,478.175,465.585,676.145,2.67,87.97,90.77,92.11
2022-08-22,1121.5,93.775,3.8137,2.7187,2.7112,2.7062,947.25,644.75,1133.0,93.95,94.64,462.25,82.2,645.5,643.5,633.25,93.775,98.17,1104.5,1175.75,3.5887,3.5012,133.477,82.44,108.49,3.1112,482.62,463.161,667.451,2.5562,87.77,90.23,92.13
2022-08-23,1140.5,98.345,3.8719,2.7905,2.658,2.683,938.75,656.0,1151.75,96.5,97.14,482.0,84.86,661.0,641.0,630.0,98.345,102.54,1122.25,1193.75,3.657,3.5469,135.239,86.83,110.421,3.153,491.764,468.669,676.602,2.6205,91.62,94.34,97.07
2022-08-24,1187.25,98.74,3.9982,2.722,2.5907,2.5107,906.75,645.5,1200.25,99.5,99.77,472.75,87.6,665.25,653.5,641.5,98.74,102.935,1168.75,1240.5,3.8174,3.7249,139.814,87.79,111.987,3.0657,498.595,479.588,683.008,2.5495,92.4,95.65,97.83
2022-08-25,1197.5,99.965,3.9491,2.7474,2.7099,2.5621,930.5,642.75,1197.25,99.9,99.9,477.0,92.24,660.0,652.5,639.75,99.965,103.875,1180.75,1248.25,3.7223,3.6373,140.573,85.89,109.881,3.1024,503.239,479.929,674.314,2.5549,91.04,93.04,95.79
2022-08-26,1213.75,98.64,4.0176,2.7774,2.8149,2.6388,906.0,627.75,1212.5,99.645,99.645,464.25,91.01,651.5,647.75,634.75,98.64,102.44,1196.5,1258.75,3.7727,3.6702,141.6,85.93,108.28,3.1274,498.778,473.857,661.503,2.5599,91.62,93.06,94.94
2022-08-29,,,3.9449,2.8186,2.8561,2.6476,,,,100.6,100.6,,91.38,,654.5,640.0,,,,,3.7216,3.5816,,89.96,108.238,3.1361,495.856,473.616,666.536,2.6011,95.22,97.01,98.93
2022-08-30,1147.75,99.665,3.8568,2.6003,2.7153,2.4643,931.5,620.75,1143.25,102.8,103.12,446.25,93.49,650.0,652.75,637.25,99.665,103.11,1129.25,1190.75,3.6178,3.4953,134.945,84.36,108.576,2.9503,489.624,468.99,671.569,2.4378,89.48,91.64,93.39
2022-08-31,1124.5,96.68,3.7464,2.5008,2.5908,2.3648,846.0,617.25,1119.0,97.85,97.85,429.75,88.01,650.75,642.25,622.25,96.68,100.13,1104.0,1160.75,3.5074,3.3999,132.009,82.03,97.51,2.9008,453.386,430.812,633.136,2.3383,86.5,89.55,91.28
2022-09-01,1078.5,92.54,3.6262,2.4866,2.5453,2.4428,794.0,612.25,1071.75,94.14,94.14,398.25,84.08,636.0,641.0,613.5,92.54,96.0,1056.75,1112.75,3.4387,3.2937,127.312,78.59,93.329,3.1777,441.357,413.521,642.287,2.3241,84.48,86.61,88.22
2022-09-02,1121.75,94.06,3.643,2.5836,2.6236,2.5686,827.75,624.75,1111.75,94.75,94.75,420.5,84.87,640.25,650.0,621.0,94.06,97.52,1087.75,1143.25,3.4505,3.308,130.297,79.03,98.284,3.2459,455.443,422.872,661.503,2.4211,84.79,86.87,88.57
2022-09-05,1179.75,94.52,,,,,844.25,654.25,1164.75,95.3,95.43,423.75,85.38,651.0,645.75,611.75,94.52,98.775,1138.75,1175.5,,,133.453,,99.681,,463.821,427.938,657.843,,,,
2022-09-06,1112.75,92.11,3.6338,2.5609,2.5209,2.5509,856.0,642.5,1099.25,95.2,95.2,402.75,85.58,644.75,643.0,608.0,92.11,95.95,1045.5,1108.75,3.4463,3.3238,126.92,79.05,100.2,3.208,457.424,420.828,666.079,2.3922,84.82,86.88,88.68
2022-09-07,1130.75,88.14,3.6385,2.4227,3.2577,2.4727,836.75,617.0,1119.25,92.2,92.2,377.75,83.0,633.25,643.75,613.75,88.14,92.04,1056.5,1118.75,3.481,3.356,127.899,74.17,99.409,2.917,437.102,392.413,651.438,2.2527,80.38,81.94,83.77
2022-09-08,1108.25,87.705,3.5876,2.4511,2.4261,2.5411,794.5,610.5,1097.0,88.0,88.16,373.5,78.44,630.75,632.75,602.75,87.705,91.585,1034.5,1086.5,3.4526,3.3101,124.743,75.63,93.51,2.8577,410.034,361.056,618.038,2.2911,82.39,83.54,85.4
2022-09-09,1098.75,90.555,3.6187,2.5106,2.5831,2.7706,807.25,623.75,1112.5,90.41,90.51,395.5,80.65,613.5,634.5,599.5,90.555,94.425,1047.75,1119.25,3.4337,3.3537,127.948,79.02,96.915,2.9438,415.398,372.631,637.712,2.3706,85.66,86.79,88.59
2022-09-12,1123.75,93.065,3.6281,2.4948,2.5448,2.7098,829.25,636.25,1118.25,92.36,92.4,416.25,83.01,630.0,630.25,592.25,93.065,96.915,1053.25,1152.25,3.4581,3.3756,131.177,80.1,99.535,2.9597,426.274,387.087,645.49,2.4023,86.62,87.78,89.68
2022-09-13,1086.25,91.375,3.5413,2.5379,2.5454,2.6304,844.25,625.75,1084.25,94.445,94.55,402.5,84.83,638.0,641.25,601.25,91.375,94.815,1016.5,1116.25,3.3963,3.3038,127.654,79.58,102.25,2.987,432.775,396.138,659.673,2.4204,85.67,87.31,89.31
2022-09-14,1021.75,93.06,3.3677,2.6345,2.6045,2.6645,847.75,645.75,1021.5,92.705,92.75,413.0,82.93,647.5,640.25,600.25,93.06,96.06,954.25,1048.75,3.2689,3.1239,121.048,80.66,99.619,3.0283,422.686,385.113,666.079,2.477,86.72,88.48,90.44
2022-09-15,951.75,89.42,3.1977,2.5662,2.5087,2.7362,833.25,623.0,959.5,93.61,93.75,383.75,83.63,630.75,645.0,607.0,89.42,92.395,883.75,966.5,3.0902,2.9677,112.999,77.35,97.33,3.4248,422.508,384.167,667.909,2.3887,83.93,85.1,87.2
2022-09-16,987.75,91.15,3.1863,2.5532,2.7182,2.8907,818.5,633.0,987.0,91.01,91.15,402.75,80.75,633.0,631.5,593.5,91.15,93.975,908.75,988.5,3.0475,2.945,115.152,77.71,88.23,3.4153,420.733,383.755,655.098,2.3882,84.1,85.11,87.56
2022-09-19,,,3.3183,2.5741,2.7341,2.9866,,,,90.34,90.4,,80.16,,619.0,585.0,,,,,3.1408,3.1333,,78.62,87.424,3.4551,413.245,371.879,656.013,2.4291,84.74,85.73,88.59
2022-09-20,1010.25,89.225,3.3797,2.5703,2.5953,2.8403,832.25,622.25,1007.0,92.55,92.6,376.0,82.7,617.5,632.5,599.5,89.225,91.845,959.75,1025.5,3.2097,3.2497,118.773,77.11,92.82,3.2425,422.957,380.119,672.942,2.4278,82.8,84.45,86.79
2022-09-21,1001.5,88.1,3.3463,2.609,2.769,2.889,853.75,621.25,998.0,92.7,92.84,377.0,83.12,602.25,619.5,588.5,88.1,90.99,951.25,1015.0,3.2088,3.1888,117.746,75.89,94.627,3.6624,426.096,380.955,674.314,2.449,80.71,83.44,85.41
2022-09-22,1031.75,89.395,3.434,2.5416,2.9182,2.8632,858.25,632.0,1028.0,91.2,91.31,386.75,81.92,590.25,595.5,564.5,89.395,92.305,986.5,1043.75,3.5065,3.2207,120.559,76.14,92.25,3.6816,426.835,380.486,672.484,2.3966,81.44,83.83,85.6
2022-09-23,989.75,85.295,3.2596,2.4481,3.2855,2.763,801.75,613.75,999.75,88.8,88.91,371.75,79.89,569.75,590.0,559.75,85.295,88.175,939.75,1009.25,3.3421,3.1175,117.183,71.65,87.71,4.0581,412.777,368.752,664.706,2.3306,78.7,79.19,80.99
2022-09-26,954.5,84.585,3.1491,2.4613,2.8888,2.7717,796.0,599.0,957.75,84.85,84.85,378.25,76.46,555.5,579.25,554.0,84.585,87.495,906.0,972.5,3.2341,3.06,113.586,69.53,84.617,4.0388,402.161,358.73,642.058,2.3438,75.33,76.71,78.71
2022-09-27,991.25,86.58,3.2699,2.5627,3.0252,2.7831,798.75,608.25,992.5,84.2,84.25,378.5,76.29,546.5,568.5,543.25,86.58,88.91,936.5,998.5,3.3629,3.3504,116.131,71.55,86.594,3.5227,389.586,351.398,633.594,2.4427,77.13,78.5,80.61
2022-09-28,1028.0,88.545,3.4544,2.6717,3.2642,2.8129,829.75,624.0,1029.5,84.6,84.6,386.75,76.13,557.25,586.75,560.75,88.545,90.795,976.25,1019.75,3.5972,3.6372,118.21,74.84,88.4,4.9117,389.6,350.637,641.829,2.5092,80.98,82.15,84.03
2022-09-29,1031.25,89.97,3.4102,2.5527,3.1027,2.7477,857.5,628.0,1025.75,87.3,87.5,388.0,78.93,557.5,579.0,554.0,89.97,91.87,979.25,993.75,3.5672,3.3702,115.666,73.82,89.84,4.8527,399.434,359.529,657.386,2.4177,79.37,81.23,82.98
2022-09-30,1011.75,87.625,3.3466,2.5298,3.3223,2.8223,848.5,630.25,1010.0,89.54,89.54,378.5,78.93,550.0,578.75,558.75,87.69,89.5,960.5,964.0,3.487,3.2716,112.754,72.71,90.287,4.8198,401.628,362.157,651.895,2.3748,77.41,79.49,81.49
2022-10-03,1043.0,90.0,3.5016,2.7154,3.2104,3.0129,888.25,650.25,1028.0,88.26,88.26,382.75,78.44,543.0,580.5,575.5,90.295,92.04,1001.5,986.5,3.6215,3.2816,114.956,73.84,89.3,4.8432,394.709,357.94,662.419,2.6104,81.88,83.63,85.62
2022-10-04,1115.5,93.64,3.7283,2.943,3.2305,2.9905,889.0,677.0,1091.75,88.79,88.82,395.75,79.18,552.0,573.5,553.5,93.8,95.52,1072.0,1030.75,3.7595,3.4858,119.287,76.71,86.81,3.9653,394.538,363.381,672.484,2.7555,85.07,86.52,88.46
2022-10-05,1194.0,95.26,3.8869,2.9285,3.1185,2.9935,886.5,689.0,1185.5,91.15,91.15,408.0,81.23,574.0,582.5,567.5,95.365,97.175,1148.75,1097.75,3.9239,3.6069,125.844,78.13,91.26,3.3312,407.908,381.511,692.158,2.7135,86.39,87.76,89.8
2022-10-06,1200.5,95.805,4.0574,2.9414,3.0814,2.8864,913.75,686.0,1188.5,93.26,93.35,401.25,83.09,585.0,592.75,577.75,95.88,97.725,1149.75,1112.75,3.9407,3.7524,127.312,78.95,92.948,3.3444,404.424,381.894,696.276,2.7314,87.01,88.45,90.51
2022-10-07,1283.25,98.64,4.2437,2.9696,3.1346,2.9396,942.0,696.25,1269.0,94.3,94.3,416.5,84.53,585.0,594.75,579.75,98.64,101.025,1224.25,1187.25,4.056,3.8862,134.603,82.86,94.403,3.401,413.585,387.123,688.498,2.7546,91.13,92.64,94.66
2022-10-10,1302.25,98.555,4.0472,2.7528,2.6228,2.6803,955.75,684.5,1290.25,96.54,96.72,405.0,86.91,575.5,590.5,568.5,98.555,100.635,1244.25,1152.75,3.9603,3.6622,131.226,81.29,94.58,3.3009,422.158,397.14,690.786,2.6028,89.2,91.13,93.08
2022-10-11,1217.5,95.31,3.9808,2.7423,2.5273,2.5673,944.75,667.25,1203.25,93.7,93.78,377.75,84.23,557.0,571.25,549.25,95.38,97.225,1154.0,1069.25,4.2008,3.6858,123.055,79.49,91.019,3.2905,405.274,378.507,677.975,2.5948,87.23,89.35,91.35
2022-10-12,1198.25,93.15,3.9753,2.8078,2.7653,2.5528,985.0,665.0,1151.75,92.9,93.03,362.5,84.04,556.0,580.0,558.0,93.195,95.33,1068.0,1132.25,3.5328,3.6728,129.22,77.42,92.5,3.2513,403.506,376.038,672.027,2.5903,83.65,87.27,89.31
2022-10-13,1229.25,94.1,4.1548,2.8584,2.8034,2.6034,1021.5,670.5,1170.25,91.16,91.16,360.5,82.14,545.25,571.5,552.0,94.21,96.24,1078.5,1156.5,3.6648,3.8348,131.593,79.4,91.5,3.3121,388.734,354.268,661.503,2.6359,85.29,89.11,91.11
2022-10-14,1216.5,92.925,4.0727,2.8309,2.7434,2.5984,994.75,660.75,1140.5,92.1,92.1,347.5,83.15,524.75,562.5,546.75,92.99,95.29,1050.0,1131.0,3.5502,3.6052,129.098,76.14,92.49,3.234,394.889,358.922,663.334,2.5579,81.86,85.61,87.72
2022-10-17,1239.75,91.41,4.2952,2.7881,2.6481,2.5631,979.0,661.5,1161.0,89.74,89.74,343.25,81.19,520.5,551.25,540.75,91.58,94.025,1074.25,1142.25,3.4352,3.6252,126.166,76.08,90.67,3.2144,376.208,342.881,638.627,2.5381,81.11,85.46,87.61
2022-10-18,1232.0,88.06,4.3335,2.6044,2.5606,2.3931,947.25,651.0,1156.25,88.84,88.9,332.75,80.83,526.0,548.25,538.0,88.135,91.04,1068.25,1099.5,3.2435,3.5485,126.842,73.8,91.292,2.4074,387.901,350.854,661.046,2.4231,78.65,82.82,85.04
2022-10-19,1206.0,89.91,4.3193,2.6972,2.6622,2.4322,921.0,649.25,1125.75,85.75,85.75,357.75,78.5,547.0,560.5,547.0,89.91,93.215,1040.0,1054.75,3.1543,3.4293,121.869,76.23,89.31,2.4807,386.205,349.11,656.471,2.5347,82.0,85.55,87.51
2022-10-20,1216.0,92.66,4.1568,2.6591,2.5678,2.4328,933.0,660.5,1127.75,89.94,89.94,373.75,81.73,550.0,578.0,566.5,92.66,95.705,1042.5,1057.75,3.1768,3.3468,127.296,76.31,92.726,2.6861,394.643,367.1,671.112,2.4978,80.86,85.98,87.77
2022-10-21,1197.0,91.35,4.1573,2.637,2.7445,2.447,943.5,652.0,1102.0,90.71,90.71,354.75,82.07,546.0,574.0,563.0,91.35,94.745,1002.5,1030.5,3.2523,3.3682,120.56,77.16,92.103,2.6948,389.099,352.098,671.569,2.502,85.58,86.68,88.46
2022-10-24,1235.5,91.505,3.9551,2.7027,2.8252,2.4452,933.0,657.0,1134.75,90.135,90.13,359.75,,549.25,576.5,568.5,91.51,94.84,1038.75,1059.5,3.4172,3.4347,,76.69,,2.7184,,,668.37,2.5602,81.17,86.23,87.59
2022-10-25,1216.75,91.655,3.7697,2.6602,2.9767,2.526,930.5,664.25,1113.75,89.56,89.56,349.5,83.48,560.0,579.0,574.0,91.655,95.155,1019.75,1044.0,3.4323,3.4473,122.342,76.99,91.01,2.8617,383.563,344.133,673.857,2.5517,80.71,86.89,87.96
2022-10-26,1249.75,93.985,3.7926,2.8026,2.8851,2.5244,926.5,677.0,1144.0,90.31,90.34,363.75,84.02,580.0,590.25,585.25,93.985,97.575,1051.0,1076.5,3.5266,3.4916,120.81,78.84,89.05,2.8826,389.854,347.968,677.517,2.6201,83.83,87.91,89.73
2022-10-27,1260.25,95.25,3.8939,2.8365,2.9215,2.6291,944.5,675.0,1145.25,92.35,92.35,369.75,86.34,584.0,607.0,602.0,95.25,98.525,1050.5,1076.0,3.3317,3.4667,125.096,79.98,91.6,2.9465,406.418,363.7,684.38,2.6065,84.02,89.08,90.81
2022-10-28,1285.75,94.04,3.833,2.6029,2.9529,2.5004,960.25,664.5,1169.5,92.65,92.65,371.75,86.52,586.0,609.0,604.0,94.085,97.485,1056.5,1081.25,3.2146,3.4155,125.02,78.82,93.21,2.8679,418.581,377.494,687.583,2.4754,83.0,87.9,89.65
2022-10-31,1249.25,92.77,3.7441,2.5582,3.3257,2.5907,925.0,664.25,1135.0,90.6,90.6,364.0,84.75,587.5,615.5,610.5,92.87,96.415,1021.0,1053.75,3.4041,3.3591,124.777,77.58,89.517,2.8307,405.527,366.926,680.72,2.4257,81.04,86.53,88.24
2022-11-01,1187.5,94.92,3.6386,2.6545,3.5195,2.7445,955.75,676.0,1080.5,91.39,91.51,383.25,84.38,595.0,638.5,638.5,94.92,98.54,965.25,1016.25,3.3511,3.3686,123.399,78.61,91.144,2.8995,426.904,386.473,688.956,2.497,83.11,88.37,90.23
2022-11-02,1191.5,97.045,3.6499,2.7322,3.5472,2.7497,967.75,689.75,1088.0,90.95,91.14,393.25,84.53,603.0,648.0,648.0,97.045,100.57,957.25,1042.25,3.0049,3.4249,134.032,80.19,93.359,3.0022,429.56,390.972,686.21,2.5642,85.33,90.0,91.86
2022-11-03,1210.0,95.84,3.7828,2.7489,3.0939,2.7264,992.0,680.25,1161.25,89.79,89.83,384.5,83.66,580.5,617.5,617.5,95.84,99.38,1031.0,1094.5,3.1928,3.5853,120.721,78.51,95.215,3.3339,424.298,387.803,685.295,2.5414,83.46,88.17,90.02
2022-11-04,1210.75,98.765,3.7798,2.7723,2.7398,2.7223,1056.25,696.0,1169.0,92.295,92.295,401.75,86.14,584.5,622.0,621.0,98.755,102.04,1029.0,1147.0,3.2423,3.5798,124.269,82.76,99.29,3.3748,434.08,401.178,689.871,2.5833,88.47,92.61,94.46
2022-11-07,1193.25,101.88,3.6761,2.6856,2.6531,2.6381,1001.0,697.25,1141.5,92.95,93.08,414.75,86.86,588.0,622.75,612.75,101.93,104.37,1013.0,1143.75,3.2811,3.3811,124.679,81.99,100.358,2.8731,445.319,413.152,694.904,2.4581,88.07,91.79,93.6
2022-11-08,1165.75,99.055,3.6257,2.6342,2.5842,2.6217,975.5,686.0,1111.75,92.29,92.31,403.25,86.2,594.75,623.25,614.0,99.085,101.67,1022.25,1136.5,3.2707,3.3232,126.959,79.17,98.263,2.8567,440.853,414.311,699.021,2.4677,84.78,88.91,90.56
2022-11-09,1114.25,94.955,3.5163,2.5196,2.4421,2.5196,923.75,675.25,1061.75,89.89,89.89,386.25,84.0,589.0,629.25,626.75,94.955,97.775,980.25,1104.75,3.2313,3.1763,127.07,76.13,94.393,3.5796,419.828,396.574,690.328,2.3556,81.82,85.83,87.4
2022-11-10,1074.25,94.505,3.4644,2.5338,2.4663,2.5163,886.75,674.5,1022.75,87.15,87.15,394.0,82.32,588.75,629.25,626.25,94.505,97.505,961.5,1076.0,3.1444,3.1994,125.045,76.8,92.14,3.6013,415.688,391.141,684.838,2.3638,82.61,86.47,87.98
2022-11-11,1061.5,96.91,3.5103,2.5771,2.4496,2.4946,914.5,687.5,1014.5,91.04,91.04,408.75,86.17,597.75,649.25,645.75,96.865,99.745,972.0,1107.5,3.1903,3.1403,127.352,79.24,96.211,3.6596,440.44,410.456,706.799,2.4096,85.7,88.96,90.5
2022-11-14,1050.5,95.6,3.5165,2.4385,2.3685,2.366,901.75,689.5,1053.75,91.0,91.0,400.0,86.41,595.0,648.5,645.25,95.68,98.37,985.75,1105.5,3.144,3.1515,125.887,75.99,97.263,3.5785,437.328,409.847,720.526,2.321,82.82,85.87,87.02
2022-11-15,1041.25,93.995,3.6163,2.4036,2.3561,2.2586,862.75,686.75,1043.25,86.795,86.795,406.5,82.96,597.0,648.75,645.75,94.025,96.79,970.5,1077.75,3.2413,3.2538,122.951,76.83,93.736,3.5661,436.259,403.885,709.545,2.3061,84.07,86.92,88.09
2022-11-16,1042.0,92.615,3.5886,2.3705,2.208,2.233,879.25,681.5,1048.0,88.01,88.03,396.25,84.28,590.0,652.5,646.5,92.64,95.44,955.75,1076.0,3.1136,3.2261,124.683,75.52,95.335,3.558,438.436,409.841,711.375,2.2755,84.43,85.59,86.57
2022-11-17,1007.0,91.25,3.3486,2.2797,2.1447,2.1447,852.75,671.25,1013.5,87.145,87.2,387.75,83.23,590.0,656.5,651.5,91.25,93.96,930.25,1052.25,3.0248,3.1548,123.702,71.54,94.4,3.5047,421.327,401.671,714.12,2.1772,81.68,81.64,82.18
2022-11-18,1000.5,88.11,3.2981,2.2133,2.0708,2.0908,818.0,660.25,1002.0,84.39,84.39,371.25,80.76,593.0,660.0,654.0,88.12,90.62,916.25,1065.25,3.0181,3.1481,118.9,69.84,92.603,2.3408,404.555,397.852,714.12,2.1258,78.24,80.08,80.68
2022-11-21,969.25,83.16,3.2673,2.2346,2.0221,2.0121,774.0,643.25,974.25,81.25,81.25,346.75,78.59,579.0,662.0,653.0,83.3,86.07,890.75,1031.75,2.9973,3.0673,117.569,69.34,91.07,2.3571,396.575,385.384,695.361,2.1251,75.62,79.73,79.94
2022-11-22,988.25,89.165,3.1913,2.2588,2.1405,1.9905,795.75,672.75,999.75,82.34,82.34,370.25,79.5,597.0,676.0,673.0,89.325,91.95,911.25,1060.5,2.9899,2.8914,119.31,70.42,93.128,2.3505,398.247,389.962,709.087,2.2213,75.45,80.9,81.15
2022-11-23,973.5,85.235,3.0893,2.173,2.2944,2.0544,783.5,645.0,980.5,81.79,81.81,335.0,79.23,585.0,692.0,687.0,85.41,87.965,892.0,1045.5,2.9003,2.8118,118.98,67.59,93.367,2.303,406.82,396.379,703.597,2.1705,72.97,77.86,78.37
2022-11-24,970.0,85.55,,,,,769.75,644.75,974.25,77.64,77.64,348.5,75.22,585.25,681.0,679.0,85.55,88.03,886.5,1050.0,,,115.23,,89.229,,388.675,375.346,688.269,,,,
2022-11-25,970.5,85.51,,,,,768.0,647.25,959.75,80.65,80.65,351.5,78.02,586.0,681.0,679.0,85.5,87.965,883.0,1038.75,,,115.473,,89.417,,393.459,380.505,699.479,,,,
2022-11-28,939.75,82.62,2.7954,2.0923,1.9723,1.9256,732.0,647.5,928.25,76.645,76.73,342.5,73.07,566.5,671.0,671.0,82.595,85.09,854.0,989.0,2.7749,2.6156,111.619,66.67,83.832,2.1823,368.88,351.22,672.484,2.0873,72.16,77.24,78.09
2022-11-29,932.75,83.565,2.8709,2.1578,2.0378,1.9768,774.5,644.25,932.75,80.94,80.94,340.0,77.26,570.5,686.0,686.0,83.565,86.225,860.75,997.25,2.6624,2.7814,114.636,67.29,87.063,2.1978,396.399,377.223,676.145,2.1328,73.96,78.2,79.1
2022-11-30,969.25,86.595,2.9985,2.2497,2.2447,2.1097,786.25,644.25,970.0,80.4,80.45,345.0,76.86,589.5,678.0,678.0,86.58,88.895,898.25,1031.25,2.782,2.9885,115.865,69.55,87.238,2.2472,375.084,349.021,670.197,2.1847,75.72,80.55,81.31
2022-12-01,994.25,89.17,2.8924,2.1845,2.092,2.062,782.5,640.25,992.5,81.35,81.36,357.5,78.56,597.0,659.0,659.0,89.185,91.375,924.0,1061.0,2.9774,2.8849,116.673,67.54,88.93,2.2045,381.207,357.886,680.72,2.122,75.73,81.22,81.97
2022-12-02,952.75,87.05,2.8485,2.1229,2.0004,2.0004,761.75,640.25,953.5,81.05,81.12,351.0,78.46,577.0,625.0,625.0,87.095,89.215,890.75,1022.25,2.8885,2.806,115.174,66.25,87.295,2.1429,373.566,355.676,666.765,2.0604,75.09,79.98,80.63
2022-12-05,928.0,85.59,2.6998,2.0744,1.9169,1.8919,768.75,611.75,937.25,80.8,80.87,348.25,78.05,564.5,608.0,608.0,85.605,87.89,872.25,998.0,2.7198,2.6448,113.259,63.21,87.315,2.0644,375.17,357.677,665.393,2.0119,70.95,76.93,77.55
2022-12-06,853.75,80.68,2.608,2.0516,1.8341,1.8591,711.0,589.0,865.0,77.95,78.0,326.5,75.17,546.75,602.0,602.25,80.695,82.96,801.0,898.5,2.7005,2.598,107.481,60.25,84.422,2.0116,365.609,349.432,639.771,1.9866,68.69,74.25,74.81
2022-12-07,838.0,79.205,2.4805,2.0197,1.8022,1.8422,690.75,582.5,851.0,74.8,75.0,333.5,72.32,546.75,601.5,602.25,79.22,81.465,787.0,875.0,2.5705,2.5605,107.53,58.04,81.804,1.8972,363.07,347.095,622.842,1.9497,66.44,72.01,72.51
2022-12-08,834.5,76.48,2.5748,1.9766,1.8991,1.7941,677.0,566.5,846.0,73.05,73.14,314.5,70.54,538.75,607.5,607.0,76.495,78.77,782.75,870.75,2.7098,2.6723,107.423,57.17,79.919,2.0941,356.358,338.232,618.038,1.9016,66.43,71.46,71.73
2022-12-09,850.5,77.54,2.4987,1.9586,1.9261,1.7961,663.5,574.5,861.75,72.05,72.05,348.25,69.67,540.0,592.75,594.0,77.585,79.79,798.5,882.5,2.6237,2.5937,101.799,56.65,78.705,2.1011,368.31,351.681,623.528,1.8936,65.54,71.02,71.02
2022-12-12,874.25,78.67,2.619,1.986,1.901,1.836,654.5,578.5,882.25,71.81,71.96,345.25,69.36,542.75,579.25,584.25,78.685,80.92,821.75,906.75,2.7985,2.7635,98.744,58.47,78.25,2.126,353.895,337.564,620.783,1.931,67.12,73.17,72.88
2022-12-13,918.5,80.84,2.7222,2.0834,1.9109,1.9009,672.0,590.5,909.5,75.445,75.58,349.0,72.69,553.0,575.75,579.25,80.84,83.09,861.75,953.75,2.9222,2.8662,105.185,61.04,83.677,2.2059,370.564,353.76,635.882,2.0159,70.5,75.39,75.34
2022-12-14,959.5,83.515,2.8593,2.1544,1.9394,1.9994,707.5,588.0,949.25,76.7,76.8,357.25,73.96,554.5,574.0,580.75,83.59,85.64,895.0,996.25,3.3118,3.0418,109.975,63.19,85.071,2.0744,376.036,353.816,637.025,2.0594,74.58,77.28,77.47
2022-12-15,962.25,81.735,2.8784,2.0368,1.9168,1.9143,697.25,578.0,944.25,77.6,77.94,341.5,75.01,540.0,559.5,567.75,81.795,83.84,905.25,992.75,3.3184,3.0284,114.877,62.02,85.686,1.9968,374.094,355.925,638.169,1.9618,72.87,76.11,76.47
2022-12-16,924.5,79.035,2.6899,2.0023,1.7923,1.8873,694.0,560.5,904.0,76.35,76.35,321.0,73.37,533.5,556.5,564.0,79.115,81.1,867.25,951.5,3.1549,2.8549,114.201,60.1,83.341,2.0723,360.8,339.946,623.986,1.9298,70.59,74.29,74.66
2022-12-19,916.5,79.73,2.6385,2.0851,1.8276,1.9601,701.75,573.0,895.5,75.34,76.09,339.75,72.52,519.0,549.25,556.5,79.77,81.79,859.25,945.0,3.0885,2.7785,110.425,61.02,82.798,2.1176,362.382,342.491,617.351,2.0126,71.08,75.19,75.61
2022-12-20,903.25,78.845,2.6689,2.1728,1.8728,2.0178,711.0,567.0,881.0,75.75,76.22,336.5,72.96,503.0,528.75,543.5,78.845,81.21,846.5,937.0,2.9389,2.7939,108.348,61.81,83.705,2.1628,366.308,347.156,622.384,2.0978,71.33,76.09,76.7
2022-12-21,925.75,80.205,2.7545,2.1858,1.9658,2.0458,725.0,586.25,904.75,76.7,77.17,360.75,73.97,523.0,518.0,533.0,80.205,83.05,870.25,960.75,3.0195,2.912,110.411,63.9,85.51,2.1958,384.298,365.94,624.214,2.1108,75.18,78.14,78.73
2022-12-22,929.25,80.75,2.7664,2.1838,2.0738,2.0588,740.0,591.75,910.5,78.85,79.49,368.0,76.26,531.0,536.0,545.0,80.75,84.05,886.75,965.75,3.0114,2.9814,111.909,63.02,87.42,2.1888,397.763,380.574,634.051,2.1038,75.38,77.35,77.95
2022-12-23,944.25,80.915,2.9061,2.3765,2.2336,2.2286,751.75,588.75,921.5,78.1,78.1,375.0,75.41,536.0,547.0,556.0,80.915,84.235,900.25,977.0,3.1798,3.1398,110.412,65.49,87.99,2.544,400.931,382.532,636.339,2.289,75.76,79.47,80.17
2022-12-26,,,,,,,,,,79.345,79.36,,,,552.5,561.5,,,,,,,,,,,,,651.545,,,,
2022-12-27,,,3.0137,2.3783,2.2283,2.2202,,,,80.59,80.62,,77.92,,558.0,567.0,,,,,3.2781,3.3056,116.255,65.51,91.18,2.5208,397.557,378.618,645.947,2.2908,74.6,79.53,80.11
2022-12-28,954.25,81.09,3.0028,2.3996,2.2221,2.2179,781.0,617.75,932.75,79.95,80.43,354.5,77.49,546.0,552.5,561.5,81.09,84.435,912.0,984.75,3.3099,3.3249,116.643,64.67,90.909,2.6021,392.758,378.252,640.914,2.2971,73.92,78.96,79.38
2022-12-29,954.75,80.79,2.9533,2.4042,2.2667,2.2517,768.75,621.0,932.25,78.11,78.11,344.75,75.83,547.0,565.0,580.0,80.79,84.245,910.25,983.0,3.2833,3.3033,117.49,63.86,89.598,2.6167,386.669,368.151,635.882,2.2987,72.85,78.4,78.66
2022-12-30,959.25,81.345,3.055,2.5383,2.3683,2.3908,785.0,630.5,935.0,78.755,78.76,362.0,76.9,545.0,565.0,580.0,81.345,84.795,912.25,984.75,3.315,3.395,126.503,65.49,92.87,2.7533,393.692,376.646,640.914,2.4408,75.16,80.26,80.41
2023-01-02,,,,,,,,,,80.405,80.51,,,,563.5,583.5,,,,,,,,,,,,,650.34,,,,
2023-01-03,934.5,81.145,2.8365,2.4312,2.2612,2.2587,787.25,645.0,912.75,82.055,82.26,356.25,78.95,550.0,562.0,587.0,81.145,84.565,892.25,964.25,3.1265,3.2865,116.773,62.49,94.38,2.6409,395.97,380.705,653.725,2.3262,71.67,76.93,77.25
2023-01-04,878.75,75.56,2.7394,2.2792,2.2342,2.1667,747.25,610.5,857.0,77.055,77.18,328.0,74.18,532.0,555.0,580.0,75.56,78.905,837.0,909.75,3.0119,3.0969,108.482,58.38,88.31,2.5387,362.929,348.134,632.679,2.2082,67.7,72.84,73.23
2023-01-05,896.75,76.92,2.7523,2.2771,2.2671,2.1721,753.75,612.0,877.5,75.14,75.18,297.25,71.86,526.0,554.0,569.0,76.92,80.385,855.75,931.5,3.0123,3.1723,111.255,59.34,86.224,2.5482,360.646,343.727,626.273,2.2021,68.75,73.67,74.18
2023-01-06,913.75,77.43,2.7795,2.2871,2.2746,2.1571,739.75,621.75,894.5,75.14,75.29,348.5,71.05,517.75,561.25,574.25,77.43,81.025,871.75,952.0,3.0645,3.367,106.698,59.44,86.446,2.5196,361.541,346.494,633.136,2.2096,68.78,73.77,74.47
2023-01-09,919.25,77.36,2.8035,2.3154,2.3579,2.2104,753.0,640.0,896.25,77.05,77.23,345.25,71.92,536.5,582.5,595.5,77.425,80.955,873.75,948.0,3.076,3.231,109.759,60.35,88.917,2.5679,371.685,356.671,648.235,2.2429,69.72,74.63,75.28
2023-01-10,921.75,78.015,2.8957,2.3377,2.3527,2.2565,776.25,657.25,898.0,76.0,76.21,349.5,70.15,547.0,576.0,588.0,78.015,81.08,871.0,948.25,3.1857,3.3207,108.559,60.8,88.7,2.4252,368.719,352.8,645.947,2.2707,70.15,75.12,75.77
2023-01-11,928.0,80.57,2.9529,2.4645,2.3595,2.3645,804.75,679.25,919.75,76.8,76.97,361.25,70.95,559.25,588.0,601.0,80.595,83.52,894.5,973.5,3.3029,3.7179,110.39,63.24,90.44,2.532,369.069,351.072,664.477,2.3895,72.99,77.41,78.11
2023-01-12,953.25,82.985,2.9515,2.4928,2.4253,2.4128,833.5,695.75,938.75,79.5,79.69,363.75,73.28,579.0,612.0,625.0,82.99,85.94,911.75,1011.75,3.364,3.6465,113.016,64.4,93.61,2.5003,378.141,359.656,669.51,2.4378,74.45,78.39,79.17
2023-01-13,969.5,83.33,3.0134,2.5928,2.4328,2.4678,832.25,703.5,951.25,81.05,81.09,367.5,74.71,585.0,621.0,637.0,83.33,86.335,914.0,1029.5,3.5809,3.6824,116.811,65.85,95.86,2.5128,385.137,364.813,693.988,2.4978,75.7,79.86,80.78
2023-01-16,959.75,82.75,,,,,831.5,685.5,953.5,81.75,81.91,364.5,75.32,595.5,627.0,643.0,82.75,85.58,914.5,1027.75,,,118.045,,97.385,,390.224,369.723,693.76,,,,
2023-01-17,952.0,84.355,3.0185,2.5926,2.3951,2.4851,833.25,703.5,946.0,82.49,82.74,381.5,76.13,617.5,640.0,655.0,84.355,86.965,904.5,1029.25,3.711,3.631,118.613,66.58,97.1,2.5351,394.748,379.506,688.498,2.5051,75.94,80.18,81.33
2023-01-18,977.75,85.925,3.0505,2.581,2.3985,2.5185,846.5,718.0,972.0,83.69,84.14,394.5,77.32,640.5,681.75,691.75,85.925,88.685,933.0,1057.0,3.763,3.628,117.421,66.02,100.65,2.5235,410.274,394.848,700.394,2.4935,76.21,79.48,81.07
2023-01-19,961.0,84.505,3.1609,2.6643,2.4968,2.6118,833.0,715.5,960.75,81.39,81.42,390.75,75.02,643.0,687.75,693.75,84.505,87.245,922.5,1052.25,3.8759,3.8199,118.271,66.81,98.31,2.5968,401.998,390.974,681.635,2.5768,76.89,80.33,81.71
2023-01-20,1003.25,85.865,3.2218,2.7404,2.5454,2.6279,869.75,735.0,999.75,83.84,83.87,387.25,77.48,657.5,719.75,722.75,85.87,88.45,962.0,1105.0,3.6168,3.7668,119.934,67.93,104.22,2.6354,405.64,395.543,699.021,2.6179,77.95,81.31,82.56
2023-01-23,1031.0,88.185,3.2609,2.774,2.5915,2.684,877.75,746.0,1031.25,83.725,83.76,400.75,,659.0,733.25,735.5,88.185,90.675,996.0,1145.0,3.7874,3.7834,,68.09,,2.9201,,,,2.661,77.5,81.26,82.72
2023-01-24,1003.25,86.035,3.1522,2.6871,2.5637,2.6412,888.5,737.75,1004.25,83.615,83.64,382.0,,674.0,746.5,748.25,86.035,88.49,966.5,1115.5,3.3958,3.7578,,66.68,,2.6881,,,,2.6131,76.29,79.78,81.87
2023-01-25,970.0,85.89,3.0813,2.6478,2.4878,2.5959,859.5,731.0,973.25,83.5,83.53,386.25,77.1,688.0,760.0,761.0,85.895,88.315,939.0,1077.75,3.3298,3.6918,123.195,66.57,104.8,2.6338,411.332,398.959,704.741,2.5647,77.48,79.8,81.42
2023-01-26,977.0,86.905,3.1265,2.6566,2.5566,2.6121,874.25,729.75,980.0,83.19,83.22,388.75,76.79,718.0,756.0,751.0,86.915,89.415,946.75,1100.75,3.5957,3.8157,119.159,67.93,102.85,2.6526,408.124,395.558,692.158,2.5565,77.49,81.01,82.71
2023-01-27,951.75,86.085,3.0255,2.636,2.4635,2.5861,874.25,719.75,948.25,84.15,84.17,380.75,78.37,747.0,771.0,761.0,86.11,88.55,916.75,1065.75,3.5602,3.5002,122.21,66.91,103.17,2.8535,417.831,406.162,704.969,2.5309,76.71,79.68,81.58
2023-01-30,922.5,84.595,2.7338,2.5408,2.3808,2.5002,862.25,720.5,919.5,82.65,82.68,373.75,76.15,783.0,786.0,776.0,84.605,87.155,889.0,1025.5,3.5098,3.3573,117.261,65.16,100.0,2.7658,406.344,389.638,693.988,2.4408,74.96,77.9,79.93
2023-01-31,928.75,84.435,3.0198,2.6168,2.4218,2.5418,853.0,723.5,927.0,80.88,80.91,379.0,74.4,729.75,751.0,741.0,84.435,86.98,896.0,1024.25,3.3248,3.0624,114.393,65.64,97.5,2.8268,396.401,380.308,685.753,2.5128,76.01,78.87,80.83
2023-02-01,888.5,82.95,2.8611,2.5038,2.3688,2.4438,855.5,727.5,890.75,83.555,83.56,373.0,77.04,678.0,725.0,720.0,82.95,85.85,872.5,985.75,3.0711,2.8011,118.496,63.4,99.15,2.825,395.688,391.167,699.021,2.3998,73.42,76.41,78.38
2023-02-02,855.5,80.665,2.8217,2.4973,2.3723,2.4423,823.5,702.5,857.25,80.87,80.87,356.75,74.38,647.5,673.0,668.0,81.78,84.66,832.75,941.0,2.9467,2.7117,112.778,62.77,95.773,2.8023,378.708,375.077,696.734,2.4003,73.73,75.88,77.79
2023-02-03,828.5,80.615,2.7128,2.3635,2.211,2.311,816.0,701.5,823.75,79.75,79.75,354.0,73.27,665.5,697.0,691.0,80.615,83.465,805.5,898.75,2.8253,2.6828,110.511,60.45,95.42,2.696,364.42,358.544,697.191,2.27,71.8,73.39,75.46
2023-02-06,789.5,79.58,2.7312,2.4584,2.2434,2.3609,778.75,679.25,782.75,78.3,78.3,348.5,71.83,651.5,678.0,670.0,79.61,82.125,768.25,855.25,2.8187,2.7187,105.654,61.42,92.166,2.7484,360.607,355.833,677.945,2.3409,73.2,74.11,76.31
2023-02-07,839.75,82.24,2.8619,2.5418,2.3268,2.4593,814.75,695.75,835.0,80.41,80.45,364.5,73.95,636.0,671.0,663.0,82.24,85.45,823.25,909.5,3.0844,2.8919,105.24,64.38,96.662,2.8318,372.373,369.091,680.785,2.4218,76.78,77.14,79.39
2023-02-08,842.5,83.225,2.8608,2.5178,2.3428,2.4653,822.25,698.25,843.25,81.9,82.09,375.75,72.84,651.0,676.0,671.0,83.225,86.79,831.0,911.75,3.0933,2.8658,109.846,65.66,98.707,2.8378,387.178,380.547,703.368,2.4203,77.26,78.47,80.63
2023-02-09,825.0,83.28,2.7679,2.5075,2.2725,2.4325,823.25,712.0,822.5,83.2,83.46,385.5,74.13,670.0,703.0,702.0,83.28,87.07,811.25,897.25,3.0654,2.7504,110.886,65.19,98.351,2.8375,397.435,397.971,709.545,2.4025,76.82,78.06,80.21
2023-02-10,844.75,85.66,2.8221,2.5687,2.3537,2.4862,832.5,730.0,842.75,83.56,83.91,398.75,74.49,675.75,735.0,734.0,85.66,89.485,832.25,909.75,3.0446,2.8646,110.021,66.97,97.69,2.9037,400.402,396.352,704.741,2.4612,77.53,79.72,81.96
2023-02-13,855.25,85.48,2.8507,2.5826,2.3611,2.5136,829.0,726.0,852.0,84.395,84.75,397.75,75.36,648.75,722.0,722.0,85.48,89.265,838.0,909.75,3.0857,2.8257,106.801,67.43,98.53,2.9311,401.179,400.771,718.009,2.4796,78.7,80.14,82.53
2023-02-14,863.0,84.575,2.8701,2.5285,2.3285,2.4735,827.5,723.5,861.0,84.88,85.31,392.0,75.56,648.0,697.0,698.0,84.575,88.54,846.75,915.5,3.0401,2.7976,109.255,66.48,99.22,2.9485,413.329,408.876,724.872,2.4285,76.84,79.06,81.63
2023-02-15,842.0,83.535,2.7719,2.5278,2.3328,2.4703,811.5,722.5,840.75,83.34,83.56,380.25,73.29,621.25,700.0,701.0,83.535,87.625,826.75,889.25,2.9144,2.6844,108.762,66.09,97.242,3.0478,409.95,401.192,719.839,2.4278,76.05,78.59,81.18
2023-02-16,832.5,84.195,2.7458,2.478,2.2755,2.393,815.75,733.5,832.0,84.01,84.16,390.0,73.74,640.0,729.0,731.0,84.195,87.755,817.75,873.5,2.8808,2.6083,107.523,65.78,98.65,2.9855,421.203,412.47,720.983,2.363,76.27,78.49,80.83
2023-02-17,808.75,82.7,2.6521,2.4417,2.2482,2.3657,778.75,724.5,805.25,82.24,82.26,381.25,71.95,631.0,714.0,717.0,82.775,85.61,788.0,843.25,2.8121,2.5446,103.025,63.61,93.97,2.9282,419.378,403.969,715.95,2.3342,74.17,76.34,78.72
2023-02-20,823.0,82.355,,,,,800.0,738.0,814.5,82.39,82.64,384.75,72.21,646.0,719.0,720.0,82.355,86.175,797.25,858.5,,,102.381,,95.45,,423.094,405.75,723.728,,,,
2023-02-21,817.0,81.905,2.7319,2.4431,2.3056,2.3731,795.0,734.5,813.75,81.94,82.25,381.25,71.8,654.0,706.0,712.0,81.905,85.045,795.5,857.75,2.8336,2.7919,102.043,63.51,96.066,2.9233,424.554,407.527,729.219,2.3331,73.96,76.16,78.56
2023-02-22,810.5,80.35,2.6598,2.3301,2.2276,2.2951,793.5,718.75,812.75,80.8,80.96,374.0,70.59,635.0,698.0,704.0,80.355,83.27,794.5,856.75,2.7268,2.7368,101.856,60.95,94.79,2.8852,428.652,411.663,701.51,2.2551,70.8,73.78,75.94
2023-02-23,795.25,80.905,2.6731,2.3708,2.2845,2.332,777.5,706.75,797.5,80.05,80.84,384.0,69.86,632.0,690.0,697.0,80.905,83.88,778.75,838.25,2.7158,2.8408,98.357,62.62,92.61,2.9198,419.23,403.085,709.773,2.2898,72.92,75.25,77.65
2023-02-24,819.25,81.82,2.7412,2.3714,2.2687,2.3312,801.5,720.25,815.5,82.06,82.63,379.75,71.9,646.0,704.0,714.0,81.82,84.86,803.0,866.0,2.7921,2.9171,102.984,63.5,95.0,2.9014,419.291,402.314,722.813,2.2919,74.14,76.32,78.47
2023-02-27,838.0,81.44,2.7783,2.399,2.294,2.3533,793.0,716.25,830.75,82.16,82.73,378.25,72.01,650.0,705.0,715.0,81.44,84.51,821.0,882.5,2.8253,2.9003,104.02,62.82,94.47,2.859,425.388,405.339,728.99,2.2915,73.73,75.68,77.73
2023-02-28,845.5,83.15,2.7831,2.4545,2.402,2.432,797.5,730.75,837.75,81.9,81.97,386.25,71.74,662.5,710.0,730.0,83.15,86.26,827.5,889.75,2.8306,2.9406,105.36,64.12,93.9,2.917,425.428,404.499,729.676,2.347,75.39,77.05,78.92
2023-03-01,852.25,83.455,2.8438,2.4523,2.4848,2.4998,809.5,729.25,845.0,82.46,82.53,387.5,72.32,630.5,643.0,661.0,83.455,86.47,837.5,889.75,2.8988,3.0088,107.39,64.88,95.58,2.9498,454.588,427.992,724.186,2.3863,76.63,77.69,79.55
2023-03-02,864.5,85.05,2.8387,2.4978,2.5653,2.5153,814.5,736.75,860.0,82.84,82.84,400.75,72.65,690.5,634.0,645.0,85.31,87.945,849.5,895.25,2.7412,2.9037,107.073,65.3,95.29,2.9803,462.499,437.788,721.669,2.4078,76.7,78.16,79.96
2023-03-03,870.5,85.115,2.8881,2.5214,2.5104,2.5454,812.25,734.0,868.5,83.255,83.32,400.0,73.1,660.0,638.0,648.0,85.12,87.9,852.25,901.0,2.7431,2.9476,107.789,66.62,96.34,3.1204,468.399,445.994,707.185,2.4404,78.61,79.68,81.43
2023-03-06,854.25,85.78,2.8516,2.659,2.5665,2.5815,830.25,739.0,851.25,84.09,84.11,404.75,73.93,632.0,639.0,649.0,85.78,88.42,837.5,889.5,2.7166,2.9591,108.788,67.17,98.713,3.1665,461.857,448.081,735.853,2.5565,79.49,80.46,82.05
2023-03-07,837.0,83.9,2.7825,2.5757,2.5657,2.5157,829.75,720.5,833.5,84.56,84.66,402.75,74.43,615.0,645.0,653.0,83.9,86.08,818.5,864.5,2.6475,2.855,107.79,64.16,99.88,3.0707,462.431,451.27,740.2,2.4782,75.91,77.58,78.95
2023-03-08,821.5,82.37,2.7319,2.5889,2.5689,2.4939,813.5,702.75,818.5,81.96,82.04,398.75,71.81,594.0,630.0,635.0,82.37,84.505,803.75,841.75,2.5919,2.8019,105.009,63.46,96.48,3.0589,446.254,434.214,713.662,2.4914,75.96,76.66,78.25
2023-03-09,816.0,83.085,2.6589,2.5001,2.4651,2.4051,812.5,699.5,812.0,81.79,81.81,403.75,71.62,589.0,622.0,627.0,83.085,85.205,798.25,842.0,2.5189,2.7264,103.345,62.59,96.54,2.9251,441.509,428.38,706.342,2.3976,75.1,75.72,77.47
2023-03-10,830.0,82.235,2.7629,2.5608,2.4858,2.4533,803.5,691.25,825.75,80.205,80.29,401.0,70.03,576.0,607.0,610.0,82.435,84.53,807.75,852.25,2.6229,2.7429,99.104,63.57,93.994,2.8958,430.222,421.654,684.38,2.4533,75.89,76.68,78.38
2023-03-13,824.25,81.02,2.7215,2.5064,2.4364,2.4014,781.75,671.0,819.25,82.305,82.46,391.25,72.13,561.25,586.0,589.0,81.25,83.335,797.25,836.25,2.6315,2.684,102.75,61.58,96.494,2.6514,445.417,437.829,688.956,2.3889,73.97,74.8,76.31
2023-03-14,823.5,78.72,2.6644,2.523,2.433,2.3605,760.5,657.25,818.0,79.09,79.18,380.0,68.92,543.0,566.0,566.0,78.965,80.845,799.5,828.5,2.5844,2.5794,100.095,58.08,94.83,2.573,425.143,416.111,675.001,2.5355,70.72,71.33,72.66
2023-03-15,756.25,71.69,2.5499,2.4234,2.3579,2.2484,703.0,602.25,750.0,77.84,77.92,337.0,67.65,504.5,549.5,549.5,71.94,73.84,732.5,755.25,2.4049,2.4049,100.239,54.42,95.91,2.4884,422.7,409.383,673.628,2.4234,67.71,67.61,69.14
2023-03-16,772.75,73.0,2.5935,2.4885,2.3935,2.3135,717.25,612.5,766.75,73.98,74.19,354.5,63.88,480.0,516.0,516.0,73.65,75.325,747.0,766.5,2.3735,2.4635,93.867,55.21,88.83,2.5535,402.827,386.229,623.071,2.511,67.82,68.35,69.74
2023-03-17,801.75,72.07,2.5962,2.489,2.3665,2.3115,743.5,624.75,797.0,74.85,74.93,344.5,64.71,488.0,505.5,499.5,73.035,74.445,773.25,787.25,2.4087,2.4962,96.745,53.49,90.34,2.5515,398.266,384.664,637.712,2.4975,66.74,66.74,68.08
2023-03-20,800.5,71.49,2.6071,2.531,2.391,2.3535,740.0,627.5,784.5,70.29,70.35,350.5,60.13,477.0,492.0,486.0,72.505,73.92,770.0,778.25,2.4171,2.4946,92.515,54.31,86.65,2.586,376.69,364.569,599.279,2.541,67.64,67.64,68.9
2023-03-21,796.0,73.64,2.6252,2.4764,2.3589,2.3539,748.5,636.5,779.25,73.7,73.9,359.25,63.55,484.0,496.0,490.0,74.545,75.88,767.75,779.5,2.2702,2.4777,93.084,55.84,90.76,2.5889,395.892,384.986,629.476,2.517,68.83,69.33,70.44
2023-03-22,810.75,75.135,2.6628,2.5467,2.3732,2.4032,767.0,655.75,793.75,74.54,74.54,365.75,64.4,495.0,522.0,516.0,76.105,77.265,781.75,798.5,2.3203,2.5328,94.102,57.37,91.109,2.5932,397.424,386.617,631.764,2.5532,70.16,70.81,72.01
2023-03-23,808.0,75.61,2.6197,2.5471,2.3959,2.4184,768.25,664.0,788.0,76.09,76.1,371.5,65.94,502.0,535.0,527.0,76.53,77.705,776.75,809.25,2.1527,2.5047,94.355,56.32,93.753,2.6321,402.874,394.596,650.523,2.5546,69.07,69.97,70.87
2023-03-24,791.75,73.25,2.6202,2.5348,2.3785,2.4035,827.5,658.5,770.75,75.11,75.11,360.75,64.96,495.0,531.0,522.0,73.955,75.4,762.5,797.5,2.4005,2.5327,96.183,55.5,94.886,2.6398,402.351,396.581,650.98,2.5643,68.88,69.35,70.04
2023-03-27,792.25,75.305,2.7204,2.6176,2.4951,2.4917,842.5,668.5,770.25,74.745,74.745,374.5,64.6,497.0,532.0,520.0,75.82,77.36,762.0,794.75,2.5115,2.5865,94.402,59.1,93.99,2.7401,400.943,397.837,651.209,2.6651,71.41,72.81,73.89
2023-03-28,807.75,77.895,2.7146,2.627,2.5005,2.5221,856.75,686.0,784.25,77.845,77.85,392.25,67.69,502.75,537.0,525.0,78.395,79.92,777.25,809.25,2.3861,2.6136,97.053,59.31,96.32,2.7705,421.92,416.206,662.876,2.6705,71.2,73.2,73.94
2023-03-29,786.5,78.065,2.6256,2.5883,2.4623,2.4781,865.0,683.25,766.75,77.99,77.99,395.0,67.82,504.0,540.0,525.0,78.57,80.66,757.5,795.5,2.3065,2.504,95.896,58.98,96.45,2.7273,419.111,415.885,666.765,2.6198,71.05,72.97,73.66
2023-03-30,780.0,78.0,2.6239,2.5528,2.4628,2.4693,842.0,679.75,765.75,77.75,77.75,399.25,67.57,496.0,545.0,535.0,78.5,80.34,752.5,794.25,2.3038,2.4838,95.123,60.21,94.36,2.7703,420.037,416.388,662.876,2.6003,71.91,74.37,75.05
2023-03-31,784.5,79.045,2.6706,2.621,2.491,2.5185,858.0,679.0,772.5,78.05,78.05,410.5,67.88,487.0,545.0,535.0,79.485,81.48,759.25,804.5,2.3206,2.5281,94.4,61.05,93.98,2.861,424.611,421.138,647.777,2.651,73.35,75.67,76.18
2023-04-03,806.75,85.36,2.7126,2.6775,2.5375,2.605,896.75,717.0,800.5,84.05,84.11,442.25,73.9,514.0,576.0,562.0,85.58,87.69,787.25,830.25,2.5626,2.5676,99.888,68.22,101.655,2.8475,456.774,457.268,676.602,2.7275,78.89,80.42,81.52
2023-04-04,790.75,85.31,2.7167,2.6596,2.5171,2.5796,870.25,700.75,786.5,85.05,85.11,434.5,75.46,515.0,575.0,563.0,85.43,87.465,768.5,812.0,2.5067,2.5267,100.815,68.32,102.25,2.8271,458.104,460.319,684.609,2.7071,79.25,80.71,81.62
2023-04-05,808.25,85.55,2.771,2.7626,2.6201,2.6801,897.25,701.75,804.0,84.91,84.91,441.25,75.98,515.0,571.0,561.0,85.695,87.545,785.75,834.5,2.571,2.5835,100.338,68.29,101.86,2.9101,465.053,465.521,683.923,2.7776,79.13,80.61,81.44
2023-04-06,815.25,86.15,2.723,2.7733,2.6133,2.6758,917.5,704.75,812.5,84.545,84.55,447.25,76.21,516.0,567.0,557.0,86.43,87.995,795.0,845.5,2.5005,2.523,100.374,68.33,101.638,2.9233,464.689,464.675,680.262,2.7758,79.52,80.7,81.51
2023-04-10,,,2.5614,2.7629,2.5629,2.6829,,,,84.73,84.73,,76.73,,574.0,564.0,,,,,2.4014,2.5189,99.58,67.36,100.88,2.9329,474.119,473.945,678.432,2.7729,78.53,79.74,80.44
2023-04-11,789.5,86.08,2.8332,2.8102,2.6802,2.7402,916.75,698.25,788.75,84.5,84.54,455.75,76.49,515.0,576.0,569.0,86.31,87.76,770.25,819.25,2.3882,2.5007,98.981,68.89,101.435,2.9902,477.653,477.943,679.347,2.8377,80.33,81.53,82.12
2023-04-12,803.0,88.18,2.9431,2.7977,2.6727,2.7577,917.25,705.5,801.5,85.51,85.55,464.5,77.48,527.0,591.5,582.5,88.76,89.93,783.25,826.75,2.4181,2.5281,98.993,70.62,100.449,2.9977,476.552,479.208,684.609,2.8027,82.15,83.26,83.87
2023-04-13,804.0,87.875,3.0428,2.7492,2.6367,2.7067,924.0,707.75,801.25,87.31,87.31,460.25,79.25,527.5,599.0,592.0,88.45,89.575,781.75,824.5,2.4228,2.4353,100.504,69.42,100.61,2.9567,481.962,484.492,689.413,2.7767,81.29,82.16,82.66
2023-04-14,794.5,87.725,2.8867,2.7559,2.6409,2.7109,910.0,709.0,792.25,86.0,86.0,456.75,78.05,515.5,555.5,548.5,88.295,89.415,760.25,820.25,2.3592,2.3767,99.444,69.71,100.818,2.9609,474.375,475.738,686.439,2.7984,81.81,82.52,82.99
2023-04-17,778.25,86.48,2.8147,2.6765,2.554,2.6465,900.75,687.0,772.75,85.9,85.9,450.75,77.97,513.5,550.0,547.0,86.84,87.965,743.5,801.25,2.3347,2.3572,98.852,68.18,97.95,2.899,473.861,474.226,679.347,2.7265,80.29,80.83,81.45
2023-04-18,778.25,86.575,2.6699,2.6459,2.5809,2.6209,874.5,673.75,771.75,84.65,84.67,456.25,76.73,510.5,543.0,540.0,86.87,88.005,745.5,807.0,2.3199,2.3349,98.35,68.32,96.2,2.7509,469.483,468.846,667.451,2.6884,80.32,80.86,81.69
2023-04-19,763.25,85.5,2.7577,2.527,2.4755,2.508,849.75,664.0,755.75,83.55,83.57,446.75,75.8,503.5,537.0,535.0,85.725,86.88,732.75,791.0,2.3477,2.2977,96.899,66.61,95.042,2.6455,461.944,461.774,656.013,2.5705,78.48,79.16,79.94
2023-04-20,732.0,83.11,2.8099,2.4664,2.3764,2.4264,827.5,649.75,727.25,81.75,81.83,434.0,74.03,498.75,537.0,535.0,83.25,84.69,705.25,762.5,2.3149,2.2449,93.578,64.61,91.794,2.5964,454.546,454.538,657.614,2.4939,76.3,77.29,77.83
2023-04-21,740.0,83.365,2.7961,2.4516,2.3916,2.4416,820.25,655.5,728.5,80.75,80.83,437.0,73.05,505.5,541.0,538.0,83.445,84.735,710.0,770.75,2.3286,2.2292,92.616,65.04,91.198,2.6116,448.75,447.448,659.673,2.5116,76.69,77.81,78.23
2023-04-24,749.0,84.255,2.731,2.4725,2.3968,2.4793,820.75,664.0,736.25,80.9,80.98,447.75,73.19,507.5,543.5,540.5,84.29,85.775,719.25,780.75,2.2926,2.2826,93.412,66.07,91.1,2.76,455.562,453.816,660.131,2.526,77.43,78.76,79.31
2023-04-25,731.25,82.465,2.7711,2.4108,2.3783,2.4511,848.25,654.5,722.75,82.75,82.75,434.75,74.99,496.0,543.0,543.0,82.485,83.99,702.5,765.75,2.36395,2.2177,96.653,64.47,93.026,2.7383,465.004,462.761,668.367,2.4683,75.28,77.11,77.73
2023-04-26,717.0,82.21,2.6205,2.3725,2.3625,2.4094,823.75,650.0,709.25,80.24,80.24,435.0,72.5,492.0,535.0,534.0,82.22,83.74,690.25,756.5,2.2842,2.1617,94.191,61.42,90.686,2.6925,454.895,452.949,650.751,2.4375,73.04,74.3,74.84
2023-04-27,697.5,80.025,2.4567,2.3527,2.3127,2.3678,814.25,627.0,696.25,77.95,77.95,421.75,70.17,476.0,528.0,527.0,80.03,81.57,672.75,738.5,2.3025,2.1325,91.441,61.97,88.87,2.6427,437.664,435.416,635.882,2.394,73.1,74.76,75.32
2023-04-28,705.75,82.145,2.4446,2.4001,2.3451,2.3476,815.5,630.25,704.0,79.76,79.76,427.0,72.01,471.0,525.0,524.0,82.145,83.685,680.25,749.0,2.3546,2.1696,90.181,63.78,88.44,2.6751,437.262,435.474,635.882,2.4463,75.26,76.78,77.43
2023-05-01,,,2.3823,2.4429,2.3904,2.4254,,,,,,,,,,,,,,,2.3598,2.1923,,64.83,,2.6704,,,,2.4579,74.03,75.66,76.29
2023-05-02,673.0,77.18,2.3042,2.3457,2.2857,2.3057,827.75,592.5,669.5,78.595,78.6,404.25,70.87,443.0,505.0,506.0,77.28,78.88,648.0,711.75,2.2367,2.1192,90.46,60.84,88.983,2.5357,447.753,446.766,627.646,2.3407,70.36,71.66,72.36
2023-05-03,649.25,72.635,2.2473,2.2321,2.1896,2.2096,776.75,561.0,645.25,73.63,73.63,388.5,65.91,417.0,485.0,477.0,72.67,74.745,623.75,687.5,2.3223,2.0473,86.088,57.82,83.697,2.4221,426.039,425.175,585.553,2.2346,67.34,68.6,69.28
2023-05-04,659.25,73.185,2.2787,2.2634,2.2559,2.2359,752.0,569.5,655.75,72.95,72.95,383.25,65.27,417.5,489.0,483.0,73.27,75.39,634.75,700.75,2.1887,2.0687,86.493,57.97,81.696,2.4359,410.145,409.077,585.553,2.2684,67.53,68.56,69.4
2023-05-05,683.75,75.76,2.3972,2.329,2.2865,2.2865,766.5,582.5,679.75,73.25,73.25,390.25,65.55,428.5,495.0,490.0,75.815,78.19,658.25,723.25,2.1947,2.1697,86.827,60.75,81.951,2.54,401.138,400.335,585.553,2.3265,70.88,71.34,72.24
2023-05-08,,,2.4827,2.4141,2.4166,2.3966,,,,76.16,76.16,,68.44,,499.5,494.5,,,,,2.2577,2.2302,90.484,62.48,84.4,2.6216,429.948,429.552,609.116,2.4241,72.98,73.16,73.91
2023-05-09,685.0,75.68,2.5152,2.4224,2.4399,2.4324,793.75,582.25,680.75,75.81,75.81,400.75,68.12,432.75,495.0,490.0,75.68,78.0,660.5,723.5,2.2702,2.2502,90.567,62.97,83.39,2.6399,432.857,430.31,607.057,2.4259,73.81,73.71,74.46
2023-05-10,705.75,77.34,2.6434,2.4349,2.4499,2.4449,806.25,593.5,703.75,75.72,75.72,412.5,68.03,440.0,494.0,486.0,77.35,79.495,682.0,742.25,2.2284,2.2459,89.787,61.75,84.67,2.6049,435.805,431.182,601.566,2.4525,72.95,72.56,73.13
2023-05-11,695.0,76.195,2.587,2.3602,2.3727,2.3902,820.25,583.25,693.5,76.19,76.19,401.5,68.49,433.0,494.0,486.0,76.2,78.365,672.25,732.5,2.1945,2.2045,91.716,60.2,86.02,2.5077,440.758,433.047,602.253,2.3852,71.22,70.87,71.47
2023-05-12,680.0,75.255,2.5555,2.3427,2.3602,2.3652,791.25,569.25,675.5,73.53,73.53,397.5,66.17,413.75,478.0,470.0,75.315,77.04,657.0,719.5,2.1505,2.143,88.663,59.42,83.609,2.4802,431.209,420.569,589.442,2.3552,69.76,70.04,70.74
2023-05-15,691.0,75.46,2.563,2.3895,2.4295,2.502,783.0,561.75,688.25,73.3,73.3,402.25,66.22,413.25,472.0,465.0,75.465,77.23,667.75,728.0,2.223,2.203,87.453,60.49,83.06,2.522,430.262,420.188,579.147,2.412,70.5,71.11,71.81
2023-05-16,693.75,75.335,2.5264,2.4066,2.4191,2.4791,792.5,566.75,689.25,74.55,74.55,399.75,67.83,423.75,468.0,461.0,75.345,76.96,668.25,726.0,2.1689,2.1939,89.723,60.21,83.962,2.5891,434.653,424.649,581.435,2.4041,70.27,70.86,71.56
2023-05-17,708.5,76.325,2.5876,2.4742,2.4792,2.5642,802.5,586.0,704.25,73.15,73.15,406.5,67.25,429.5,468.0,463.0,76.335,77.98,681.75,739.75,2.2276,2.2551,88.383,62.14,84.26,2.7492,425.204,418.44,577.317,2.4942,72.29,72.83,73.4
2023-05-18,706.75,75.955,2.5276,2.4558,2.4883,2.5533,838.5,585.0,704.0,75.33,75.33,408.75,69.58,432.0,455.5,450.5,75.96,77.655,682.5,736.5,2.3076,2.2251,90.968,61.11,87.62,2.7483,439.95,435.694,586.468,2.4783,71.1,71.86,72.46
2023-05-19,702.0,75.95,2.4372,2.4236,2.4786,2.5461,836.75,593.0,699.75,75.01,75.01,411.25,69.25,432.5,455.25,449.25,76.005,77.665,677.0,731.75,2.35,2.1947,90.545,60.85,88.568,2.8161,438.439,436.172,586.468,2.4561,70.33,71.55,72.2
2023-05-22,695.75,75.93,2.4364,2.4489,2.5289,2.5689,817.75,592.25,694.5,74.225,74.225,408.75,68.5,424.75,446.0,440.0,76.13,77.755,672.0,725.5,2.3564,2.1839,88.559,61.29,87.44,2.8889,428.865,427.302,582.807,2.4864,70.53,71.99,72.65
2023-05-23,701.0,76.955,2.4592,2.47,2.5072,2.5822,841.75,604.0,700.0,74.92,74.92,411.75,68.97,437.0,441.5,435.5,77.095,78.785,679.5,731.0,2.2925,2.1775,89.529,62.18,88.19,2.8595,423.122,423.791,586.925,2.5125,71.65,72.76,73.53
2023-05-24,710.0,77.635,2.4567,2.54,2.5212,2.6162,860.0,622.0,709.25,76.64,76.64,414.75,70.65,439.0,448.0,439.0,77.965,79.69,688.75,740.0,2.3419,2.2119,89.859,63.57,89.76,2.895,430.284,430.027,599.279,2.56,73.01,74.19,74.9
2023-05-25,690.75,75.625,2.4437,2.4776,2.4426,2.5535,851.25,604.25,690.25,76.7,76.7,406.25,70.7,426.0,442.0,431.5,75.8,77.65,669.75,720.25,2.3366,2.1566,90.437,61.24,89.45,2.7926,434.974,433.777,601.338,2.4976,70.36,71.53,72.42
2023-05-26,703.25,76.285,2.4393,2.5488,2.4638,2.5634,837.75,616.25,702.25,75.34,75.34,410.75,69.33,430.5,431.0,420.0,76.495,78.325,682.5,730.5,2.2729,2.1779,89.032,62.45,87.38,2.8813,422.88,421.354,590.586,2.5538,71.89,72.67,73.76
2023-05-29,,,,,,,,,,76.25,76.25,,70.26,,436.0,423.0,,,,,,,89.971,,87.53,,428.31,428.582,596.534,,,,
2023-05-30,684.75,73.995,2.3708,2.4292,2.3442,2.4609,835.0,594.0,686.75,74.93,74.93,396.25,68.92,411.0,425.0,415.0,74.17,75.765,663.0,708.0,2.1865,2.104,89.01,59.24,86.86,2.8792,421.472,418.056,586.925,2.4367,69.06,69.46,70.73
2023-05-31,675.25,72.845,2.3234,2.3713,2.3088,2.4488,803.25,581.0,677.75,72.22,72.22,390.0,66.19,401.0,425.0,415.0,72.88,74.545,654.25,699.25,2.1684,2.1009,86.054,57.98,84.395,2.7838,405.978,403.363,569.996,2.3888,67.7,68.09,69.33
2023-06-01,694.75,74.46,2.3772,2.3562,2.2962,2.4437,795.0,591.75,698.25,71.68,71.68,407.75,65.64,403.5,430.0,420.0,74.575,76.14,673.5,719.25,2.2897,2.1697,86.039,62.78,84.239,2.6762,406.233,404.169,563.591,2.3912,69.64,70.1,71.39
2023-06-02,708.25,75.775,2.4219,2.4252,2.3807,2.4657,800.25,601.75,711.5,,,416.5,,406.5,,,76.03,77.575,686.75,730.75,2.4569,2.2129,,64.47,,2.7407,,,,2.4657,71.37,71.74,72.94
2023-06-05,720.25,77.195,2.3875,2.4714,2.4219,2.4544,827.75,610.5,723.0,76.44,76.44,424.0,70.39,411.5,449.0,434.0,77.315,78.81,698.75,740.25,2.4775,2.2525,91.692,65.0,88.882,2.7644,428.861,426.977,584.638,2.5119,71.77,72.15,73.45
2023-06-06,713.0,76.22,2.4003,2.4893,2.4643,2.4743,822.75,599.5,712.25,74.3,74.3,419.5,68.24,413.5,429.0,413.0,76.52,77.85,692.0,736.5,2.4678,2.2728,89.243,64.62,86.367,2.9243,419.938,414.609,565.879,2.5298,71.82,71.74,73.08
2023-06-07,720.25,76.585,2.4318,2.5562,2.6162,2.5837,839.25,590.25,718.25,75.16,75.16,425.0,69.12,419.0,441.0,421.0,77.265,78.495,702.25,744.25,2.5018,2.3018,90.67,65.33,87.709,3.0912,425.043,421.536,567.938,2.5987,72.73,72.53,73.83
2023-06-08,725.25,75.675,2.4398,2.4917,2.5877,2.5752,868.0,574.25,720.5,76.14,76.14,413.25,70.1,410.0,429.0,409.0,76.175,77.41,707.5,750.75,2.4748,2.2723,92.029,64.15,90.05,3.0127,425.807,420.396,568.395,2.5677,71.54,71.29,72.55
2023-06-09,716.75,75.675,2.3785,2.5132,2.5482,2.5582,855.0,579.0,711.25,75.2,75.2,418.75,69.19,413.0,428.0,408.0,76.14,77.395,700.25,742.0,2.636,2.221,91.257,63.01,89.58,2.9932,423.77,417.67,556.499,2.5757,70.47,70.17,71.42
2023-06-12,690.0,72.465,2.3276,2.3726,2.4326,2.3926,820.75,547.75,691.0,72.39,72.39,402.75,66.38,403.0,417.0,397.0,72.66,73.96,668.25,718.25,2.5191,2.1541,88.353,60.02,88.119,2.8826,411.657,406.301,545.747,2.4526,67.57,67.12,68.49
2023-06-13,713.5,74.015,2.378,2.4229,2.4929,2.4554,806.75,552.5,711.5,71.95,71.995,419.25,65.94,408.0,411.0,389.0,74.16,75.465,688.5,735.25,2.6055,2.2205,88.358,62.38,85.965,2.7679,408.5,405.428,537.74,2.4904,69.85,69.42,70.74
2023-06-14,711.5,73.925,2.3402,2.4296,2.4446,2.3846,832.0,539.0,711.0,74.6,74.6,420.75,68.6,410.0,420.0,395.0,74.275,75.565,685.5,727.5,2.5677,2.1727,91.567,61.27,87.826,2.7646,421.149,418.865,548.492,2.5071,68.4,68.27,69.65
2023-06-15,734.75,74.54,2.4571,2.4942,2.4417,2.4567,842.25,545.75,730.25,73.35,73.35,436.0,67.34,412.0,401.0,377.0,74.965,76.265,702.25,749.5,2.6896,2.3021,88.739,63.69,86.826,2.8517,416.103,414.58,534.309,2.6117,70.66,70.62,72.06
2023-06-16,777.0,75.45,2.5164,2.488,2.5055,2.498,850.25,549.25,770.0,75.45,75.45,438.75,69.44,423.0,407.0,383.0,75.845,77.26,728.75,778.25,2.5864,2.3364,93.274,64.7,89.179,2.8005,425.009,424.52,541.629,2.6455,71.57,71.78,73.19
2023-06-19,776.25,75.49,,,,,860.0,549.5,766.75,76.29,76.29,436.25,70.28,430.0,415.5,391.5,76.155,77.59,723.25,775.75,,,93.996,,89.688,,427.673,426.125,533.394,,,,
2023-06-20,750.25,74.47,2.4379,2.4592,2.4267,2.4917,852.0,546.5,731.5,77.455,77.455,436.75,71.44,428.0,412.5,390.5,75.115,76.39,702.25,755.25,2.5104,2.2679,93.011,63.64,89.56,2.7492,432.701,429.162,538.427,2.5617,70.38,70.5,71.87
2023-06-21,768.0,76.425,2.5042,2.4556,2.4241,2.5216,828.25,550.75,756.0,76.95,76.95,450.5,70.73,434.75,403.0,382.0,77.045,78.315,727.75,783.0,2.8642,2.3254,91.84,65.3,88.461,2.7841,432.674,429.598,533.394,2.5231,72.38,72.28,73.77
2023-06-22,744.75,73.805,2.408,2.3612,2.3451,2.4226,825.25,526.75,730.0,77.45,77.45,430.25,71.49,430.0,412.0,391.0,74.09,75.62,704.0,755.0,2.4174,2.226,93.673,62.2,88.596,2.7115,441.159,438.76,532.021,2.449,69.4,69.23,70.65
2023-06-23,731.75,73.175,2.3751,2.3041,2.2372,2.4547,807.0,517.75,716.0,74.1,74.1,434.25,68.16,421.0,399.0,376.0,73.515,75.04,690.75,744.0,2.6979,2.1779,89.454,61.9,85.556,2.6366,429.47,427.146,505.484,2.3941,68.89,68.89,70.35
2023-06-26,736.5,73.49,2.4068,2.3648,2.2298,2.505,804.25,512.5,718.25,74.5,74.5,436.5,68.7,415.0,370.0,345.0,73.98,75.535,697.75,752.75,2.7377,2.2227,89.693,62.45,85.488,2.6548,428.825,425.309,505.713,2.4123,69.63,69.37,70.91
2023-06-27,738.0,72.755,2.339,2.3146,2.2346,2.4293,807.0,507.75,723.25,75.49,75.49,424.25,69.77,413.0,370.0,345.0,73.26,74.815,701.25,756.5,2.6966,2.2026,90.806,60.73,86.415,2.6221,427.655,423.515,514.177,2.3846,69.05,67.7,69.29
2023-06-28,724.0,73.26,2.3467,2.3771,2.2896,2.4759,811.75,516.75,718.75,74.25,74.25,430.0,68.79,418.0,370.0,345.0,73.825,75.275,695.25,759.5,2.4948,2.2198,89.618,62.49,85.451,2.7171,415.698,416.604,516.465,2.4546,70.9,69.56,71.06
2023-06-29,715.75,73.075,2.3631,2.3534,2.2734,2.5052,820.25,511.75,710.25,,,434.25,,413.0,,,73.67,74.72,688.0,759.25,2.4572,2.2297,,62.76,,2.7734,,,,2.4969,71.2,69.86,71.33
2023-06-30,728.25,74.97,2.4101,2.4199,2.2949,2.5149,819.75,528.0,723.25,76.39,76.39,450.5,70.22,,370.0,345.0,75.53,76.625,699.75,768.75,2.5476,2.2651,91.295,63.49,87.572,2.8149,437.546,432.397,538.884,2.4924,72.03,70.64,72.14
2023-07-03,725.75,75.465,,,,,820.0,524.75,722.0,75.2,75.36,454.25,69.85,418.25,415.0,392.0,75.86,77.03,698.25,769.5,,,90.527,,86.44,,444.355,440.48,537.283,,,,
2023-07-04,738.0,75.86,,,,,805.25,521.5,732.5,75.195,75.27,449.75,69.83,416.0,411.0,395.0,76.23,77.44,708.75,777.75,,,90.329,,84.308,,450.444,444.93,534.537,,,,
2023-07-05,761.25,76.67,2.4283,2.4233,2.2683,2.4183,813.75,521.75,754.5,75.43,75.52,450.75,70.04,414.0,414.0,406.0,77.035,78.27,730.5,787.0,2.5933,2.3208,91.245,66.0,83.812,2.7883,454.416,449.494,533.622,2.4708,73.37,71.79,73.36
2023-07-06,736.75,75.465,2.4169,2.4438,2.3138,2.4338,817.0,511.75,736.5,77.3,77.32,428.5,71.57,412.0,417.0,406.0,75.745,77.0,712.75,774.75,2.5894,2.2929,92.874,66.0,85.268,2.8138,454.198,450.408,547.348,2.4913,73.83,71.8,73.46
2023-07-07,754.5,77.905,2.4966,2.4918,2.3293,2.4793,830.0,540.5,759.75,77.85,77.89,448.25,71.74,429.0,429.0,422.0,78.135,79.44,736.25,804.5,2.6691,2.3766,93.551,68.05,87.515,2.9693,457.848,459.179,552.839,2.5293,75.52,73.86,75.57
2023-07-10,762.75,78.735,2.4757,2.5071,2.3246,2.4646,830.25,557.25,769.75,78.27,78.29,452.5,72.46,,433.75,428.75,78.89,80.255,746.5,813.5,2.6632,2.3682,94.986,67.19,87.38,2.9496,462.403,464.498,563.82,2.4996,74.73,72.99,74.64
2023-07-11,770.0,79.445,2.4937,2.5502,2.3477,2.5027,836.5,575.5,777.25,78.81,78.81,459.5,73.02,459.5,450.0,445.0,79.535,80.925,754.0,813.0,2.4937,2.3962,96.041,68.92,89.372,2.9727,467.941,470.631,574.572,2.5602,76.45,74.83,76.41
2023-07-12,771.25,80.315,2.5396,2.577,2.327,2.512,862.25,580.0,773.75,79.9,79.91,459.75,74.0,467.0,460.5,453.5,80.39,81.8,757.25,813.5,2.6796,2.3946,97.211,69.74,91.017,3.007,474.811,471.07,580.291,2.5895,77.04,75.75,77.25
2023-07-13,773.5,80.425,2.5529,2.6086,,2.5186,876.5,,778.75,81.1,81.1,460.0,75.07,467.5,454.25,447.25,80.485,82.225,763.5,816.0,2.6904,2.4049,98.353,70.91,92.814,2.9986,474.492,472.275,591.043,2.5861,78.3,76.89,78.39
2023-07-14,775.0,79.895,2.5429,2.5737,2.2937,2.4637,877.0,582.25,777.0,81.94,82.07,458.75,75.81,469.5,,,80.135,81.88,761.25,815.5,2.5299,2.4169,97.872,69.41,93.887,2.8937,482.644,477.394,602.481,2.5512,77.18,75.42,76.9
2023-07-17,767.5,78.7,2.5392,2.5742,2.3167,2.4567,860.75,561.5,770.75,79.455,79.455,450.25,73.71,455.5,,,78.86,80.715,754.0,806.5,2.4962,2.3757,96.139,68.06,92.9,2.8817,463.58,457.41,576.631,2.5467,75.71,74.15,75.61
2023-07-18,770.75,79.335,2.5719,2.6044,2.4044,2.5194,874.0,564.25,778.25,79.6,79.6,453.25,73.74,463.0,436.0,426.0,79.48,81.315,761.5,814.25,2.5394,2.4054,96.764,69.46,94.427,2.9444,464.41,458.435,569.539,2.6094,76.69,75.75,77.18
2023-07-19,790.75,80.145,2.6318,2.668,2.4205,2.5905,880.75,584.25,796.75,81.0,81.02,459.75,75.17,479.0,453.0,443.0,80.32,82.14,783.0,835.75,2.5868,2.4543,98.595,69.02,94.78,2.9705,473.379,468.636,587.84,2.648,76.55,75.35,76.55
2023-07-20,783.0,79.05,2.6469,2.7132,2.4532,2.6182,891.0,578.5,790.75,81.05,81.07,455.25,75.18,480.0,451.0,439.0,,,773.75,829.25,,2.4774,99.234,69.15,96.423,2.8632,477.35,470.438,597.22,2.7007,76.89,75.63,76.68
2023-07-21,811.75,80.27,2.7282,2.7642,2.4818,2.7018,908.0,589.0,811.5,81.74,81.76,464.5,75.84,481.5,457.0,445.0,80.315,82.18,801.0,860.75,2.6982,2.5505,101.375,70.67,97.847,2.9218,484.745,476.885,600.423,2.7392,77.83,77.17,78.31
2023-07-24,840.25,82.595,2.7505,2.8591,2.5451,2.8201,939.0,,838.5,82.54,82.56,479.75,76.66,482.0,456.0,444.0,82.63,84.53,832.5,885.75,2.7095,2.5865,103.713,72.23,99.511,2.9041,492.045,483.936,602.253,2.8491,79.29,78.84,79.86
2023-07-25,822.5,82.985,2.7476,2.8163,2.5663,2.7983,940.0,606.5,820.0,84.255,84.26,478.5,78.36,480.0,461.0,449.0,83.0,84.985,815.0,866.0,2.6959,2.5959,105.294,73.4,99.68,3.0213,495.856,487.884,605.684,2.8288,80.27,79.93,81.15
2023-07-26,849.75,83.76,2.8179,,,,966.75,613.5,844.5,84.3,84.3,483.75,78.39,,465.0,450.0,83.845,85.71,841.0,889.5,2.9092,2.6692,105.118,72.52,99.23,3.0302,500.758,492.695,612.547,2.8802,79.28,78.78,80.04
2023-07-27,872.75,83.865,2.9044,2.9515,2.6215,2.933,953.0,624.75,864.75,84.1,84.1,489.5,78.18,490.0,471.0,456.0,84.045,85.6,863.75,908.75,2.8438,2.7738,107.714,73.77,101.11,3.0965,503.55,497.925,622.155,2.944,80.52,80.09,81.26
2023-07-28,892.75,84.105,2.9511,2.9351,2.6376,2.9933,972.25,624.5,886.0,84.75,84.75,498.25,78.8,492.0,487.0,472.0,,,883.5,927.5,2.8848,2.8123,108.431,74.35,101.02,3.1676,509.321,503.468,634.966,2.9326,80.96,80.58,81.73
2023-07-31,895.75,85.64,2.988,2.9355,2.6655,2.9455,968.0,641.75,888.5,85.64,85.64,513.25,79.69,507.0,480.0,470.0,85.74,87.43,886.5,934.25,2.9205,2.8555,110.327,75.34,101.41,3.1755,517.457,510.735,652.353,2.943,82.12,81.8,83.0
2023-08-01,929.75,85.35,3.0184,2.8955,2.643,2.908,964.0,627.5,916.0,85.84,85.84,514.5,79.87,505.0,509.0,499.0,85.375,87.065,919.0,975.25,2.9584,2.8709,113.106,76.72,101.732,3.143,533.413,528.718,648.235,2.898,82.02,81.37,82.57
2023-08-02,898.5,84.07,2.9993,2.7658,2.6133,2.8358,968.75,625.5,887.25,,,522.0,80.35,503.0,,500.0,84.09,85.65,890.5,946.25,2.9593,2.8473,114.839,74.92,99.82,3.0458,554.464,555.862,653.039,2.7883,79.93,79.49,80.71
2023-08-03,913.75,85.69,3.0749,2.7797,2.6047,2.8347,930.0,633.25,904.25,83.98,84.05,530.75,78.04,505.5,532.0,526.0,85.725,87.225,905.5,959.75,3.0299,2.9164,111.55,76.95,95.444,3.0347,533.053,532.984,632.908,2.7622,81.99,81.55,82.75
2023-08-04,916.0,86.805,3.0572,2.8356,2.6331,2.8681,938.0,641.5,908.75,87.105,87.13,541.0,81.14,514.0,547.0,543.0,,,909.75,961.25,2.8172,2.9097,114.729,78.14,97.586,3.0531,549.676,545.33,648.693,2.7906,83.44,82.82,84.02
2023-08-07,901.25,86.14,3.0205,2.8444,2.6669,3.0344,946.25,638.75,898.0,87.74,87.75,528.75,81.79,516.0,565.0,564.0,86.27,87.68,895.0,956.0,2.7705,2.8655,113.398,77.24,98.295,3.0744,544.405,545.643,655.556,2.8269,82.68,81.94,83.14
2023-08-08,901.25,86.7,3.0931,2.9126,2.6851,3.0576,938.75,643.25,899.0,,,524.5,81.17,522.0,561.0,560.0,86.795,88.11,896.0,959.25,2.8406,2.9381,112.246,78.2,99.072,3.1251,535.652,536.83,656.699,2.8626,83.87,82.92,84.14
2023-08-09,953.0,88.42,3.2145,2.9704,2.7934,2.9734,953.25,660.25,951.75,,,543.75,,531.0,,,88.585,89.82,948.0,1007.5,3.152,3.062,,79.65,,3.2084,,,,2.9359,85.01,84.4,85.62
2023-08-10,934.25,88.22,3.1633,2.9447,2.7697,2.8797,979.25,652.5,932.5,89.04,89.04,,,537.25,,,88.255,89.745,926.0,1001.75,3.1383,3.0083,120.536,78.3,104.888,3.2147,552.383,547.812,670.197,2.8947,83.48,82.82,84.19
2023-08-11,931.0,88.33,3.1415,3.0299,2.8299,2.9249,980.75,652.75,930.25,87.89,87.92,552.25,81.97,542.25,571.0,578.0,88.445,89.93,923.0,1001.5,3.0215,2.9795,118.133,78.8,103.599,3.2749,546.898,536.831,658.301,2.9224,84.03,83.19,84.73
2023-08-14,916.5,87.665,3.1108,2.9712,2.7312,2.8237,977.5,641.5,906.0,87.6,87.69,539.75,81.68,533.0,587.0,595.0,87.835,89.325,907.0,978.5,3.1033,2.9523,116.565,78.14,102.902,3.2162,541.965,531.383,659.216,2.8612,83.51,82.51,84.06
2023-08-15,901.5,86.145,3.053,2.8976,2.6326,2.7376,976.25,629.75,894.5,87.15,87.19,527.75,81.21,514.0,570.0,579.0,86.195,87.61,890.5,950.75,3.043,2.8915,116.277,76.7,103.055,3.1576,540.726,528.782,650.294,2.8101,82.17,80.99,82.57
2023-08-16,900.5,86.04,3.0484,2.9171,2.6421,2.7271,976.5,636.0,890.5,86.05,86.05,525.0,80.12,507.0,547.0,555.0,86.1,87.49,890.25,953.5,2.9959,2.8949,114.323,75.21,102.082,3.2471,528.909,516.553,639.999,2.8271,80.13,79.38,81.03
2023-08-17,919.25,85.645,3.1238,2.8817,2.5867,2.6742,980.5,,908.75,84.98,84.98,518.5,79.05,508.0,531.75,536.75,85.73,87.13,909.0,967.5,3.0688,3.0363,115.018,76.12,101.58,3.2017,527.072,512.861,642.745,2.7892,81.61,80.39,82.07
2023-08-18,931.75,85.57,3.1797,2.8932,2.5982,2.6882,978.25,630.25,923.75,85.4,85.4,523.25,79.45,,533.5,538.5,,,924.0,983.75,3.1347,3.1047,118.0,76.74,100.817,3.2032,536.836,522.377,643.202,2.8082,82.34,81.25,82.67
2023-08-21,930.75,86.35,3.1412,2.8276,2.5401,2.6226,960.0,,922.75,86.94,86.94,526.25,81.0,514.0,554.0,559.0,86.42,87.88,924.25,983.5,3.0912,3.0052,119.552,76.23,101.963,3.1526,548.479,533.499,655.098,2.8026,81.61,80.72,82.1
2023-08-22,929.5,85.37,3.1613,2.8175,2.5391,2.6266,950.5,644.5,915.5,85.75,85.75,524.5,79.8,515.5,,,85.4,86.95,922.75,982.75,2.9288,3.015,115.635,75.85,101.747,3.2391,545.184,530.276,651.438,2.55,80.57,80.35,81.73
2023-08-23,928.5,84.085,3.1491,2.8295,2.4688,2.6063,,646.75,,85.35,85.35,514.75,79.4,511.5,551.0,551.0,84.085,85.875,922.75,981.75,2.8771,3.0046,117.123,75.12,104.074,3.1995,534.99,522.83,651.438,2.602,79.07,79.52,81.06
2023-08-24,933.0,83.925,3.1689,2.8735,2.5,2.645,980.75,649.75,924.0,85.1,85.19,505.0,79.15,512.5,553.75,551.75,83.93,85.705,927.5,996.25,3.0571,3.0421,116.669,75.41,104.151,3.371,521.484,500.469,657.386,2.6245,79.1,79.71,81.35
2023-08-25,961.0,85.19,3.32,2.945,2.52,2.7489,990.75,647.5,953.25,86.19,86.28,508.75,,516.0,,,85.215,86.795,953.0,1019.5,3.1973,3.1948,122.33,76.63,105.149,3.435,527.638,505.042,660.588,2.691,80.37,80.54,82.31
2023-08-28,,,3.2162,2.8644,2.5469,2.6882,,,,86.3,86.39,,80.35,,575.0,575.0,,,,,3.1011,3.0821,121.851,75.87,104.646,3.3569,530.379,507.43,661.961,2.6079,79.98,80.1,81.47
2023-08-29,948.75,86.16,3.2195,2.8465,2.489,2.7305,994.0,648.25,940.25,86.09,86.18,516.25,80.15,526.5,572.0,575.0,86.305,87.84,936.5,998.5,3.2975,3.065,119.045,76.91,103.22,3.3465,528.888,504.746,660.131,2.6015,81.4,81.16,82.51
2023-08-30,908.25,86.3,3.1087,2.8571,2.5071,2.7652,,,904.0,86.79,86.88,515.75,80.85,,590.0,600.0,86.635,88.165,901.25,962.5,3.2158,2.9383,118.899,77.36,102.21,3.2271,523.02,508.967,661.046,2.6021,82.18,81.63,82.98
2023-08-31,908.5,87.41,3.1531,2.7584,2.4959,2.7959,975.5,652.25,904.75,87.54,87.63,525.0,81.6,541.5,575.0,580.0,87.7,89.23,902.5,968.0,3.2631,2.9781,115.698,78.97,102.325,3.2259,515.029,508.798,662.19,2.5484,84.34,83.63,84.99
2023-09-01,928.75,89.485,3.13,2.7937,2.4962,2.8912,959.75,667.75,940.75,,,546.75,,560.0,,,89.69,91.225,921.5,988.5,3.29,2.9525,,80.91,,3.3712,,,,2.5672,86.48,85.55,86.75
2023-09-04,937.75,90.575,,,,,940.0,667.25,948.0,89.69,89.69,522.25,83.75,569.0,582.0,587.0,90.9,92.445,928.75,992.75,,,117.253,,103.766,,515.676,509.302,670.654,,,,
2023-09-05,970.0,91.87,3.2221,2.7685,2.4685,2.831,925.75,684.25,981.0,89.21,89.21,539.0,83.3,584.0,578.0,583.0,92.32,93.85,959.0,1010.0,3.3946,3.0221,118.013,82.17,103.577,3.361,511.191,508.98,661.275,2.5345,87.31,86.69,87.91
2023-09-06,954.75,91.315,3.1777,2.7939,2.4764,3.0014,926.5,676.5,965.0,90.56,90.56,545.0,84.65,578.0,583.5,586.5,91.6,93.135,938.5,980.75,3.3677,2.9837,117.446,82.92,101.911,3.3814,526.516,525.061,676.831,2.5361,87.63,87.54,88.79
2023-09-07,964.0,91.915,3.1861,2.778,2.498,3.023,941.0,676.75,980.75,91.495,91.495,549.25,85.6,571.0,589.0,592.0,92.095,93.63,951.25,993.5,3.3873,3.0033,117.607,82.25,103.246,3.473,536.521,536.841,681.178,2.5555,86.51,86.87,88.12
2023-09-08,1015.0,92.43,3.2666,2.8512,2.4987,3.0787,968.75,689.5,990.0,91.09,91.09,548.75,85.2,583.0,584.0,587.0,92.595,94.14,995.0,1037.75,3.4741,3.0641,121.662,82.95,104.335,3.5037,534.018,533.676,682.093,2.6087,86.98,87.51,88.76
2023-09-11,1041.0,92.065,3.3472,2.9087,2.5837,3.0637,972.0,695.75,1013.5,91.59,91.59,524.5,85.7,576.5,592.0,595.0,92.22,93.775,1017.75,1054.5,3.5372,3.1422,123.327,82.88,104.645,3.5687,534.252,531.717,691.243,2.6687,87.27,87.29,88.68
2023-09-12,1007.25,93.6,3.2933,2.9054,2.6129,3.0279,982.75,716.75,1000.75,92.35,92.35,554.75,86.45,589.5,594.0,597.0,93.645,95.42,983.25,1046.5,3.8783,3.1323,124.772,84.39,106.463,3.5579,542.402,534.32,704.969,2.6814,88.09,88.84,90.23
2023-09-13,1022.25,93.395,3.4004,2.9084,2.6234,2.9234,987.0,713.75,1008.25,93.9,93.9,557.75,88.0,588.0,596.0,601.0,93.43,95.225,995.5,1058.75,3.9854,3.2304,124.533,84.19,107.085,3.5684,551.581,542.299,707.257,2.6609,88.18,88.52,90.0
2023-09-14,1043.5,95.045,3.4315,2.9127,2.6327,2.9227,992.5,715.0,1029.0,93.85,93.86,572.75,87.95,586.0,598.0,603.0,95.11,96.84,1020.0,1075.0,3.9615,3.235,125.845,85.96,108.288,3.5727,549.621,537.909,702.224,2.6452,89.71,90.16,91.71
2023-09-15,1020.25,95.095,3.3484,2.8731,2.5981,2.8381,996.25,710.25,1006.75,95.55,95.55,568.75,89.65,582.0,604.5,609.5,95.14,96.895,990.5,1055.0,3.8634,3.1134,128.438,86.57,111.354,3.5381,552.546,538.618,704.054,2.5906,90.55,90.77,92.57
2023-09-18,999.5,96.205,3.2833,2.8529,2.5779,2.7404,997.25,717.25,976.25,95.21,95.21,569.5,89.3,579.5,601.0,606.0,96.23,98.27,950.5,1033.5,3.7683,3.0508,125.044,87.17,109.983,3.5279,536.391,523.098,702.224,2.5779,90.82,91.48,93.25
2023-09-19,1003.75,96.785,3.3664,2.8181,2.5631,2.6331,985.5,717.75,985.25,95.2,95.2,557.25,89.3,585.0,603.5,612.5,96.81,98.98,960.25,1047.0,3.8539,3.1475,122.842,86.77,108.302,3.4881,524.808,511.072,707.715,2.5331,89.25,91.2,92.55
2023-09-20,986.0,95.67,3.3318,2.7982,2.5692,2.6117,964.75,715.25,966.5,93.89,93.89,547.0,88.0,577.0,597.75,605.75,95.67,97.865,944.0,1029.75,3.8068,3.0706,124.226,85.91,105.665,3.4492,521.463,508.881,699.936,2.5182,89.15,90.28,91.74
2023-09-21,1030.5,94.85,3.378,2.8106,2.5699,2.6099,946.0,716.25,1008.5,93.24,93.24,545.25,87.35,569.0,611.0,625.0,94.85,97.295,990.25,1069.75,3.848,3.107,123.677,86.02,103.723,3.4499,514.131,506.07,699.021,2.5306,87.48,90.42,92.03
2023-09-22,1004.25,94.355,3.3212,2.7319,2.4993,2.5518,945.25,712.75,987.5,94.3,94.3,545.0,88.4,567.0,611.0,626.0,94.355,97.145,965.75,1045.0,3.4673,3.0498,124.495,86.26,104.055,3.8119,525.272,515.464,708.172,2.4744,87.22,91.09,92.21
2023-09-25,982.25,93.365,3.2572,2.7309,2.4134,2.5289,914.5,702.5,973.0,94.11,94.19,540.5,88.2,561.0,613.0,626.0,93.365,96.3,946.5,1024.0,3.4301,3.0126,122.646,85.59,102.21,3.8034,527.33,517.406,703.597,2.4584,86.03,90.68,91.45
2023-09-26,971.0,94.08,3.2188,2.7466,2.3066,2.5547,910.5,701.25,972.0,92.81,92.81,543.0,86.9,554.5,614.0,627.0,94.08,97.015,935.0,1013.25,3.4013,2.9913,119.453,85.85,100.045,3.8166,521.528,508.038,691.701,2.4766,89.27,90.39,91.44
2023-09-27,986.75,97.79,3.2972,2.7801,2.3801,2.5986,916.75,711.0,990.75,95.45,95.45,563.5,89.55,567.5,613.0,628.0,97.79,100.565,957.5,1032.75,3.4921,3.0746,122.241,88.59,100.543,3.8501,541.261,531.73,701.767,2.5251,91.97,93.68,94.35
2023-09-28,1011.5,97.815,3.313,2.6637,2.2912,2.5003,899.0,703.25,1014.25,96.99,96.99,549.0,91.1,557.0,640.0,650.0,97.815,99.87,980.75,1051.0,3.7504,3.0754,124.636,86.93,101.778,3.9662,547.63,538.005,698.335,2.4412,89.93,91.71,92.41
2023-09-29,1019.75,96.3,3.3706,2.5645,2.3195,2.4495,872.75,693.75,1020.75,96.14,96.14,529.25,90.25,544.5,635.0,645.0,96.31,98.32,987.25,1057.5,3.7806,3.0906,123.922,86.38,98.274,3.4395,528.671,519.181,690.099,2.3845,89.46,90.79,91.57
2023-10-02,985.25,94.635,3.2975,2.5547,2.3222,2.4747,854.5,675.75,976.0,93.11,93.11,495.5,87.2,535.5,607.0,617.0,95.13,96.35,950.25,1017.5,3.6725,2.995,122.916,82.55,96.381,3.4522,509.364,494.771,691.243,2.4067,87.01,88.82,89.69
2023-10-03,967.75,94.645,3.2604,2.4901,2.3001,2.4226,836.0,674.5,962.5,91.1,91.1,495.0,85.2,553.0,609.0,615.0,94.735,96.375,933.0,1009.75,3.6454,2.9579,120.713,82.93,93.857,2.7801,489.697,474.552,680.949,2.3421,87.36,89.23,90.17
2023-10-04,932.0,91.68,3.0878,2.3405,2.098,2.258,796.75,646.75,932.25,90.67,90.68,478.5,84.75,542.0,607.0,613.0,91.765,93.415,907.5,979.5,3.4678,2.7953,117.701,77.92,90.802,2.618,490.685,468.2,671.34,2.1525,82.06,84.22,85.22
2023-10-05,880.75,88.355,2.9637,2.319,2.079,2.2715,777.5,628.75,887.75,86.3,86.3,457.25,80.4,531.0,592.25,599.25,88.43,90.275,856.75,928.5,3.3187,2.6787,111.55,76.02,88.561,2.529,465.79,441.654,652.124,2.1405,80.77,82.31,83.23
2023-10-06,878.25,88.115,2.9933,2.3197,2.0822,2.2522,779.5,629.75,885.25,84.85,84.85,468.75,78.95,532.0,598.0,603.0,88.15,90.165,854.5,921.5,3.3508,2.7283,107.987,76.53,88.406,2.5322,465.251,442.111,643.202,2.1422,81.42,82.79,83.74
2023-10-09,898.5,91.375,3.0504,2.3181,2.2006,2.2731,803.0,651.75,908.75,87.05,87.1,492.0,81.17,536.0,608.0,615.0,91.5,93.785,879.0,952.75,3.4166,2.8116,112.314,80.1,92.619,2.5781,487.533,466.23,658.072,2.1756,84.54,86.38,87.32
2023-10-10,908.25,90.705,3.0926,2.3384,2.2484,2.2759,802.5,647.5,918.0,88.495,88.5,482.25,82.6,535.0,601.75,607.75,90.84,93.295,889.25,964.0,3.4701,2.8626,112.282,79.62,92.108,2.8534,487.063,459.909,659.902,2.1846,84.24,85.97,86.85
2023-10-11,897.5,88.205,3.066,2.2876,2.2001,2.2101,808.0,636.25,908.5,88.21,88.21,473.0,82.3,524.0,593.75,600.75,88.52,90.895,878.25,951.5,3.4485,2.806,115.401,77.3,93.361,2.7551,486.031,462.092,656.699,2.1201,81.86,83.49,84.26
2023-10-12,907.5,89.375,3.1249,2.155,2.135,2.16,801.0,638.0,912.0,87.28,87.28,465.75,81.4,535.0,584.75,591.75,89.435,92.29,872.0,972.75,3.4949,2.8099,114.42,77.0,92.242,2.71,472.92,454.351,648.006,2.07,81.28,82.91,83.7
2023-10-13,959.5,92.76,3.4617,2.2788,2.2178,2.3228,788.25,648.5,946.75,88.92,88.92,477.75,82.9,542.75,588.5,595.5,92.835,95.595,922.25,1023.5,3.6617,2.9567,116.029,81.84,93.179,2.8103,474.054,459.28,657.0,2.1728,86.4,87.69,88.51
2023-10-16,954.5,93.1,3.3867,2.3155,2.188,2.313,787.25,643.0,955.25,91.13,91.13,487.0,85.1,542.0,597.75,605.75,93.27,96.08,925.75,1018.5,3.2742,2.8542,118.331,80.78,94.382,2.818,493.514,475.457,660.0,2.1805,85.08,86.66,87.51
2023-10-17,926.25,91.77,3.5117,2.3458,2.1845,2.3445,791.25,638.5,922.75,90.8,90.8,480.75,84.77,544.25,590.75,596.75,92.22,95.06,897.5,984.25,3.1967,2.8867,116.585,80.8,93.814,2.5645,491.911,474.249,654.75,2.193,85.25,86.66,87.45
2023-10-18,935.75,93.07,3.9118,2.3978,2.2685,2.4935,819.25,654.75,935.25,92.47,92.47,496.75,86.45,555.5,611.0,622.0,93.87,96.74,912.0,997.5,3.1143,2.8643,117.752,82.45,95.786,2.556,502.369,487.116,669.75,2.271,86.63,88.32,89.08
2023-10-19,931.75,93.22,4.203,2.3405,2.2717,2.5117,825.5,664.25,932.0,91.2,91.2,498.25,85.18,564.75,597.5,610.5,93.97,96.875,909.25,993.0,3.148,2.8774,115.153,83.4,94.643,2.4617,498.122,476.795,670.125,2.2792,87.39,89.37,90.0
2023-10-20,954.25,95.04,4.2566,2.3438,2.2236,2.4211,839.25,669.5,949.0,93.45,93.46,498.0,87.45,567.75,612.0,625.0,95.685,98.645,932.25,1019.0,,2.8592,117.935,82.77,96.433,2.6036,506.558,488.141,677.625,2.2763,86.86,88.75,89.21
2023-10-23,941.25,93.135,3.1955,2.2716,2.1335,2.3435,831.0,658.5,933.75,92.345,92.35,480.75,86.35,568.0,608.0,621.0,93.635,96.665,920.75,1005.5,3.0656,2.8306,117.313,80.48,96.641,2.5416,489.176,468.271,678.875,2.1916,83.45,86.44,86.92
2023-10-24,902.75,88.745,3.1049,2.1727,2.0676,2.2026,809.5,633.0,894.0,90.5,90.5,464.75,84.5,561.0,606.0,617.0,89.715,92.765,883.5,964.0,2.8875,2.7775,112.934,78.36,95.008,2.4077,482.601,460.492,666.875,2.1002,82.15,84.46,84.58
2023-10-25,896.5,88.945,3.0355,2.2138,2.0188,2.1692,798.0,639.5,889.0,89.04,89.04,469.0,83.05,573.0,621.25,631.25,90.185,93.265,879.0,954.75,2.9691,2.7806,111.44,80.08,94.454,2.4488,474.193,452.713,662.75,2.1203,84.46,86.08,86.08
2023-10-26,905.5,89.69,3.0289,2.1621,2.0521,2.1286,806.0,641.0,894.5,90.54,90.54,462.5,84.55,573.0,626.0,636.0,90.795,93.9,889.75,960.0,2.8456,2.8156,113.166,77.83,95.619,2.4871,479.925,457.777,663.125,2.0786,82.71,83.21,83.87
2023-10-27,894.25,89.235,3.0344,2.2152,2.1752,2.175,806.0,635.75,882.25,89.745,89.745,451.75,83.75,556.5,620.5,634.5,90.16,93.06,879.0,951.25,2.8487,2.8487,113.671,80.25,96.723,2.5452,483.253,461.753,657.375,2.1252,85.07,85.54,86.24
2023-10-30,882.5,89.025,2.9011,2.1243,2.1568,2.081,823.0,627.5,861.75,89.86,89.86,437.75,83.85,560.0,612.0,626.0,89.455,92.395,867.0,940.75,2.7641,2.8116,111.521,77.09,94.69,2.4668,472.102,447.007,647.75,2.0218,81.64,82.31,82.96
2023-10-31,900.25,88.51,2.96,2.1423,2.1923,2.0873,808.25,632.5,877.25,88.06,88.06,447.25,82.7,561.5,630.0,640.0,89.12,91.44,883.25,955.75,2.76,2.83,110.889,76.18,92.891,2.4673,465.207,445.114,646.25,2.0523,80.33,81.02,81.67
2023-11-01,908.25,88.625,2.8715,2.088,2.1505,2.0605,820.5,634.25,885.0,86.26,86.31,457.25,80.9,527.0,597.0,597.0,89.03,90.96,891.75,959.25,2.8315,3.0165,111.928,73.77,93.742,2.4155,460.538,444.158,643.5,2.0205,79.73,80.44,81.05
2023-11-02,929.0,88.495,2.893,2.166,2.216,2.126,818.75,631.25,904.75,86.95,86.95,461.5,81.6,494.5,602.25,602.25,88.815,90.435,910.0,979.75,2.8655,2.9705,111.491,76.0,94.192,2.476,469.007,454.557,648.25,2.0935,81.62,82.46,83.29
2023-11-03,905.5,87.985,2.7738,2.1135,2.191,2.101,811.0,624.75,883.75,88.245,88.245,450.0,82.89,485.5,609.0,617.0,88.375,89.695,886.75,959.0,2.7638,2.8538,113.829,74.05,95.673,2.431,476.759,464.373,657.0,2.051,79.66,80.51,81.35
2023-11-06,904.0,88.09,2.8024,2.1534,2.2759,2.1934,814.0,635.25,875.0,86.9,86.9,451.75,81.55,503.5,609.5,619.5,88.47,89.995,885.25,967.25,2.7924,2.9149,111.923,74.3,95.922,2.6409,472.044,457.17,652.75,2.0784,79.84,80.82,81.57
2023-11-07,874.75,84.71,2.7084,2.0827,2.1377,2.1027,794.5,627.75,847.25,85.045,85.045,427.75,79.7,486.0,610.5,620.5,84.93,86.695,857.0,934.75,2.8434,2.8009,111.045,70.77,92.84,2.5652,454.772,438.662,640.5,2.0077,76.37,77.37,78.05
2023-11-08,857.75,82.33,2.6292,2.021,2.0785,2.0485,787.5,613.75,834.5,82.745,82.81,414.75,77.4,474.0,611.0,621.0,82.445,84.34,840.25,919.25,2.8342,2.7117,107.461,68.66,91.503,2.541,442.842,429.06,632.5,1.9585,74.81,75.33,75.97
2023-11-09,828.5,82.72,2.6166,2.0533,2.1508,2.0658,793.75,610.0,805.75,81.3,81.3,427.5,75.95,481.25,628.0,640.0,82.81,84.735,811.0,891.5,2.9191,2.6366,104.123,69.05,90.307,2.5733,442.606,428.651,624.0,1.9908,75.7,75.74,76.3
2023-11-10,,83.665,2.6256,2.087,2.1645,2.067,,,,81.61,81.61,,76.25,,624.0,636.0,,,,,2.9431,2.6981,102.863,70.51,92.015,2.6295,444.644,429.817,630.5,2.012,77.22,77.17,77.77
2023-11-13,838.5,84.395,2.7093,2.1284,2.2109,2.1134,788.25,630.5,832.25,,,438.25,,499.5,,,84.625,86.585,818.0,920.5,2.9593,2.8593,,71.6,,2.6759,,,,2.0559,78.4,78.26,78.86
2023-11-14,850.75,85.175,2.6871,2.0853,2.1628,2.0403,804.5,639.5,845.25,83.355,83.355,447.0,78.0,507.0,627.5,638.5,85.365,87.46,830.0,939.0,3.0371,2.8271,106.783,71.72,95.38,2.5703,449.523,433.682,651.125,2.0128,78.24,78.26,79.08
2023-11-15,846.5,82.48,2.7637,2.0693,2.0643,2.0443,784.25,629.5,837.25,83.24,83.27,439.5,77.9,503.25,622.0,634.0,83.165,84.265,824.75,941.5,3.2137,2.8337,106.676,70.22,92.467,2.5493,459.036,439.922,649.5,1.9943,76.56,76.66,77.47
2023-11-16,824.5,78.475,2.6752,1.9511,1.9611,1.9461,766.5,606.0,808.75,81.675,81.675,421.25,76.35,478.0,620.0,632.0,79.225,80.405,798.5,907.75,2.9252,2.5902,107.526,66.56,90.121,2.5711,457.677,434.717,643.25,1.8686,72.69,72.9,73.86
2023-11-17,837.25,80.035,2.6925,2.027,1.982,2.0245,748.0,621.75,821.75,79.26,79.26,440.0,73.93,498.0,612.5,625.5,80.89,81.805,812.0,923.75,2.9475,2.4425,102.561,69.67,86.903,2.3745,451.282,426.27,626.25,1.9505,76.1,75.89,76.99
2023-11-20,854.25,83.2,2.602,2.0835,1.951,2.042,776.75,637.25,842.75,82.8,82.8,455.0,77.5,505.0,619.25,631.25,84.125,85.14,828.75,932.0,3.0245,2.5702,104.757,71.44,90.322,2.416,464.352,442.942,639.75,2.016,78.02,77.6,78.79
2023-11-21,858.5,82.055,2.6224,2.0955,2.0163,2.0538,767.0,630.0,842.5,83.4,83.43,444.75,78.1,497.75,613.25,628.25,83.025,84.015,832.75,929.5,3.4249,2.6317,105.98,71.38,91.972,2.4338,462.982,442.144,646.75,2.028,78.61,77.43,78.72
2023-11-22,851.75,79.55,2.5891,2.1033,2.0424,2.0424,771.0,616.75,840.0,84.195,84.195,426.75,78.9,483.0,605.75,620.75,80.37,81.56,827.5,919.5,3.3844,2.5794,108.375,70.73,91.985,2.3958,470.544,450.372,656.0,2.0383,76.75,76.75,77.94
2023-11-23,856.5,80.975,,,,,764.25,632.75,840.0,82.7,82.7,438.0,77.4,489.75,604.0,619.0,81.905,83.215,830.25,926.25,,,106.414,,91.826,,461.305,439.832,653.125,,,,
2023-11-24,863.0,81.89,,,,,777.5,639.75,846.5,83.06,83.06,443.75,77.75,495.0,604.0,619.0,82.73,84.14,838.5,928.5,,,106.064,,92.201,,461.172,440.346,653.0,,,,
2023-11-27,839.75,80.16,2.5154,2.0829,1.9579,1.9724,757.75,627.25,833.0,81.51,81.51,433.25,76.2,486.5,597.0,610.0,80.66,82.6,825.0,904.75,3.3332,2.5207,104.793,69.0,90.246,2.2829,454.418,433.643,634.75,2.0204,75.55,74.86,76.26
2023-11-28,854.25,82.06,2.5695,2.1101,1.9926,2.02,761.75,639.5,847.5,82.145,82.145,441.5,76.83,494.0,598.25,611.25,82.48,84.165,841.25,910.25,3.3965,2.5915,105.027,70.59,91.89,2.3301,461.591,439.615,630.75,2.0526,77.36,76.41,77.76
2023-11-29,839.25,82.365,2.5685,2.1523,2.0548,2.0736,766.5,641.0,836.0,82.66,82.66,446.25,77.35,504.0,595.0,608.0,82.68,84.32,809.5,890.0,2.8687,2.5412,107.134,72.0,92.825,2.5073,474.274,452.071,659.25,2.0798,78.68,77.86,79.21
2023-11-30,817.5,80.6,2.4992,2.0658,1.9733,2.0008,786.5,631.0,817.25,85.39,85.39,431.25,80.1,506.0,610.0,620.0,80.935,82.775,787.25,868.5,2.8242,2.4342,107.288,70.72,93.71,2.4358,479.917,461.801,672.625,1.9958,76.65,75.96,77.38
2023-12-01,821.5,81.01,2.429,1.9811,1.9211,1.9461,750.75,654.5,820.75,81.35,81.35,440.5,76.05,513.0,599.5,609.5,81.645,83.12,793.75,872.25,2.6815,2.399,105.9,66.52,89.529,2.3411,461.874,447.221,661.25,1.9086,74.07,74.07,75.45
2023-12-04,807.75,78.205,2.4197,1.9767,1.9192,1.9592,730.0,639.25,802.25,78.04,78.04,432.75,72.75,508.0,600.25,610.25,78.695,80.18,780.5,858.0,2.6797,2.3847,104.094,65.51,86.577,2.3542,447.398,434.951,651.75,1.9142,73.54,73.04,74.34
2023-12-05,807.25,78.04,2.3511,1.9503,1.8603,1.9253,749.0,638.25,800.75,78.54,78.54,435.0,73.25,513.0,593.75,604.75,78.46,80.02,775.5,849.75,2.7411,2.3786,104.007,64.73,88.392,2.3303,452.834,441.027,654.75,1.8903,72.79,72.32,73.59
2023-12-06,782.75,74.665,2.2762,1.8702,1.7502,1.8402,724.25,616.75,775.0,77.55,77.62,408.25,72.25,503.0,590.0,603.5,74.965,76.82,751.75,813.0,2.8362,2.3062,103.462,61.89,86.957,2.3002,437.35,425.984,646.75,1.8327,69.83,69.38,70.71
2023-12-07,785.25,74.315,2.2542,1.8337,1.6712,1.7912,711.25,612.0,776.75,75.01,75.01,403.25,69.7,488.25,593.0,606.0,74.605,76.46,753.75,810.75,2.6992,2.2642,100.756,61.75,84.724,2.2712,419.123,406.266,638.0,1.7862,69.72,69.34,70.65
2023-12-08,788.0,75.785,2.276,1.9098,1.7198,1.8648,707.5,619.5,782.5,76.09,76.09,412.25,70.78,490.25,599.75,612.75,76.07,77.925,758.5,816.5,2.741,2.2635,99.19,63.57,85.1,2.4673,423.56,413.451,650.0,1.8373,71.69,71.23,72.47
2023-12-11,792.25,75.85,2.3137,1.8706,1.6431,1.8581,707.25,614.75,785.5,76.64,76.64,412.0,71.33,490.0,600.0,613.0,75.95,77.98,763.0,827.0,2.7687,2.2437,99.215,63.68,85.165,2.4606,431.659,424.603,649.25,1.7906,71.37,71.32,72.52
2023-12-12,735.25,73.5,2.2424,1.7897,1.5797,1.7322,700.5,608.0,738.75,76.24,76.24,402.0,70.93,477.25,595.0,608.0,73.61,75.54,707.0,798.0,2.6574,2.2299,99.758,61.0,85.642,2.0772,430.881,428.888,659.0,1.7422,68.71,68.61,69.91
2023-12-13,744.75,74.07,2.3081,1.8649,1.6699,1.7899,683.5,611.75,747.5,71.56,71.56,411.0,66.25,482.0,582.25,597.25,74.08,75.945,737.25,810.75,2.3981,2.3106,96.317,61.9,82.797,2.1449,416.639,413.966,646.25,1.8124,69.22,69.47,70.69
2023-12-14,763.25,77.27,2.3763,1.9713,1.7438,1.8838,714.5,636.5,766.5,74.41,74.41,425.75,69.1,496.0,589.0,604.0,77.325,79.01,762.0,829.25,2.4013,2.3613,100.195,64.18,85.636,2.1688,429.901,423.492,671.0,1.9213,71.05,71.58,72.85
2023-12-15,776.0,77.035,2.4308,2.0395,1.712,1.9395,728.0,639.75,780.0,76.15,76.15,420.0,70.85,492.5,591.0,606.0,77.15,78.77,775.0,847.25,2.4208,2.3903,100.654,64.13,88.491,2.187,432.67,427.581,682.375,1.977,71.48,71.43,72.75
2023-12-18,800.75,79.09,2.4628,2.0865,1.784,1.964,729.5,653.0,806.0,76.15,76.15,429.25,70.85,499.5,589.0,604.0,79.205,80.83,787.25,883.25,2.4728,2.4603,100.546,65.38,88.323,2.209,431.651,425.232,685.875,2.0065,72.38,72.47,73.94
2023-12-19,811.5,80.065,2.4968,2.1408,1.8058,2.0008,734.5,649.75,804.0,76.85,76.85,431.75,71.55,508.0,601.0,614.0,80.15,81.82,794.75,890.0,2.3968,2.5394,102.655,66.72,89.094,2.4008,432.121,428.208,682.625,2.0408,73.09,73.44,75.26
2023-12-20,819.5,81.54,2.4835,2.1421,1.8107,2.0007,742.0,653.5,809.5,79.045,79.045,438.0,73.75,515.0,612.0,626.0,81.74,83.345,801.0,902.25,2.4085,2.5177,104.923,67.36,90.708,2.4007,442.946,442.896,694.375,2.0386,74.11,73.95,75.66
2023-12-21,812.25,80.56,2.4718,2.1091,1.8085,1.961,731.25,644.5,807.75,78.85,78.85,430.25,73.55,509.0,614.0,627.0,80.66,82.035,793.75,889.0,2.3968,2.5192,103.141,67.05,88.526,2.3585,444.687,444.742,675.375,2.0081,74.23,73.61,75.61
2023-12-22,814.0,80.725,2.4512,2.0865,1.7351,1.9301,733.75,645.25,807.25,79.1,79.1,433.5,73.8,512.0,613.0,625.0,80.805,82.2,795.5,888.25,2.3358,2.4808,102.285,66.98,88.173,2.3415,448.429,448.124,667.375,1.9905,73.26,73.26,75.26
2023-12-26,,,2.4213,2.1049,1.7724,1.9533,,,,78.645,78.645,,73.35,,606.0,617.0,,,,,2.3467,2.4717,100.318,68.48,87.416,2.3724,445.729,441.469,663.375,2.0389,75.57,75.57,76.97
2023-12-27,800.5,80.92,2.3289,2.1269,1.8519,1.9225,738.5,651.5,793.5,80.2,80.2,430.25,74.9,523.0,608.25,619.25,80.95,82.545,782.25,869.0,2.2661,2.3875,101.234,67.07,89.609,2.3619,452.411,450.525,691.25,2.0209,73.6,74.11,75.51
2023-12-28,793.75,79.06,2.2613,2.0422,1.6522,1.8152,734.5,648.5,784.5,79.1,79.1,414.5,73.8,516.0,620.5,631.5,79.295,80.73,770.5,861.0,2.2065,2.3553,100.343,65.19,88.649,2.2997,443.875,440.8,688.125,1.9512,71.47,71.77,73.23
2023-12-29,773.25,77.6,2.2814,2.0538,1.6088,1.8513,717.5,638.5,763.0,77.1,77.1,405.75,71.8,512.0,620.0,631.0,77.735,79.415,751.25,839.25,2.2289,2.3314,98.393,64.61,87.458,2.6688,430.702,429.126,668.75,1.9578,71.65,71.65,73.11
2024-01-02,773.5,75.845,2.2733,2.0459,1.6249,1.9199,727.0,626.5,762.75,78.095,78.095,401.75,72.8,508.0,629.0,638.0,75.895,78.06,740.75,836.0,2.1929,2.3533,100.52,62.89,88.036,2.6574,441.544,440.609,659.5,1.9489,70.56,70.38,71.87
2024-01-03,787.0,77.13,2.3344,2.1231,1.6281,1.8831,714.0,639.0,785.75,75.29,75.29,427.0,70.0,511.0,616.0,626.0,77.13,79.92,772.5,854.75,2.6844,2.4469,97.688,65.28,85.897,2.5081,439.693,440.963,635.5,2.0171,73.31,72.7,74.3
2024-01-04,766.5,75.805,2.3234,2.0826,1.5751,1.8401,731.5,620.5,762.5,78.65,78.65,423.25,73.35,485.5,612.75,622.75,75.805,78.605,753.75,837.25,2.6084,2.4359,101.369,64.63,89.586,2.4601,462.002,459.418,650.75,1.9766,72.86,72.19,73.66
2024-01-05,780.0,78.855,2.3435,2.0905,1.5705,1.8405,726.5,637.5,773.25,77.75,77.75,435.75,72.45,487.5,599.0,609.0,78.855,81.36,765.5,855.0,2.6385,2.5035,100.724,66.01,87.601,2.2455,455.37,448.842,639.25,1.9945,74.16,73.81,75.17
2024-01-08,763.75,75.76,2.3019,1.9928,1.4878,1.7428,699.75,623.25,756.25,77.86,77.86,409.0,72.55,476.5,598.5,609.5,75.79,78.225,749.5,836.0,2.5069,2.4634,100.991,63.15,86.599,2.2478,441.702,435.533,641.5,1.9218,70.96,70.77,72.22
2024-01-09,786.0,78.92,2.3804,2.0643,1.7968,1.7868,720.0,633.25,778.0,76.85,76.86,425.5,71.55,483.5,587.5,600.5,79.27,81.0,771.75,852.5,2.5804,2.6029,100.252,64.59,85.094,2.0268,436.875,428.734,642.5,1.9658,72.25,72.24,73.69
2024-01-10,788.0,78.665,2.3256,2.0548,1.7423,1.7473,722.0,632.5,781.75,78.0,78.0,418.5,72.7,484.0,579.5,590.5,78.715,80.535,775.5,852.0,2.5306,2.5156,101.188,63.65,87.4,2.0173,436.508,428.513,648.75,1.9918,71.11,71.37,72.7
2024-01-11,802.0,80.495,2.3563,2.1193,1.8393,1.7993,728.5,635.0,796.75,77.29,77.36,427.25,72.0,496.0,573.75,583.75,80.72,82.395,783.0,865.75,2.6288,2.6138,100.215,64.36,87.355,2.0643,434.119,423.222,652.25,2.0483,71.8,72.02,73.42
2024-01-12,804.75,80.015,2.3243,2.1153,1.8453,1.8053,738.5,630.25,801.0,79.05,79.18,410.75,73.74,504.5,577.0,586.0,80.215,81.915,782.25,878.75,2.6243,2.5918,103.494,65.15,90.496,2.0703,434.118,422.227,659.25,2.0518,73.44,72.68,74.22
2024-01-15,799.0,79.075,,,,,736.0,630.5,789.75,78.0,78.07,412.5,72.7,517.5,562.5,570.5,79.535,81.13,771.75,889.5,,,100.952,,89.206,,435.187,424.475,666.25,,,,
2024-01-16,814.25,79.8,2.2706,2.1319,1.7569,1.8119,745.0,634.0,812.25,77.84,77.92,413.75,72.55,515.5,569.0,579.0,79.86,81.575,786.5,915.5,2.6156,2.5831,102.108,65.13,89.806,2.0719,433.219,423.335,674.0,2.0559,73.24,72.4,74.23
2024-01-17,796.5,79.38,2.2336,2.1054,1.8104,1.8204,731.5,626.25,799.0,76.75,76.9,413.75,71.45,514.75,564.0,573.5,79.44,81.015,769.75,895.25,2.6086,2.5446,100.419,65.06,88.117,2.0854,430.976,424.375,659.25,2.0529,73.25,72.56,74.33
2024-01-18,808.75,80.82,2.2786,2.156,1.8435,1.811,747.0,627.0,811.75,77.51,77.65,409.5,72.2,522.5,566.5,577.5,80.875,82.29,786.75,910.25,2.6486,2.5961,101.216,66.41,90.208,2.1835,426.956,421.645,664.0,2.101,74.62,74.08,75.73
2024-01-19,816.25,81.09,2.2521,2.1552,1.8428,1.7853,753.0,623.25,819.75,78.85,78.85,413.5,73.55,522.75,576.0,584.0,81.21,82.53,794.5,916.25,2.7571,2.5588,102.073,65.95,92.23,2.2328,435.044,427.246,664.25,2.0817,73.8,73.41,75.28
2024-01-22,818.25,82.08,2.2385,2.2283,1.9278,1.9028,762.75,643.25,819.25,77.75,77.75,416.25,72.45,528.0,566.75,574.75,82.265,83.365,797.5,910.25,2.7885,2.5812,99.976,67.61,91.939,2.3078,425.215,416.264,662.375,2.1683,75.08,75.19,77.24
2024-01-23,833.25,82.105,2.2363,2.1833,1.8551,1.9251,761.75,641.0,833.75,79.9,79.9,416.75,74.6,525.0,572.0,582.0,82.28,83.395,812.0,919.25,2.8334,2.5669,102.385,66.92,95.225,2.2733,437.996,427.692,682.625,2.1258,74.32,74.79,76.5
2024-01-24,830.5,81.955,2.1518,2.1964,1.8545,1.9295,770.25,642.0,834.5,79.56,79.6,414.5,74.25,525.0,576.0,589.0,82.04,83.425,809.25,910.75,2.8254,2.5494,100.747,67.54,95.078,2.2289,429.665,418.678,671.625,2.1264,75.2,75.62,77.21
2024-01-25,850.25,83.13,2.2354,2.266,1.861,1.9844,774.75,660.25,851.25,80.3,80.35,422.5,75.0,530.0,588.5,602.5,83.175,84.45,829.0,927.75,2.9755,2.7065,101.401,69.98,96.545,2.566,436.625,425.035,688.625,2.1835,77.43,77.88,79.75
2024-01-26,855.25,83.28,2.2834,2.3183,1.8258,2.0491,782.0,665.25,854.25,81.65,81.65,429.0,76.35,521.0,585.75,599.75,83.385,84.625,833.25,918.5,2.9757,2.7857,103.575,70.31,97.421,2.6058,447.654,435.165,701.625,2.2408,77.83,78.01,79.41
2024-01-29,876.0,83.935,2.3089,2.2571,1.7146,2.036,792.0,679.25,872.75,83.25,83.25,432.0,77.95,530.0,590.0,604.0,84.205,85.39,854.0,930.5,2.9666,2.7391,104.928,69.15,100.322,2.5446,457.868,446.238,731.75,2.1946,76.47,76.78,78.28
2024-01-30,866.25,84.125,2.2418,2.2818,1.7968,2.0682,788.25,670.5,867.25,82.14,82.14,439.5,76.85,528.0,589.75,603.75,84.425,85.605,845.25,912.75,2.9466,2.6916,105.096,69.96,96.175,2.6668,454.916,443.756,711.5,2.2138,77.49,77.82,79.25
2024-01-31,872.75,82.74,2.2552,2.2262,1.7312,1.9812,782.25,657.0,873.5,82.4,82.4,428.75,77.1,534.0,626.0,640.0,83.185,84.38,852.25,914.25,2.9552,2.7227,104.782,68.22,96.005,2.6012,457.218,443.274,697.25,2.1437,75.59,75.85,77.2
2024-02-01,874.25,83.06,2.1829,2.2098,1.8698,1.8648,783.0,655.25,874.5,80.3,80.3,427.25,75.0,529.5,585.5,598.5,83.465,84.585,855.25,913.75,2.8829,2.6704,104.719,66.4,95.402,2.3998,438.573,416.875,662.25,2.1348,73.53,73.82,75.19
2024-02-02,832.75,78.895,2.275,2.1625,1.9175,1.8175,767.5,626.0,828.5,78.95,78.99,407.5,73.65,514.5,581.75,594.75,79.24,80.405,810.0,871.5,2.83,2.58,101.331,65.0,93.119,2.3025,439.737,414.523,652.25,2.095,72.09,72.28,73.78
2024-02-05,835.75,78.99,2.2848,2.2067,2.0192,1.8792,754.5,625.75,832.0,77.41,77.41,417.0,72.1,516.0,581.25,594.25,79.23,80.385,814.0,872.0,2.8948,2.6583,100.52,65.61,92.311,2.3642,439.604,415.0,649.25,2.2767,72.78,72.78,74.37
2024-02-06,860.5,80.725,2.3627,2.2323,2.0823,1.9423,773.75,634.75,856.25,78.0,78.0,428.75,72.7,527.25,599.25,613.25,81.055,82.275,837.75,892.5,2.9427,2.6702,102.566,66.19,93.205,2.3923,443.194,422.455,657.625,2.1558,74.02,73.31,74.91
2024-02-07,881.5,81.4,2.5202,2.2805,2.143,2.0255,788.75,642.5,878.5,78.5,78.5,435.0,73.2,530.75,623.75,638.75,81.76,83.01,858.75,915.25,3.0552,2.7477,102.756,66.74,93.504,2.433,440.081,422.911,666.375,2.198,74.26,73.86,75.41
2024-02-08,904.0,84.2,2.7008,2.3595,2.262,2.1045,801.25,662.75,905.75,79.33,79.33,446.5,74.05,543.5,622.75,637.75,84.415,85.73,883.5,923.0,3.3908,2.8213,103.825,69.21,95.27,2.597,444.005,425.704,675.5,2.282,76.69,76.22,77.95
2024-02-09,932.75,84.65,2.7192,2.3645,2.1195,2.1095,819.75,671.0,937.25,81.04,81.04,446.25,75.75,544.5,616.75,631.75,84.725,86.165,915.0,942.25,3.4642,2.8982,105.176,69.88,97.43,2.6295,454.541,435.914,691.875,2.292,76.98,76.84,78.61
2024-02-12,906.0,84.375,2.6671,2.4173,2.1173,2.1723,827.5,675.0,903.25,,,450.0,,548.0,,,84.655,86.08,868.75,896.25,3.5396,2.8161,,69.82,96.8256,2.6973,,,,2.3498,76.7,76.92,78.7
2024-02-13,909.25,85.77,2.6584,2.4446,2.2246,2.2096,833.75,680.75,909.0,81.91,81.91,450.0,76.6,560.5,631.5,646.5,86.13,87.48,874.5,900.5,3.5159,2.7859,107.779,70.67,98.944,2.7246,451.507,434.077,706.875,2.3671,77.72,77.87,79.56
2024-02-14,889.5,84.81,2.6226,2.3394,2.1469,2.1519,844.75,670.75,889.5,82.44,82.44,444.25,77.15,560.0,629.0,644.0,85.19,86.52,853.0,877.25,3.4301,2.7026,106.867,69.5,99.58,2.6469,453.322,434.702,706.625,2.2619,76.46,76.64,78.38
2024-02-15,894.0,85.305,2.6362,2.3333,2.2333,2.0508,829.75,676.25,894.75,80.55,80.55,445.5,75.25,568.0,621.25,635.25,85.695,87.055,860.5,885.0,3.4437,2.7212,104.473,70.92,95.683,2.6233,440.04,417.966,693.25,2.2558,77.46,78.03,79.97
2024-02-16,878.25,86.095,2.6216,2.361,2.216,2.0685,822.0,673.5,880.0,82.05,82.05,451.0,76.75,560.0,624.0,634.0,86.175,87.51,845.0,868.25,3.0466,2.7151,103.898,72.07,96.278,2.666,454.286,428.406,695.25,2.2735,78.6,79.19,81.45
2024-02-19,884.25,86.41,,,,,821.5,663.5,876.5,82.29,82.29,451.75,77.0,548.75,613.0,623.0,86.585,87.82,851.25,894.25,,,104.582,,95.68,,454.644,426.259,679.25,,,,
2024-02-20,868.25,84.82,2.5365,2.3036,2.1649,2.0999,806.75,657.25,858.5,82.75,82.75,442.0,77.45,531.0,622.5,632.5,85.265,86.41,834.75,876.25,2.9715,2.634,104.794,70.78,94.368,2.6074,448.179,430.305,680.25,2.2186,76.63,78.18,79.95
2024-02-21,864.25,85.385,2.5077,2.3233,2.246,2.1435,813.0,663.75,851.0,81.455,81.455,447.25,76.15,532.0,619.75,628.75,85.865,87.05,830.75,875.0,2.9019,2.6069,102.188,71.43,94.029,2.8608,449.012,426.27,675.25,2.2508,77.62,79.04,80.75
2024-02-22,864.25,85.505,2.552,2.3975,2.2347,2.2272,809.25,670.75,849.75,82.6,82.66,454.0,77.35,542.0,618.0,627.0,86.04,86.945,831.5,875.25,2.9433,2.6383,103.092,72.24,95.87,2.8975,453.253,431.406,676.75,2.3175,78.27,79.71,81.58
2024-02-23,861.75,83.55,2.4422,2.3093,2.2917,2.2142,814.75,667.75,847.75,82.01,82.01,446.75,76.75,535.5,620.0,629.0,84.56,85.355,831.0,875.75,2.8811,2.5761,103.3,69.82,96.561,2.8393,446.528,424.809,677.5,2.2518,76.39,77.54,78.92
2024-02-26,868.5,82.99,2.5027,2.3572,2.3822,2.2631,812.75,665.25,846.25,80.39,80.39,451.75,75.13,530.75,612.25,621.25,84.245,85.11,836.75,880.0,2.9473,2.6273,101.583,70.31,94.565,2.6972,442.672,420.895,670.5,2.2932,77.69,77.58,79.07
2024-02-27,874.5,84.01,2.4798,2.3844,2.4944,2.3519,832.25,678.75,851.25,82.05,82.05,454.5,76.8,532.0,612.75,622.75,85.415,86.205,843.75,883.75,2.9377,2.6152,103.913,71.45,96.984,2.7344,445.719,426.531,682.0,2.2944,78.49,78.87,80.31
2024-02-28,846.25,83.55,2.4733,2.4187,2.4612,2.2785,828.25,683.75,824.75,81.86,81.86,445.75,76.6,535.0,611.25,619.25,84.96,85.665,814.5,853.25,2.601,2.5285,102.632,71.22,97.33,2.6912,443.439,421.785,682.75,2.3237,77.42,78.54,79.86
2024-02-29,852.5,84.55,2.4849,2.436,2.531,2.316,832.25,695.75,829.0,81.8,81.8,448.0,76.55,539.0,614.0,624.0,85.945,86.585,821.0,857.75,2.6249,2.5599,101.612,70.94,96.17,2.721,442.89,421.951,697.75,2.3485,76.71,78.26,79.57
2024-03-01,872.25,87.385,2.5992,2.4894,2.4294,2.3944,837.75,704.0,853.25,81.54,81.59,461.5,76.3,551.0,586.0,591.0,88.04,88.49,847.25,874.75,2.6792,2.6002,101.369,72.13,94.73,2.7544,448.671,427.558,687.25,2.4054,79.16,79.97,81.32
2024-03-04,845.25,86.175,2.5422,2.4657,2.4157,2.3607,846.0,703.75,830.75,83.095,83.12,452.5,77.85,558.0,594.0,599.0,86.575,87.38,824.25,843.25,2.6222,2.5397,102.974,71.14,93.982,2.6957,459.276,438.418,701.375,2.3957,77.74,78.74,80.24
2024-03-05,837.5,85.21,2.5265,2.4103,2.2078,2.3378,835.75,688.0,823.75,81.785,81.8,458.25,76.55,549.0,589.5,594.5,85.535,86.51,817.5,839.25,2.4365,2.5315,100.937,70.59,94.478,2.6928,455.747,436.364,696.375,2.3403,77.35,78.15,79.8
2024-03-06,851.0,86.31,2.5933,2.4114,2.2789,2.3439,829.25,697.75,839.5,82.01,82.06,467.0,76.8,557.0,595.0,601.0,86.465,87.81,833.25,856.5,2.4933,2.5808,100.611,71.41,93.491,2.7139,461.475,443.697,691.125,2.3414,78.28,79.13,80.6
2024-03-07,854.5,84.8,2.6297,2.3948,2.3223,2.3048,817.25,688.75,844.25,82.38,82.38,460.0,77.17,557.0,602.0,609.0,84.935,86.225,839.25,858.0,2.5247,2.6147,101.701,71.34,94.314,2.7448,466.959,448.715,701.0,2.3248,78.08,78.93,80.48
2024-03-08,835.5,83.665,2.5884,2.3297,2.2772,2.2947,831.0,691.5,824.25,83.36,83.36,449.5,78.15,540.0,608.0,613.0,83.92,85.195,824.0,841.25,2.5409,2.5779,103.628,70.43,95.441,2.6972,471.73,457.309,710.125,2.2822,77.65,78.01,79.48
2024-03-11,836.0,83.875,2.6093,2.523,2.3505,2.348,815.0,704.5,826.0,82.1,82.15,445.0,76.9,539.0,598.75,601.75,84.2,85.655,826.25,844.75,2.5518,2.6218,101.357,70.38,94.079,2.7505,454.183,444.568,710.625,2.573,77.36,77.93,79.38
2024-03-12,827.25,83.475,2.569,2.5614,2.3464,2.3639,827.5,703.75,822.25,82.87,82.87,443.25,77.67,537.0,591.5,595.5,83.94,85.385,796.0,826.5,2.4565,2.5805,102.796,70.0,94.833,2.7964,464.234,450.486,709.125,2.5564,77.21,77.56,78.92
2024-03-13,841.75,84.435,2.6301,2.629,2.4815,2.434,827.5,714.25,834.0,82.21,82.3,451.5,77.0,542.0,592.0,594.0,84.935,86.305,817.25,864.0,2.4351,2.6101,101.434,72.15,94.802,2.8365,467.276,452.004,710.0,2.6315,79.47,79.72,81.13
2024-03-14,853.0,85.51,2.6488,2.6383,2.5133,2.4733,834.5,717.5,841.0,84.14,84.17,461.25,78.95,546.25,582.25,584.25,86.015,87.85,827.0,872.5,2.5688,2.6348,103.948,73.69,95.998,2.8883,482.721,464.6,723.0,2.6308,81.16,81.26,82.71
2024-03-15,862.0,85.345,2.6755,2.6308,2.5408,2.4908,854.5,720.5,852.75,84.79,84.79,461.5,79.6,536.25,581.5,583.5,86.095,87.815,835.0,875.0,2.587,2.6785,103.615,73.55,97.198,2.9158,484.931,466.719,724.0,2.6533,80.65,81.04,82.57
2024-03-18,884.25,86.23,2.7257,2.6398,2.5823,2.5148,869.0,725.75,870.25,85.66,85.66,471.5,80.47,537.0,585.5,587.5,86.89,88.6,853.25,892.0,2.5182,2.6957,105.865,75.08,99.053,2.9973,491.873,474.603,723.0,2.6873,82.42,82.72,84.13
2024-03-19,883.0,87.23,2.6932,2.6372,2.5222,2.5097,875.0,725.25,864.25,86.41,86.41,475.5,81.22,539.5,595.0,598.0,87.94,89.705,849.0,888.25,2.5707,2.6767,106.439,75.64,99.594,3.0022,490.589,474.719,723.0,2.6982,83.72,83.47,84.78
2024-03-20,862.0,85.415,2.6382,2.6343,2.5332,2.4807,871.25,712.75,839.5,86.49,86.49,467.0,81.3,533.5,595.0,598.0,86.27,88.005,824.5,863.75,2.5057,2.6182,104.541,73.89,99.672,2.9832,491.04,475.368,718.625,2.6768,81.78,81.68,82.91
2024-03-21,860.0,85.175,2.6238,2.6222,2.5171,2.4646,861.5,718.0,832.5,86.01,86.01,463.5,80.85,532.0,594.5,596.5,85.345,87.82,819.75,859.25,2.5288,2.5716,104.092,73.78,100.507,2.9371,488.701,471.697,715.625,2.6535,81.06,81.54,82.79
2024-03-22,864.0,84.865,2.6084,2.6045,2.5298,2.4698,892.5,720.5,832.0,85.15,85.15,467.0,80.0,533.5,591.0,593.0,84.87,87.7,820.0,860.75,2.6334,2.556,102.893,73.35,101.0,2.9498,488.308,469.993,711.875,2.667,80.71,81.04,82.3
2024-03-25,866.25,86.36,2.6199,2.5884,2.4884,2.4734,897.0,727.5,838.75,85.35,85.35,475.5,80.2,534.5,591.0,593.0,86.36,89.095,826.0,865.25,2.6442,2.5822,101.889,74.72,101.378,2.9459,487.957,473.084,718.25,2.6609,83.26,82.84,83.97
2024-03-26,850.5,85.955,2.5393,2.5303,2.5053,2.4206,897.75,715.25,829.25,86.19,86.19,472.5,81.05,527.25,590.75,595.75,86.12,88.855,813.5,853.0,2.6009,2.5259,102.296,74.05,100.562,2.9628,490.534,476.839,720.0,2.6028,81.81,81.62,82.86
2024-03-27,845.75,85.145,2.5486,2.5269,2.4869,2.4047,894.25,704.0,824.75,85.2,85.2,469.0,80.05,523.5,591.75,597.25,85.165,87.08,809.5,849.75,2.6175,2.52,100.09,73.91,99.361,3.0319,487.667,471.247,708.75,2.5844,82.2,81.35,82.73
2024-03-28,849.75,86.96,2.5602,2.5706,2.5456,2.4306,905.25,706.75,830.0,86.3,86.3,472.5,81.15,530.0,593.75,598.75,86.975,88.78,814.75,857.0,2.6377,2.5662,100.748,75.58,99.552,3.0806,494.404,472.392,711.0,2.6321,84.09,83.17,84.55
2024-03-29,,,,,,,,,,,,,,,,,,,,,,,,,101.3501,,,,,,,,
2024-04-01,,,2.5686,2.5775,2.5,2.4025,,,,87.655,87.68,,82.5,,585.0,590.0,,,,,2.6421,2.6121,102.031,76.15,102.249,3.07,493.317,475.263,711.75,2.6255,85.79,83.71,85.18
2024-04-02,874.25,89.83,2.6419,2.6064,2.5289,2.4414,914.75,697.75,862.75,89.06,89.06,479.0,83.9,546.0,588.5,593.5,90.07,91.4,834.75,863.25,2.7269,2.7009,103.195,77.56,102.677,3.1189,494.824,479.347,712.375,2.6664,86.78,85.15,86.5
2024-04-03,888.5,91.05,2.6574,2.5759,2.4884,2.4384,924.25,692.0,869.25,89.47,89.47,481.75,84.3,544.0,579.75,583.0,91.195,92.775,858.75,904.25,2.7374,2.7024,105.481,77.94,102.741,3.1209,496.837,481.152,699.0,2.6549,86.64,85.43,86.82
2024-04-04,875.5,90.315,2.6763,2.6452,2.5742,2.4742,921.25,684.25,854.5,89.65,89.66,470.5,84.5,521.5,580.0,582.0,90.465,92.07,847.5,894.25,2.7113,2.7338,106.024,79.16,102.012,2.8542,497.128,480.946,693.625,2.6907,86.99,86.59,87.98
2024-04-05,883.25,93.31,2.713,2.6286,2.5386,2.4536,936.75,697.5,873.0,90.85,90.9,489.5,85.7,526.0,585.75,588.75,93.31,94.92,866.25,908.0,2.743,2.763,107.963,79.57,102.894,2.8586,506.283,491.523,693.5,2.6526,87.77,86.91,88.31
2024-04-08,864.5,92.16,2.6662,2.6036,2.5286,2.4236,923.75,686.5,851.5,90.08,90.08,478.5,84.93,529.0,580.0,583.0,92.22,93.665,846.75,883.25,2.6987,2.7012,107.351,79.0,101.917,3.0936,505.801,488.838,704.5,2.6036,87.25,86.43,87.77
2024-04-09,857.5,91.895,2.617,2.6031,2.5806,2.4369,923.75,682.25,844.25,90.76,90.76,475.5,85.6,522.5,576.5,579.5,91.955,93.355,837.0,870.25,2.647,2.642,106.487,77.8,101.942,3.1156,507.619,490.881,706.75,2.6206,85.64,85.23,86.48
2024-04-10,842.0,91.17,2.6476,2.6441,2.6016,2.4566,922.0,680.25,834.25,,,470.25,,514.0,,,91.315,92.615,827.0,866.0,2.6776,2.6826,,78.8,99.9909,3.1416,,,,2.6466,86.56,86.21,87.33
2024-04-11,835.75,91.715,2.6133,2.6416,2.5641,2.4666,936.0,678.75,836.25,90.9,90.9,473.75,85.75,509.0,570.0,574.0,91.86,93.13,818.75,869.5,2.6198,2.6598,105.86,77.8,103.401,3.2541,506.509,489.048,709.25,2.6441,85.35,85.02,86.19
2024-04-12,852.75,93.31,2.6551,2.6654,2.5629,2.4819,943.5,694.0,851.5,90.51,90.51,483.25,85.35,515.0,569.0,572.0,93.46,94.695,835.25,888.0,2.6301,2.7201,106.034,78.51,104.216,3.1179,508.176,492.328,703.25,2.6504,85.61,85.66,86.91
2024-04-15,829.5,90.51,2.6242,2.6489,2.5414,2.4514,943.25,690.0,825.0,89.54,89.59,472.75,84.35,510.0,566.0,570.5,90.61,91.99,811.5,865.5,2.6492,2.6542,104.523,78.28,103.519,2.9689,509.477,490.414,696.75,2.6289,85.89,85.41,86.77
2024-04-16,832.75,91.315,2.6238,2.6698,2.5398,2.4798,946.75,701.0,827.25,90.26,90.42,484.0,85.07,518.0,566.0,570.0,91.41,92.675,813.25,870.5,2.6463,2.6213,104.907,78.23,103.956,2.8323,517.283,499.62,706.5,2.6648,85.57,85.36,86.72
2024-04-17,820.25,89.65,2.5522,2.5687,2.4537,2.3862,939.25,692.0,814.25,90.05,90.5,477.75,84.85,514.75,564.75,568.75,89.79,91.26,802.5,860.75,2.5947,2.5247,104.18,75.48,104.048,2.9787,517.351,500.012,711.25,2.5712,82.81,82.69,83.96
2024-04-18,791.0,88.01,2.5089,2.5087,2.4187,2.3662,913.75,675.75,782.75,87.44,87.76,476.0,82.25,505.0,552.0,555.0,88.135,89.8,774.5,832.25,2.5539,2.4939,100.407,75.43,100.828,3.0187,513.318,495.479,699.25,2.5662,82.95,82.73,83.93
2024-04-19,790.75,88.025,2.5013,2.5144,2.3603,2.3703,915.25,679.5,788.25,87.69,87.97,479.0,82.5,497.25,550.0,553.0,88.37,89.91,776.75,835.75,2.5113,2.4956,98.675,75.68,101.048,3.0503,516.937,498.851,698.0,2.5709,83.59,83.14,84.26
2024-04-22,791.25,87.485,2.5204,2.4755,2.3354,2.3454,908.25,677.0,792.5,86.395,86.84,473.0,81.2,494.0,546.75,549.75,87.81,89.235,775.25,833.5,2.5979,2.5004,98.407,75.21,99.883,3.023,502.893,489.052,690.125,2.5555,82.14,82.85,83.8
2024-04-23,795.0,88.55,2.5067,2.5186,2.4053,2.3878,897.0,685.75,791.5,88.45,88.68,474.25,83.25,499.5,549.0,552.0,89.07,90.2,780.0,835.5,2.616,2.5285,99.799,76.92,100.591,3.0611,509.726,497.355,706.0,2.5936,83.49,84.66,85.71
2024-04-24,795.5,88.84,2.4899,2.5437,2.4143,2.3943,912.5,691.25,787.5,88.85,88.97,476.0,83.65,500.5,552.0,555.0,89.305,90.415,784.25,832.0,2.6897,2.4947,99.776,76.42,100.516,3.1287,507.19,495.91,709.25,2.6137,82.23,84.17,85.19
2024-04-25,791.25,88.18,2.4929,2.5758,2.4633,2.4357,922.0,689.75,783.0,88.59,89.01,480.5,83.4,499.75,551.5,554.5,88.63,89.725,776.75,823.0,2.7604,2.4979,99.921,77.09,101.164,3.2133,515.2,506.38,709.25,2.6298,83.22,85.17,85.83
2024-04-26,808.75,89.84,2.4832,2.5865,2.489,2.4446,933.5,704.5,797.0,88.96,89.67,491.75,83.77,511.0,571.5,572.5,90.2,91.265,791.25,841.0,2.7507,2.5032,99.848,77.08,101.676,3.219,516.84,509.73,710.25,2.634,84.11,83.85,84.68
2024-04-29,804.75,88.765,2.4863,2.5909,2.4609,2.4587,928.5,703.5,794.0,88.89,89.27,483.5,83.65,515.5,572.0,573.0,88.95,90.135,784.25,832.75,2.686,2.4885,99.442,76.05,101.65,3.0709,518.865,507.196,710.375,2.6284,82.68,82.63,83.56
2024-04-30,801.75,87.86,2.4726,2.5487,2.4187,2.4012,920.75,697.25,790.0,88.6,88.6,486.75,83.35,508.0,572.25,568.25,88.03,89.215,777.25,825.0,2.6676,2.4701,99.301,75.37,100.816,3.0112,529.813,515.679,712.625,2.5837,81.87,81.93,82.8
2024-05-01,772.25,85.105,2.3969,2.4464,2.2999,2.2874,887.75,685.5,764.25,,,469.0,,500.5,,,85.32,86.62,756.25,804.25,2.5919,2.3974,,73.04,96.012,2.8774,,,,2.4789,78.98,79.0,79.89
2024-05-02,764.5,83.925,2.3756,2.459,2.319,2.3265,883.5,682.25,766.0,84.49,84.49,473.25,79.25,490.75,516.0,513.5,84.105,85.81,747.25,796.0,2.5431,2.4056,95.609,72.92,96.155,2.8965,520.828,510.012,686.0,2.4965,79.1,78.95,79.66
2024-05-03,762.75,83.305,2.3784,2.4101,2.3151,2.2851,879.0,680.75,758.0,84.1,84.1,467.25,78.85,491.0,533.0,530.5,83.265,85.53,749.25,804.0,2.4559,2.4084,94.357,72.08,95.906,2.8351,509.461,500.574,680.625,2.4576,78.48,78.11,78.86
2024-05-06,,,2.3964,2.4357,2.4482,2.3182,,,,84.01,84.01,,78.75,,525.5,521.5,,,,,2.4739,2.4089,93.907,72.46,94.217,2.8682,513.332,503.171,678.5,2.4807,78.83,78.48,79.2
2024-05-07,764.25,82.09,2.3906,2.3984,2.4259,2.3059,877.5,670.0,761.25,84.14,84.14,470.25,78.88,485.5,534.0,529.0,82.09,84.71,752.75,811.75,2.5556,2.4081,94.781,72.24,94.26,2.7334,520.868,507.365,678.625,2.4359,78.97,78.38,79.08
2024-05-08,773.0,83.145,2.3861,2.4143,2.4068,2.2918,860.5,669.0,767.5,83.0,83.0,472.75,77.75,491.75,525.0,520.0,83.155,85.49,759.5,820.25,2.5661,2.4136,93.978,72.68,90.867,2.7418,510.34,498.132,666.625,2.4268,79.32,78.99,79.6
2024-05-09,780.5,83.24,2.3876,2.4193,2.3618,2.3018,867.5,673.0,771.75,84.65,84.68,468.0,79.45,493.5,522.0,517.5,83.24,85.495,763.75,826.25,2.4976,2.4036,96.603,72.98,91.988,2.7618,515.964,505.265,673.875,2.4323,79.67,79.26,79.92
2024-05-10,772.0,83.11,2.3519,2.3747,2.3097,2.2647,874.25,659.75,769.75,84.86,84.86,468.25,79.65,494.0,522.5,517.5,83.205,85.235,756.5,820.75,2.4444,2.3619,96.595,71.94,92.375,2.7297,516.814,506.286,667.875,2.3902,78.8,78.26,78.91
2024-05-13,774.0,82.115,2.3243,2.373,2.4105,2.2905,852.5,650.25,762.0,83.845,83.88,460.0,78.65,491.0,518.75,515.75,82.58,84.535,755.5,816.25,2.3068,2.3543,95.027,72.7,92.0,2.683,504.186,493.688,673.625,2.398,79.27,79.12,79.82
2024-05-14,756.25,80.55,2.2625,2.3246,2.3596,2.2471,849.0,637.75,752.25,83.89,83.97,452.0,78.7,484.25,518.5,514.5,80.565,83.27,745.25,804.25,2.29,2.335,95.437,71.53,90.75,2.6396,508.02,491.224,663.375,2.3686,78.14,78.02,78.65
2024-05-15,756.5,81.31,2.2731,2.3743,2.4168,2.2868,843.25,645.75,755.0,83.4,83.4,453.0,78.21,487.0,519.0,516.0,81.31,83.875,748.0,804.0,2.2531,2.3481,94.953,71.98,89.528,2.7068,511.337,493.27,658.5,2.4103,78.63,78.63,79.2
2024-05-16,763.5,81.61,2.2937,2.4388,2.5878,2.3303,859.75,655.75,760.25,83.78,83.78,454.25,78.6,495.0,521.75,518.75,81.63,84.245,752.75,808.75,2.4987,2.4037,94.722,72.46,91.437,2.7078,510.269,492.911,665.5,2.4733,79.66,79.23,79.78
2024-05-17,776.5,82.135,2.3388,2.4792,2.4992,2.3617,872.0,667.5,772.5,84.64,84.64,456.0,79.45,503.0,539.0,536.0,82.195,84.785,765.75,823.5,2.4763,2.4533,95.914,73.28,92.551,2.6942,511.882,497.067,676.75,2.5097,80.29,80.06,80.66
2024-05-20,778.5,82.415,2.3321,2.4124,2.4649,2.3224,868.75,668.0,776.0,85.19,85.2,464.0,80.0,504.0,560.5,556.5,82.46,84.79,769.25,827.75,2.3671,2.4221,96.407,72.86,93.367,2.6599,520.743,506.533,685.25,2.4449,80.29,79.8,80.37
2024-05-21,771.25,81.53,2.3111,2.3882,2.34,2.3,850.0,667.25,769.5,84.19,84.22,467.5,79.0,502.5,554.0,550.0,81.58,83.95,762.5,821.5,2.3423,2.4063,95.714,72.13,91.468,2.63,522.901,509.869,675.5,2.4042,79.62,79.26,79.71
2024-05-22,758.5,80.705,2.2843,2.3662,2.2978,2.2503,836.25,662.75,757.75,,,459.25,,502.75,,,80.705,83.14,749.5,808.25,2.5313,2.3738,,70.93,90.0001,2.4587,,,,2.3887,78.05,78.23,78.6
2024-05-23,759.25,79.685,2.2968,2.3465,2.2894,2.2469,836.5,650.75,759.0,83.24,83.24,451.75,78.05,504.75,561.5,557.5,79.685,82.1,750.25,805.25,2.1038,2.3488,94.511,70.49,90.197,2.5365,511.374,493.816,671.0,2.379,77.65,77.61,78.19
2024-05-24,751.5,79.91,2.3036,2.3296,2.1992,2.2492,831.25,659.75,751.25,82.49,82.49,457.75,77.3,510.75,565.0,561.0,79.905,82.08,742.75,795.0,2.3908,2.3533,93.791,71.66,88.55,2.6296,509.827,491.219,665.0,2.3871,78.74,78.74,79.5
2024-05-27,,,,,,,,,,83.3,83.3,,78.1,,574.0,569.0,,,,,,,94.898,,88.837,,509.415,497.57,674.75,,,,
2024-05-28,771.5,82.49,2.3525,2.3543,2.2143,2.2665,843.25,663.25,774.25,84.44,84.44,478.0,79.25,522.75,578.0,573.0,82.49,84.565,763.0,813.5,2.4433,2.4033,97.301,73.42,88.805,2.6718,519.28,508.792,688.75,2.4193,80.33,79.83,80.83
2024-05-29,764.25,82.255,2.3195,2.2999,2.1599,2.2169,844.25,665.75,766.25,85.4,85.4,479.0,80.2,518.75,575.25,570.25,82.255,84.2,755.0,802.0,2.4559,2.3834,98.297,72.68,89.262,2.5749,528.07,517.304,688.75,2.3374,79.54,79.23,80.18
2024-05-30,754.5,81.14,2.2644,2.246,2.1235,2.1571,815.0,660.75,757.75,84.38,84.38,473.25,79.18,517.75,580.0,572.0,81.145,82.785,746.0,791.0,2.3917,2.3092,95.648,71.13,86.993,2.5625,517.042,507.006,682.25,2.2835,78.22,77.91,78.72
2024-05-31,744.0,80.13,2.2692,2.2674,2.1424,2.1999,807.25,652.75,746.75,82.98,82.98,468.75,77.78,512.75,579.0,565.0,80.13,81.685,735.5,782.25,2.4242,2.2982,93.95,70.36,86.568,2.5174,511.201,502.99,682.25,2.2924,77.28,76.99,77.66
2024-06-03,723.0,76.635,2.1662,2.1881,2.0356,2.1156,801.5,632.0,724.5,81.79,81.85,449.75,76.6,497.75,563.25,549.25,76.675,78.09,712.25,756.75,2.3362,2.2312,94.319,66.36,87.41,2.4856,510.885,505.331,668.125,2.2256,74.56,74.22,75.02
2024-06-04,718.5,76.02,2.1384,2.217,2.0995,2.142,782.75,621.0,718.75,77.9,77.9,447.0,72.7,502.0,553.75,542.75,76.075,77.385,708.25,753.75,2.2509,2.2209,90.973,65.5,83.872,2.4995,500.291,494.663,637.125,2.2245,73.48,73.25,74.15
2024-06-05,717.0,75.865,2.1561,2.2156,2.1336,2.1636,785.0,614.25,718.0,78.25,78.25,441.25,73.05,506.25,542.0,529.0,75.93,77.24,705.25,751.75,2.2661,2.2411,91.461,66.32,84.686,2.3936,489.187,483.763,643.125,2.2286,74.47,74.07,74.95
2024-06-06,735.5,78.445,2.2106,2.2475,2.2225,2.2025,789.0,628.0,735.75,79.29,79.29,452.5,74.1,518.5,540.25,525.25,78.445,79.855,723.0,771.75,2.3226,2.3001,91.94,67.87,85.061,2.4265,487.253,481.834,643.125,2.2575,75.9,75.55,76.56
2024-06-07,738.25,78.305,2.193,2.2151,2.2276,2.1826,799.75,626.25,740.0,80.21,80.21,455.25,75.0,525.5,551.0,535.0,78.305,79.775,726.25,776.75,2.2867,2.3017,93.854,67.77,85.968,2.3226,486.642,481.37,643.625,2.2351,75.86,75.53,76.57
2024-06-10,752.25,79.97,2.246,2.2334,2.2359,2.2009,800.75,646.5,753.75,80.33,80.33,466.5,75.12,533.5,548.0,532.0,79.97,81.46,742.0,792.5,2.3247,2.3497,94.197,69.8,86.326,2.3509,486.431,482.805,650.25,2.2719,78.21,77.74,78.59
2024-06-11,759.0,80.61,2.2538,2.2439,2.2489,2.2114,800.25,649.25,761.25,81.98,81.98,470.75,76.77,534.0,549.0,532.0,80.61,82.215,750.25,798.0,2.2713,2.3638,97.092,69.94,87.26,2.3189,501.425,497.998,658.25,2.2774,77.72,77.9,78.68
2024-06-12,760.5,81.235,2.2783,2.2394,2.2644,2.1919,808.25,657.25,763.0,82.6,82.6,472.25,77.4,542.0,551.75,535.75,81.235,82.705,751.5,799.5,2.3108,2.3833,98.36,70.58,86.743,2.3444,503.497,501.981,675.25,2.2769,79.19,78.5,79.23
2024-06-13,775.0,81.635,2.3231,2.2406,2.3256,2.2406,790.0,659.0,778.25,82.26,82.26,471.0,77.07,546.0,549.25,533.25,81.65,83.1,767.25,818.5,2.4518,2.4368,97.318,70.79,85.884,2.3656,500.381,498.79,676.5,2.2756,79.09,78.62,79.48
2024-06-14,774.5,81.815,2.3881,2.2471,2.3096,2.2371,800.5,657.0,777.5,82.11,82.11,472.75,76.92,544.0,557.25,541.25,81.85,83.375,766.5,820.25,2.2256,2.4331,98.082,70.72,86.642,2.3496,497.361,493.988,674.0,2.2711,78.96,78.45,79.42
2024-06-17,780.0,83.315,2.3925,2.2709,2.3119,2.2669,800.0,665.25,782.25,,,477.0,,544.0,,,83.325,85.025,771.0,824.0,2.2375,2.45,,72.51,87.9055,2.3649,,,,2.3069,81.06,80.33,81.33
2024-06-18,796.0,85.31,2.3883,2.2657,2.2932,2.3007,814.25,668.75,797.5,83.33,83.33,477.25,78.14,551.0,560.25,541.25,85.36,87.17,784.75,838.0,2.1208,2.4858,98.307,73.64,87.973,2.4652,502.161,500.256,676.75,2.3432,82.56,81.57,82.59
2024-06-19,805.75,86.19,,,,,827.0,682.75,808.75,84.58,84.58,494.0,79.4,550.0,567.0,548.0,86.19,87.79,796.0,848.5,,,100.058,,89.033,,515.571,513.299,693.625,,,,
2024-06-20,797.0,86.09,2.392,2.2961,2.3408,2.3183,824.5,686.75,801.75,84.55,84.66,489.25,79.37,551.0,564.0,543.0,86.195,87.645,787.5,839.5,2.1245,2.4762,100.882,74.08,89.824,2.4908,518.311,515.677,699.375,2.3601,83.18,82.17,83.03
2024-06-21,798.0,86.62,2.4015,2.3241,2.3437,2.3312,831.25,692.25,801.25,84.95,84.95,489.0,79.77,554.25,569.0,548.0,87.18,88.33,788.75,841.5,2.3915,2.4451,99.669,73.73,91.051,2.5647,513.363,510.246,702.125,2.3591,82.7,81.97,82.8
2024-06-24,794.5,87.105,2.4239,2.3,2.3415,2.3265,828.5,694.5,799.0,84.95,84.95,490.25,79.77,559.0,570.0,549.0,87.43,88.54,784.75,837.75,2.4383,2.4638,99.138,74.42,90.266,2.622,513.377,509.885,699.125,2.3475,83.6,82.84,83.58
2024-06-25,798.0,86.7,2.4169,2.3188,2.2978,2.3247,827.75,691.25,801.5,85.43,85.43,484.5,80.25,561.75,569.25,548.25,87.04,88.19,790.0,840.75,2.5414,2.4524,100.074,73.35,90.283,2.6158,513.658,508.998,706.375,2.3528,82.81,82.08,82.59
2024-06-26,794.25,85.34,2.4425,2.347,2.3145,2.3546,831.75,692.75,798.0,84.87,84.87,478.5,79.77,562.0,569.5,548.5,85.695,86.995,786.75,835.75,2.593,2.478,100.054,73.12,90.398,2.5245,507.128,502.975,706.5,2.377,81.4,80.9,81.8
2024-06-27,807.0,87.21,2.4776,2.3568,2.3268,2.3456,830.25,705.75,808.75,84.99,84.99,487.0,79.85,571.0,574.0,553.0,87.53,88.84,800.0,845.75,2.5629,2.4879,101.329,74.1,91.279,2.5668,509.797,506.766,714.5,2.3743,82.66,81.74,82.71
2024-06-28,797.0,86.69,2.4506,2.3565,2.334,2.309,832.25,703.25,802.0,85.71,85.71,485.25,80.55,567.0,573.75,553.75,87.085,88.335,789.5,837.5,2.5081,2.4631,102.026,73.97,91.803,2.5495,513.929,510.023,718.875,2.3665,82.31,81.54,82.49
2024-07-01,808.5,88.06,2.5597,2.4408,2.3933,2.3958,825.0,714.25,814.5,85.63,85.63,493.0,80.47,585.5,585.0,569.0,88.665,89.935,802.25,845.75,2.5647,2.5497,101.152,75.22,92.913,2.6263,508.582,504.761,715.875,2.4583,84.1,83.38,84.33
2024-07-02,822.5,88.59,2.5712,2.4434,2.3534,2.3884,847.75,710.5,826.25,86.51,86.79,506.0,81.35,593.0,594.25,579.25,89.415,90.67,816.25,860.75,2.5547,2.5647,103.067,74.61,95.22,2.5764,516.419,510.439,723.75,2.4534,83.36,82.81,83.6
2024-07-03,806.25,87.665,2.5368,2.4788,2.3813,2.4213,847.0,703.5,810.5,86.392,86.42,505.75,81.25,576.25,591.5,576.5,88.615,89.865,799.75,847.0,2.5543,2.5843,102.195,75.66,94.765,2.5513,514.916,509.025,717.75,2.4788,84.29,83.88,84.69
2024-07-04,813.25,88.96,,,,,858.0,705.5,817.25,86.68,86.68,509.25,81.53,584.5,593.0,578.0,89.92,91.27,807.0,856.25,,,101.985,,94.645,,520.012,516.656,715.625,,,,
2024-07-05,816.75,89.105,,,,,856.25,720.5,822.0,87.36,87.49,505.0,82.21,585.0,588.0,573.0,90.065,91.475,811.5,861.5,,,102.771,,94.363,,526.654,525.397,720.625,,,,
2024-07-08,799.75,87.685,2.4341,2.4054,2.3279,2.3729,840.5,703.5,804.5,86.201,86.201,499.75,81.05,575.0,587.75,572.75,88.48,89.89,793.25,842.75,2.4991,2.5216,101.126,74.19,93.761,2.4879,525.609,517.94,716.375,2.4129,82.33,82.33,83.18
2024-07-09,786.75,86.0,2.4161,2.4049,2.3374,2.3599,838.75,689.5,791.5,85.662,85.662,494.5,80.51,571.0,583.75,568.75,86.37,88.25,780.25,828.25,2.4436,2.4676,99.823,73.13,92.714,2.4774,518.513,512.98,708.5,2.4174,81.57,81.41,82.18
2024-07-10,790.5,86.995,2.3834,2.3484,2.2734,2.3359,829.0,691.0,796.75,84.45,84.53,494.5,79.3,577.0,585.5,570.5,87.265,89.24,784.0,829.25,2.4384,2.4499,98.513,73.6,91.305,2.4034,515.245,508.011,691.875,2.3709,82.3,82.1,82.72
2024-07-11,788.75,87.23,2.3857,2.3678,2.2878,2.3428,836.25,691.0,800.0,85.35,85.4,488.0,80.2,578.5,589.75,573.75,87.355,89.33,782.0,832.0,2.4382,2.4507,99.414,74.02,92.129,2.4178,521.047,512.063,700.625,2.3928,82.93,82.62,83.2
2024-07-12,790.0,87.62,2.3796,2.3578,2.2753,2.3403,844.5,700.25,798.75,85.49,85.58,489.25,80.35,582.0,594.0,578.0,87.68,89.755,783.75,832.25,2.4096,2.4371,99.849,73.55,93.878,2.3753,522.214,516.208,704.625,2.3953,82.33,82.21,82.68
2024-07-15,784.0,86.595,2.3611,2.3441,2.2116,2.3041,832.75,694.25,787.75,84.41,84.58,487.5,79.27,576.5,589.0,573.0,86.61,88.77,777.5,829.0,2.4136,2.4486,98.735,73.46,93.376,2.3516,514.85,508.887,703.0,2.4141,81.14,81.91,82.62
2024-07-16,770.75,85.64,2.2913,2.35,2.3475,2.2925,822.0,692.5,775.0,83.7,83.81,481.5,78.55,574.5,585.0,570.0,85.645,87.745,764.75,818.0,2.3688,2.4038,98.146,72.38,92.068,2.3125,509.932,503.779,695.25,2.4,79.84,80.76,81.58
2024-07-17,771.75,86.195,2.3915,2.3813,2.4313,2.3588,822.5,695.5,775.5,83.49,83.62,482.0,78.35,581.25,587.0,573.0,86.2,88.355,766.25,821.5,2.41,2.4365,97.168,74.09,91.935,2.3363,509.977,502.007,695.25,2.4388,81.27,82.85,83.52
2024-07-18,772.25,86.47,2.3768,2.3689,2.6164,2.3739,824.75,695.5,775.5,84.54,84.83,473.25,79.4,579.5,594.25,582.25,86.475,88.65,767.0,820.5,2.4028,2.4318,98.54,73.95,93.308,2.3514,510.098,501.305,706.875,2.4389,81.08,82.82,83.24
2024-07-19,763.75,85.305,2.3391,2.3329,2.5954,2.3154,821.75,686.0,765.5,84.36,84.36,472.5,79.23,575.0,595.25,584.25,85.435,87.435,758.75,812.25,2.0671,2.3541,97.988,71.41,92.436,2.1204,509.738,499.82,699.5,2.3879,78.09,80.13,80.67
2024-07-22,753.0,83.015,2.3298,2.3706,2.6206,2.3356,805.75,674.25,755.25,82.18,82.18,457.5,77.05,569.5,588.75,578.75,83.265,85.35,748.25,800.5,2.0829,2.3768,95.788,71.16,90.518,2.0788,494.679,481.003,685.0,2.4241,77.53,79.78,80.54
2024-07-23,746.25,82.09,2.3449,2.3002,2.5891,2.3341,803.25,667.75,748.5,81.73,81.95,453.5,76.58,565.25,590.0,582.0,82.18,84.145,741.5,793.0,2.3271,2.3431,96.263,69.6,90.311,2.3307,495.618,487.862,687.0,2.3322,76.23,78.2,78.75
2024-07-24,762.0,82.94,2.3924,2.3479,2.6265,2.3715,806.0,673.75,764.5,80.52,80.66,462.75,75.35,571.0,590.0,582.0,82.955,84.955,756.75,806.25,2.304,2.3765,95.143,70.4,89.151,2.4574,491.841,483.454,677.0,2.3694,77.03,78.88,79.43
2024-07-25,761.25,82.745,2.3987,2.3845,2.397,2.4001,798.25,672.5,764.5,80.45,80.66,458.25,75.3,576.0,591.5,583.5,82.745,84.78,756.0,805.75,2.3231,2.3781,95.58,71.23,89.455,2.414,489.448,480.761,677.25,2.3955,79.59,79.59,80.43
2024-07-26,746.5,81.355,2.3297,2.382,2.437,2.3955,805.5,660.75,752.25,81.25,81.7,449.25,76.1,574.0,594.0,586.0,81.355,83.395,741.25,790.25,2.1376,2.3126,96.662,69.18,90.838,2.5065,496.21,485.308,683.75,2.377,76.12,77.16,78.05
2024-07-29,742.75,80.84,2.2975,2.3173,2.3023,2.3428,798.75,651.75,747.0,79.98,79.98,448.5,74.85,576.75,592.5,582.5,81.02,82.985,737.5,784.0,2.0935,2.2535,95.537,67.83,90.568,2.3723,492.041,478.835,672.0,2.3423,74.79,75.81,76.61
2024-07-30,730.5,79.22,2.2543,2.2818,2.3943,2.3196,784.5,642.5,734.5,79.0,79.0,440.75,73.87,572.25,591.0,581.0,79.375,81.31,725.5,772.0,2.0587,2.2187,93.793,66.76,88.961,2.4493,486.049,472.635,653.5,2.3193,73.82,74.73,75.48
2024-07-31,750.0,81.485,2.3383,2.405,2.6425,2.405,802.0,660.75,753.0,79.55,79.55,452.75,74.45,591.25,594.0,583.0,81.675,83.59,744.5,790.5,2.3643,2.3083,94.404,69.51,89.291,2.3775,484.031,470.787,661.75,2.41,77.05,77.91,78.61
2024-08-01,750.0,81.77,2.3214,2.363,2.498,2.338,809.5,672.75,750.5,80.55,80.61,449.75,75.45,608.0,597.0,587.0,81.96,83.855,744.0,790.75,2.1314,2.2664,96.22,68.64,89.899,2.338,483.211,473.705,674.625,2.3755,75.65,76.31,77.01
2024-08-02,722.25,78.21,2.2535,2.2911,2.4676,2.2701,789.25,652.5,721.5,79.24,79.24,426.25,74.15,589.75,599.0,591.0,78.46,80.315,717.0,763.0,1.9385,2.166,94.506,65.94,87.79,2.2576,471.319,465.813,674.125,2.2951,72.85,73.52,74.32
2024-08-05,713.5,76.845,2.2586,2.3536,2.3136,2.3011,761.25,657.25,711.0,74.49,74.55,428.75,69.4,585.0,592.5,585.5,76.955,79.415,708.25,753.5,1.9186,2.1611,90.154,65.39,82.762,2.2736,446.139,442.82,658.75,2.3361,72.4,72.94,73.75
2024-08-06,712.5,76.28,2.2658,2.2912,2.2962,2.3187,763.25,658.5,709.75,75.04,75.04,427.5,69.95,580.5,596.0,587.0,76.28,79.64,707.25,751.75,1.9158,2.1603,90.556,65.57,83.319,2.2662,447.456,445.52,661.75,2.3062,72.57,73.2,73.98
2024-08-07,734.25,79.73,2.3206,2.3173,2.3573,2.4423,768.25,666.0,731.75,75.5,75.5,441.75,70.4,591.0,593.75,583.75,79.73,82.785,729.0,773.75,1.9756,2.2206,90.506,67.51,82.385,2.3073,451.023,449.272,660.5,2.3673,74.3,75.23,75.94
2024-08-08,730.25,80.495,2.3353,2.4117,2.4092,2.4567,782.0,660.0,728.0,77.14,77.14,441.75,72.05,595.0,597.75,587.75,80.625,82.93,725.0,768.0,1.9778,2.2078,92.057,68.41,85.158,2.3617,462.616,459.968,672.25,2.4392,75.3,76.19,76.89
2024-08-09,729.0,81.6,2.3122,2.3903,2.3603,2.3653,784.0,659.5,726.0,,,442.75,,595.5,,,81.64,83.425,723.5,767.0,1.9597,2.1647,,69.02,85.7207,2.3528,,,,2.4078,76.71,76.84,77.54
2024-08-12,737.0,83.165,2.379,2.4104,2.3629,2.3779,797.75,670.75,733.0,78.67,78.67,453.5,73.58,603.0,603.0,589.0,83.27,84.755,734.75,775.75,2.0265,2.2465,92.686,71.94,86.49,2.4054,472.79,465.471,674.625,2.4379,79.27,80.06,80.67
2024-08-13,736.75,83.285,2.3592,2.3222,2.2347,2.2972,791.5,672.75,733.0,79.98,79.98,450.25,74.89,602.0,611.0,601.0,83.315,84.73,737.5,779.25,2.0092,2.2442,94.847,70.18,86.898,2.3747,474.329,466.32,681.875,2.3172,76.63,78.35,78.83
2024-08-14,735.75,82.865,2.3532,2.2686,2.1111,2.2561,786.5,669.0,727.25,79.21,79.24,447.25,74.1,595.5,609.0,599.0,82.9,84.41,734.25,773.5,1.9882,2.2232,94.402,69.16,86.505,2.4161,469.692,460.172,682.625,2.2761,74.68,76.98,77.67
2024-08-15,742.0,84.15,2.3554,2.3105,2.178,2.2705,778.0,671.0,736.0,78.67,78.67,456.25,73.55,595.5,602.75,592.75,84.155,85.565,741.25,779.25,1.9879,2.2429,93.114,70.32,83.903,2.413,464.488,455.229,675.375,2.2905,76.18,78.16,78.72
2024-08-16,721.25,82.265,2.3087,2.2752,2.0902,2.2102,769.5,653.5,719.0,79.04,79.04,446.75,73.92,592.0,604.0,594.0,82.27,83.675,722.5,756.5,1.9387,2.1912,93.362,68.95,85.614,2.3652,465.566,456.727,674.0,2.2427,74.81,76.65,77.31
2024-08-19,714.25,81.75,2.241,2.2138,2.0888,2.1638,758.0,652.5,710.75,77.81,77.84,447.25,72.7,594.5,604.75,592.75,82.005,83.125,713.25,749.25,1.8735,2.1285,91.241,66.73,84.798,2.3538,455.257,447.043,665.75,2.2088,72.43,74.37,74.86
2024-08-20,697.0,79.485,2.2482,2.201,2.0613,2.1288,743.5,641.25,695.5,75.68,75.71,439.25,70.57,589.0,602.0,591.0,79.63,80.815,680.0,733.5,1.8732,2.1382,88.207,66.49,82.295,2.3463,441.872,435.795,659.375,2.1835,72.52,74.04,74.63
2024-08-21,705.0,79.64,2.2272,2.1438,2.005,2.0825,728.25,652.25,703.0,76.16,76.16,434.5,71.05,595.0,604.75,592.75,79.8,80.965,686.0,741.75,1.8597,2.129,89.737,65.31,83.508,2.295,444.183,438.453,667.5,2.1488,70.99,72.67,73.29
2024-08-22,702.75,79.615,2.245,2.1568,2.0487,2.1262,736.75,650.25,702.75,75.15,75.15,433.75,70.05,603.0,604.0,594.0,79.8,80.95,683.5,738.5,1.8735,2.1062,88.496,66.6,82.558,2.3337,438.015,434.106,663.25,2.1818,72.37,73.79,74.59
2024-08-23,713.25,81.045,2.2872,2.1961,2.0751,2.1751,749.0,659.75,715.25,76.69,76.69,442.75,71.6,609.5,613.25,601.25,81.27,82.395,694.0,750.0,1.9281,2.1456,89.895,68.35,83.163,2.2086,444.944,441.6,669.375,2.2111,74.05,75.84,76.54
2024-08-26,,,2.3355,2.2099,2.0899,2.1649,,,,78.55,78.7,,73.45,,624.0,612.0,,,,,1.9797,2.1847,91.828,70.06,85.511,2.2249,455.143,451.463,681.5,2.2199,75.87,77.42,78.06
2024-08-27,713.0,82.315,2.2762,2.1576,2.0726,2.1369,750.0,666.0,717.0,79.2,79.35,447.25,74.1,606.0,634.0,624.0,82.615,83.695,694.25,749.25,1.9206,2.1431,92.588,68.25,86.287,2.1876,458.577,454.651,689.0,2.0376,73.9,75.53,76.23
2024-08-28,697.0,81.08,2.2291,2.1273,2.0423,2.0898,728.5,651.75,700.25,77.7,77.7,435.5,72.6,585.75,630.5,620.5,81.375,82.38,678.0,737.0,1.8671,2.0996,88.887,67.29,83.113,2.1573,446.674,442.008,670.5,1.9948,73.0,74.52,75.26
2024-08-29,709.5,82.425,2.304,2.1677,2.0477,2.1327,720.75,658.25,715.5,76.66,76.66,439.75,71.55,586.0,620.0,610.0,82.73,83.725,689.75,751.25,1.9226,2.1536,88.325,68.62,81.777,2.1977,440.948,438.91,664.5,2.0352,74.03,75.91,76.61
2024-08-30,702.25,79.95,2.2683,2.1332,2.0332,2.1132,732.5,642.75,709.5,78.4,78.4,419.0,73.3,587.0,613.0,603.0,80.27,81.25,682.75,744.25,1.8883,2.1208,92.052,66.72,84.124,2.4432,447.581,446.016,678.75,2.0332,71.96,73.55,74.26
2024-09-02,701.5,79.585,,,,,716.0,633.5,710.0,76.495,76.495,414.75,71.4,585.0,605.0,595.0,80.005,80.885,679.0,739.5,,,89.598,,81.725,,431.021,431.375,659.25,,,,
2024-09-03,688.0,75.78,2.2185,1.9977,1.9127,1.9977,705.5,621.75,693.0,76.64,76.64,391.25,71.55,564.25,605.0,595.0,76.59,77.155,663.25,723.75,1.816,2.0585,90.188,62.34,83.9,2.4177,430.827,428.742,665.5,1.9077,69.43,70.34,71.1
2024-09-04,674.0,75.085,2.17,1.9743,1.8968,2.0093,690.5,621.75,679.25,73.38,73.39,393.75,68.3,559.25,617.25,607.25,76.1,76.675,666.25,712.5,1.7675,2.015,86.786,61.23,78.207,2.4118,415.153,413.91,647.5,1.8993,68.32,69.2,69.95
2024-09-05,674.25,74.92,2.1764,1.9133,1.8758,2.0158,676.75,622.25,678.25,73.39,73.41,391.75,68.3,552.75,619.0,612.0,75.975,76.51,670.5,714.25,1.7789,2.0252,85.36,61.24,77.031,2.3758,410.185,406.649,646.25,1.8408,68.71,69.15,69.96
2024-09-06,658.25,72.735,2.13,1.8885,1.846,1.9935,659.5,607.0,657.0,73.41,73.41,382.75,68.32,538.5,617.0,613.0,74.06,74.495,645.5,697.5,2.015,1.9675,85.374,59.76,76.263,2.346,404.597,403.867,639.25,1.826,66.72,67.67,68.46
2024-09-09,655.5,72.01,2.1494,1.9354,1.8854,2.0329,671.25,602.25,659.0,72.28,72.32,375.75,67.2,544.75,622.0,619.0,72.03,73.325,641.5,691.5,2.0394,1.9919,84.642,60.66,77.063,2.3704,407.552,408.575,629.5,1.8729,67.77,68.71,69.54
2024-09-10,643.25,70.685,2.0705,1.8825,1.855,2.055,663.5,586.25,648.25,71.92,71.92,367.75,66.85,526.5,614.0,617.0,70.875,71.995,628.0,676.75,1.958,1.908,83.506,57.84,76.396,2.32,410.563,410.063,629.07,1.8225,64.97,65.75,66.57
2024-09-11,637.0,71.01,2.1067,1.9222,1.8822,1.9972,662.75,592.5,643.75,70.95,70.95,375.5,65.88,528.75,610.75,613.75,71.17,72.33,625.25,670.25,1.9917,1.9362,81.709,59.26,75.412,2.3472,415.181,411.401,627.5,1.8472,66.31,67.31,68.02
2024-09-12,664.75,74.6,2.1401,1.9445,1.917,2.0095,680.5,624.75,670.75,71.93,71.93,393.5,66.85,566.5,613.0,618.0,74.76,75.735,647.75,695.5,2.0188,1.9498,83.126,60.75,76.389,2.387,419.243,417.853,628.59,1.8645,68.13,68.97,69.62
2024-09-13,654.75,74.02,2.1068,1.9352,1.9552,2.0152,687.75,629.5,662.0,72.8,72.8,389.5,67.72,571.5,622.25,627.25,74.18,75.165,638.25,685.25,1.9843,1.9118,83.657,60.43,75.916,2.3802,422.997,413.481,645.0,1.8642,67.6,68.65,69.25
2024-09-16,646.75,73.835,2.1268,1.9407,2.0132,2.0332,683.75,632.0,654.5,72.455,72.455,397.0,67.37,581.0,621.5,630.5,74.035,74.9,631.5,679.25,1.9618,1.9178,82.571,61.71,76.313,2.4182,423.295,410.148,649.75,1.8832,68.89,70.09,70.67
2024-09-17,654.5,74.645,2.1717,1.9619,2.0519,2.0819,693.25,636.25,663.0,73.3,73.3,401.5,68.2,582.5,629.0,638.0,74.91,75.71,639.25,684.25,2.0017,1.9692,82.824,62.61,77.306,2.4519,432.497,416.791,650.75,1.9044,69.25,71.19,71.67
2024-09-18,660.5,75.075,2.18,1.9782,2.0657,2.1432,693.75,639.25,674.25,73.45,73.46,408.5,68.35,583.25,629.0,638.0,75.12,76.21,648.0,692.0,2.0125,1.9825,83.812,62.44,78.997,2.4607,434.29,417.194,653.0,1.9207,68.6,70.91,71.42
2024-09-19,669.0,76.52,2.202,2.0609,2.135,2.225,716.75,646.75,681.5,74.85,74.85,420.5,69.75,588.0,630.5,636.5,76.63,77.64,658.75,703.5,2.037,2.0145,85.084,63.61,81.518,2.26,444.187,424.972,659.0,1.9759,69.85,71.95,72.47
2024-09-20,663.25,76.075,2.189,2.0373,2.1214,2.1964,713.5,643.0,678.0,74.2,74.4,425.5,69.1,570.5,629.0,631.0,76.215,77.385,666.0,698.25,2.0265,2.014,84.58,63.58,81.091,2.2364,452.461,430.894,652.75,1.9598,69.97,71.92,72.44
2024-09-23,664.0,75.13,2.1751,1.9901,2.0752,2.1152,695.25,639.75,672.5,74.26,74.36,420.5,69.15,571.5,628.5,630.5,75.13,76.545,660.25,690.25,2.0256,1.9926,84.444,63.16,81.084,2.1676,449.341,426.991,651.875,1.9101,69.32,71.16,71.74
2024-09-24,673.0,75.765,2.2005,2.023,2.1397,2.1147,700.75,645.25,679.25,74.85,75.07,424.5,69.74,578.25,634.75,636.75,75.77,77.035,669.25,702.25,2.0641,2.0316,85.014,64.31,80.529,2.2055,446.364,420.753,655.0,1.9405,70.76,72.32,72.85
2024-09-25,676.25,75.315,2.1827,1.9992,2.0642,2.0824,692.75,640.5,680.75,75.0,75.15,424.75,69.9,575.25,638.0,637.0,75.57,76.375,677.25,704.5,2.0419,2.0094,85.893,62.46,80.186,2.1742,442.967,414.334,654.875,1.9092,68.77,70.32,71.1
2024-09-26,665.5,72.49,2.1636,1.9623,2.1948,2.0438,677.0,628.25,664.5,72.295,72.295,416.75,67.195,571.75,640.75,639.75,72.805,73.805,663.75,692.75,2.0179,1.9739,82.645,59.86,77.129,2.1348,427.445,398.69,649.125,1.8748,66.7,67.67,68.27
2024-09-27,664.5,71.975,2.1577,1.9395,2.212,1.9955,685.25,622.0,665.5,72.71,72.71,414.75,67.6,572.25,653.0,649.0,72.225,73.11,661.75,689.25,2.0163,1.9838,83.325,60.31,77.046,2.127,420.479,399.508,647.125,1.8795,67.18,68.18,68.75
2024-09-30,670.5,72.895,2.1729,1.9576,2.0001,1.9851,688.0,626.25,669.75,73.32,73.32,430.5,68.2,584.25,641.0,642.0,73.07,74.04,668.5,694.25,2.0469,1.9904,83.848,60.25,77.014,2.1351,427.419,405.784,656.625,1.8951,67.31,68.17,68.77
2024-10-01,684.0,75.36,2.1867,1.9741,1.9866,1.9916,684.75,638.5,683.0,70.77,70.77,440.5,65.65,602.0,640.75,635.75,75.525,76.41,682.5,707.25,2.0667,2.0007,81.702,62.48,73.589,2.1666,415.851,390.352,643.25,1.9041,68.69,69.83,70.43
2024-10-02,672.75,74.775,2.1946,1.9859,2.0209,2.0034,689.75,640.75,673.0,75.24,75.29,448.25,70.15,606.0,653.25,647.25,74.93,75.765,673.5,699.5,2.0746,2.0021,86.691,62.79,77.987,2.1959,446.211,424.997,674.375,1.9284,69.13,70.1,70.75
2024-10-03,694.25,77.94,2.3097,2.1176,2.0476,2.1001,702.75,662.75,696.75,74.45,74.57,453.75,69.35,617.75,647.5,640.5,78.085,78.93,697.5,728.0,2.1872,2.1147,85.745,66.43,78.514,2.3026,432.678,417.072,677.0,2.0576,72.74,73.71,74.36
2024-10-04,710.75,79.4,2.324,2.1158,2.0608,2.1108,725.5,675.25,714.0,77.87,77.87,471.5,72.75,621.75,664.0,656.0,79.495,80.46,716.5,750.5,2.2052,2.1347,90.794,67.03,82.369,2.4458,461.534,444.292,704.875,2.0333,73.32,74.38,74.98
2024-10-07,723.25,81.19,2.3962,2.1838,2.1438,2.1763,741.0,686.75,726.75,78.145,78.16,482.5,73.0,626.75,658.0,648.0,81.225,82.26,731.5,764.0,2.2887,2.2122,91.662,69.84,82.237,2.5038,461.3,445.219,704.375,2.1076,75.82,77.14,77.74
2024-10-08,689.0,77.87,2.3035,2.1031,2.0881,2.0831,732.0,656.25,704.25,78.96,78.96,470.5,73.64,611.75,658.0,648.0,78.07,78.845,700.5,731.75,2.1897,2.1097,91.648,66.17,83.537,2.4181,452.121,444.344,700.875,2.0131,72.11,73.57,74.2
2024-10-09,683.0,77.7,2.2794,2.0839,2.0664,2.0914,716.5,655.75,697.25,77.435,77.5,464.75,72.1,610.75,659.0,649.0,77.785,78.71,696.5,727.0,2.1694,2.1044,89.769,65.77,81.761,2.4164,458.727,445.587,688.375,1.9989,71.63,73.24,73.89
2024-10-10,688.75,79.225,2.3584,2.1659,2.1059,2.1734,739.5,667.25,708.5,77.14,77.14,478.25,71.8,613.75,657.0,647.0,79.445,80.38,704.75,741.0,2.2434,2.1784,89.102,68.4,81.8,2.5009,461.343,446.48,686.875,2.0734,74.17,75.85,76.5
2024-10-11,704.0,80.05,2.3514,2.1441,2.0766,2.1666,747.0,671.0,720.75,78.59,78.59,478.75,73.25,612.25,653.0,643.0,80.265,81.11,715.0,752.0,2.2414,2.1714,91.467,68.08,83.405,2.5016,469.823,454.276,696.875,2.0841,74.2,75.56,76.21
2024-10-14,687.5,77.93,2.2842,2.1236,2.0286,2.1286,741.25,665.0,702.75,77.64,77.66,471.5,72.3,611.5,654.0,644.0,78.28,78.8,697.0,732.75,2.1717,2.1002,90.678,66.35,82.918,2.4586,469.728,453.867,696.875,2.0449,72.28,73.83,74.43
2024-10-15,651.75,73.655,2.1902,2.045,1.8977,2.0577,705.75,636.0,670.25,74.285,74.33,442.0,68.95,598.0,649.5,639.5,74.14,74.52,663.5,700.0,2.1002,2.0177,86.302,62.99,78.565,2.3877,447.944,433.243,666.375,1.9702,69.03,70.58,71.14
2024-10-16,652.5,74.055,2.1622,2.0553,1.8703,2.0528,708.5,635.5,667.75,73.99,74.01,438.5,68.65,597.0,648.25,638.25,74.57,74.825,661.0,700.0,2.0872,2.0097,85.95,62.81,78.563,2.3903,448.962,432.367,661.375,1.9703,68.8,70.39,70.97
2024-10-17,656.5,74.18,2.1795,2.0518,1.9018,2.0543,706.5,632.5,668.25,74.09,74.09,436.0,68.75,602.0,647.25,637.75,74.375,74.935,666.0,701.75,2.107,2.0345,85.861,63.1,79.113,2.3968,451.353,435.351,662.125,1.9603,68.96,70.67,71.31
2024-10-18,644.25,72.59,2.1147,1.967,1.857,2.017,695.5,617.75,651.5,74.195,74.195,434.5,68.85,591.5,646.0,637.0,72.785,73.325,653.25,689.25,2.0647,1.9822,86.402,61.75,81.07,2.352,451.216,436.514,658.375,1.907,67.55,69.22,69.91
2024-10-21,651.0,73.555,2.1183,1.9381,1.8697,2.0247,700.25,628.75,662.25,73.54,73.54,441.75,68.2,597.75,642.25,635.25,73.6,74.295,660.25,697.75,2.0958,2.0123,86.124,63.08,79.783,2.3647,451.173,436.588,657.625,1.8931,69.06,70.56,71.26
2024-10-22,670.25,75.795,2.1595,1.969,1.9015,2.069,701.5,644.0,680.0,73.55,73.55,468.0,68.2,601.75,642.0,635.0,75.805,76.69,679.25,718.25,2.1495,2.0596,86.109,64.68,78.4,2.4215,460.37,442.772,657.875,1.9465,70.77,72.09,72.82
2024-10-23,666.0,74.79,2.1316,1.9491,1.8889,2.0064,712.0,640.5,679.5,75.05,75.05,470.75,69.7,600.5,645.0,638.0,74.79,75.67,675.0,716.0,2.1436,2.0361,88.942,63.83,79.631,2.3541,473.632,460.364,673.125,1.9156,70.73,71.26,72.01
2024-10-24,663.75,74.57,2.1123,1.9448,1.8827,1.9827,703.5,641.75,674.25,75.41,75.41,460.75,70.05,600.25,649.0,642.0,74.57,75.45,671.25,714.0,2.1254,2.0154,89.797,63.12,80.193,2.3423,475.649,462.081,680.125,1.8898,69.85,70.44,71.42
2024-10-25,672.25,75.85,2.1481,1.9895,1.9295,2.036,710.25,655.5,686.75,73.55,73.55,469.75,68.2,609.5,648.0,643.0,75.865,76.735,681.25,732.25,2.1616,2.0666,88.596,64.64,78.872,2.387,472.089,454.706,669.375,1.932,71.37,71.99,73.12
2024-10-28,640.0,72.16,2.0186,1.8607,1.8657,1.9389,672.75,633.25,655.25,72.01,72.01,445.0,66.65,593.5,640.0,635.0,72.165,73.095,650.0,705.0,2.0523,1.9623,88.437,59.99,76.924,2.2757,461.782,443.266,652.625,1.8207,66.56,67.38,68.04
2024-10-29,632.5,71.285,2.0287,1.8729,1.8479,1.9168,657.75,628.25,647.0,70.82,70.82,438.5,65.45,596.0,636.0,630.5,71.32,72.16,642.5,690.5,2.0561,1.9561,86.988,59.74,76.269,2.2679,460.226,439.661,650.625,1.8189,65.95,67.21,67.86
2024-10-30,655.25,73.03,2.0826,1.9155,1.929,1.9332,666.25,641.25,671.0,72.01,72.01,449.25,66.65,598.25,641.0,638.0,73.235,74.01,664.75,713.5,2.111,2.0185,87.042,61.17,76.811,2.309,460.757,445.513,654.75,1.8615,67.32,68.61,69.28
2024-10-31,666.5,73.28,2.0922,1.9213,1.9188,1.8538,672.25,646.25,680.0,,,447.25,,603.0,,,73.395,74.15,673.5,718.75,2.1472,2.0622,,61.77,77.4006,2.3238,,,,1.8913,68.18,69.26,69.96
2024-11-01,669.25,74.08,2.1342,1.9265,1.8465,1.919,679.0,653.0,683.75,73.59,73.59,440.25,68.25,600.0,644.0,639.0,74.195,74.92,676.5,727.0,2.1467,2.0717,91.17,62.45,79.5,2.1665,469.551,451.972,670.25,1.904,68.3,69.49,70.14
2024-11-04,680.75,75.26,2.1766,2.0067,1.8842,1.9592,690.25,654.75,692.5,73.52,73.52,438.25,68.2,604.0,640.5,635.5,75.355,76.02,688.25,738.25,2.1966,2.1141,90.68,64.41,80.231,2.2192,460.357,443.967,670.625,1.9642,70.16,71.47,72.12
2024-11-05,693.5,76.775,2.1967,2.0221,1.8396,1.9371,692.0,659.0,703.0,74.13,74.13,447.0,68.8,608.0,638.0,634.0,76.97,77.59,700.75,747.5,2.2167,2.1267,91.566,64.93,81.668,2.2446,467.92,450.628,670.5,1.9821,71.36,71.99,72.64
2024-11-06,688.0,76.03,2.1775,2.0104,1.8454,1.9279,685.0,653.75,694.75,73.29,73.29,444.5,67.95,603.0,637.25,634.25,76.045,76.955,695.5,737.75,2.115,2.0825,90.464,64.52,79.228,2.2954,461.043,443.554,662.25,1.9779,70.88,71.69,72.38
2024-11-07,677.5,75.62,2.1864,2.0161,1.8686,1.9361,689.0,648.25,682.25,74.01,74.01,436.5,68.7,600.0,638.0,639.0,75.635,76.455,684.75,727.0,2.0639,2.0889,90.066,65.23,79.419,2.0886,460.14,443.704,664.5,1.9786,71.33,72.36,73.06
2024-11-08,666.25,74.05,2.1289,1.985,1.8275,1.8875,678.75,632.5,668.25,73.85,73.85,430.0,68.55,586.0,631.5,632.5,74.225,74.95,673.5,716.25,2.0164,2.0489,90.19,63.38,79.499,2.0475,454.935,442.111,658.5,1.92,69.36,70.38,71.11
2024-11-11,654.25,72.37,2.0751,1.902,1.782,1.8145,669.5,620.0,654.75,73.095,73.095,427.75,67.8,579.25,633.0,633.0,72.58,73.265,661.75,706.75,1.9751,2.0101,89.497,61.16,78.656,1.992,451.012,445.441,651.5,1.8558,66.96,68.04,68.84
2024-11-12,662.5,72.915,2.0708,1.8993,1.9343,1.7943,662.0,620.75,660.0,71.08,71.08,430.75,65.8,563.25,628.0,626.0,73.0,73.89,670.0,714.0,1.9883,2.0333,87.694,61.28,76.703,1.9993,439.764,434.827,637.5,1.8568,67.29,68.12,68.96
2024-11-13,664.0,73.54,2.0643,1.9226,1.9251,1.7976,661.0,616.0,656.25,71.145,71.17,429.25,65.85,557.25,627.0,625.0,73.635,74.28,671.25,712.5,1.9968,2.0443,87.824,61.66,76.319,2.0001,445.588,439.54,634.5,1.8751,67.75,68.43,69.17
2024-11-14,671.25,73.345,2.0648,1.938,1.9167,1.8117,664.0,613.75,663.5,71.41,71.42,430.5,66.1,555.25,625.5,620.5,73.425,74.085,678.5,716.0,1.9898,2.0373,88.492,61.92,76.469,1.9617,452.604,444.078,629.5,1.8867,67.81,68.7,69.55
2024-11-15,668.75,73.435,2.0334,1.9018,1.8093,1.7793,663.25,611.25,658.5,70.74,70.74,423.0,65.45,559.5,619.0,611.0,73.485,74.035,676.0,713.0,1.9484,1.9959,87.2,60.35,76.458,1.9293,449.839,431.511,617.5,1.8506,66.14,67.02,67.97
2024-11-18,684.75,74.46,2.1114,1.9558,1.9183,1.8308,666.25,616.75,671.5,70.505,70.505,423.0,65.2,566.0,614.5,605.5,74.745,75.145,691.5,725.25,2.0289,2.0789,87.176,62.63,77.344,1.9983,445.169,430.599,616.375,1.8983,68.72,69.16,70.26
2024-11-19,686.75,73.97,2.0927,1.9525,1.9977,1.8352,673.5,614.25,671.5,72.26,72.26,410.5,66.95,570.5,620.0,610.0,74.0,74.65,693.0,725.5,2.0177,2.0767,89.835,62.83,78.58,2.1127,451.29,437.271,630.625,1.8925,69.42,69.39,70.53
2024-11-20,681.0,74.435,2.0838,1.9387,1.9758,1.8208,682.0,620.0,663.0,72.85,72.85,417.0,67.55,575.5,627.0,617.0,74.455,75.09,687.25,719.5,2.0038,2.044,89.717,62.15,79.267,2.1658,455.476,442.095,640.625,1.8862,68.48,68.87,69.82
2024-11-21,691.25,75.16,2.1444,1.9617,1.9544,1.8294,683.5,619.25,704.0,72.83,72.84,418.75,67.55,582.0,630.0,619.0,75.165,75.785,696.75,727.75,2.0519,2.0989,89.982,63.91,79.444,2.1794,449.383,437.117,641.625,1.9042,70.06,70.49,71.69
2024-11-22,697.75,76.085,2.1374,1.9749,1.8714,1.8314,689.0,626.25,708.25,74.15,74.15,427.0,68.85,585.0,635.0,621.0,76.09,76.69,701.75,733.75,2.062,2.112,91.727,65.13,80.174,2.1349,460.222,449.713,647.375,1.9299,71.04,71.71,72.85
2024-11-25,679.5,74.28,2.1053,1.9312,1.7812,1.789,682.0,608.25,687.25,73.54,73.54,413.25,68.2,576.5,633.0,618.0,74.385,74.84,684.25,715.75,2.0216,2.0816,89.558,62.69,80.383,2.0712,455.239,444.082,643.875,1.8612,68.73,69.27,70.07
2024-11-26,691.25,74.565,2.1129,1.9235,1.7485,1.7993,673.25,605.0,697.0,72.51,72.51,419.75,67.17,574.5,633.25,619.25,74.71,75.16,695.75,725.5,2.0252,2.1027,89.028,62.09,79.842,2.0985,453.002,445.193,634.625,1.861,68.4,68.77,69.7
2024-11-27,675.75,73.9,2.0911,1.9059,1.7734,1.7259,663.5,601.25,679.5,72.25,72.25,429.75,66.9,571.0,631.25,617.25,74.05,74.505,680.5,708.5,1.9889,2.0739,88.172,62.06,79.896,2.0784,459.305,447.81,628.875,1.8434,68.3,68.72,69.57
2024-11-28,669.25,73.755,,,,,674.5,601.5,670.25,71.85,71.85,435.5,66.5,572.5,635.0,628.0,73.905,74.365,674.75,701.25,,,87.317,,79.583,,458.728,447.994,627.375,,,,
2024-11-29,676.5,74.265,,,,,668.25,603.5,674.75,72.35,72.35,447.25,67.0,566.0,635.0,628.5,74.285,74.935,681.5,709.0,,,87.967,,80.638,,465.122,453.953,633.375,,,,
2024-12-02,667.0,73.06,2.0202,1.8772,1.7522,1.7422,660.5,591.0,661.75,72.1,72.1,441.0,66.75,552.0,624.0,617.0,73.35,73.925,671.75,697.75,1.9552,2.0327,88.473,61.25,80.379,2.03845,459.197,450.165,629.625,1.8297,67.75,68.1,68.94
2024-12-03,676.0,74.995,2.0377,1.9274,1.7674,1.7799,666.25,602.25,668.0,71.89,71.89,443.5,66.55,562.75,625.0,620.0,75.16,75.805,681.0,707.0,2.0277,2.0702,88.326,63.1,80.727,2.0024,449.96,441.618,624.125,1.8749,69.74,69.94,70.88
2024-12-04,666.25,74.85,1.9849,1.8891,1.7441,1.7566,675.75,594.0,655.75,73.395,73.395,439.0,68.05,555.25,629.0,624.0,75.365,75.61,671.0,696.0,1.9774,2.0224,88.66,61.73,82.516,1.9641,450.443,441.034,631.375,1.8479,68.73,68.54,69.49
2024-12-05,657.5,73.755,1.9682,1.8675,1.7425,1.735,668.25,589.0,644.75,72.1,72.1,423.25,66.75,547.0,617.75,613.75,74.325,74.415,662.75,686.75,1.9307,2.0132,87.126,61.49,80.901,1.9575,440.153,430.383,623.75,1.83,68.65,68.3,69.25
2024-12-06,647.25,72.625,1.9451,1.8462,1.7162,1.7162,657.75,591.25,630.25,71.71,71.73,415.75,66.35,545.0,614.75,610.75,73.18,73.255,652.25,675.75,1.9076,1.9876,86.421,60.41,80.16,1.9312,437.816,428.045,622.375,1.8112,67.27,67.2,68.1
2024-12-09,660.5,73.67,1.9935,1.9375,1.7925,1.7575,664.75,607.0,642.25,71.76,71.77,421.75,66.4,551.0,613.0,610.0,74.145,74.33,667.0,694.75,1.9585,2.051,87.015,61.53,79.669,1.9775,434.724,425.489,626.375,1.87,68.49,68.37,69.27
2024-12-10,665.75,73.77,2.0011,1.9343,1.8343,1.7693,672.25,609.25,644.75,71.67,71.68,427.75,66.3,555.75,615.25,612.25,74.34,74.57,672.25,700.5,1.9611,2.0686,86.867,61.67,81.004,2.0068,434.297,424.453,629.875,1.8793,68.82,68.59,69.44
2024-12-11,678.0,74.245,2.0358,1.9358,1.9058,1.8258,682.75,610.0,654.5,72.225,72.225,428.5,66.85,563.0,615.5,611.5,74.62,74.955,684.0,709.0,1.9333,2.1208,87.165,63.13,82.008,2.0608,431.59,424.826,632.875,1.8983,70.43,70.29,71.05
2024-12-12,668.5,73.6,2.0441,1.951,1.8835,1.8385,686.0,603.75,641.75,73.67,73.67,423.5,68.3,560.5,614.5,610.5,73.675,74.475,673.75,702.5,1.9466,2.1266,89.019,62.89,83.221,1.9785,442.514,434.853,643.75,1.901,70.58,70.02,70.74
2024-12-13,689.25,75.01,2.085,1.9693,1.8518,1.8643,689.75,614.25,660.25,73.46,73.46,436.25,68.09,567.0,611.0,607.0,75.205,75.655,694.75,722.75,2.295,2.1425,89.559,64.19,82.978,1.9818,442.995,435.519,641.5,1.9118,71.69,71.29,72.14
2024-12-16,684.75,74.61,2.0765,1.9532,1.8007,1.8482,686.5,610.0,653.75,74.16,74.19,439.75,68.8,564.0,609.0,605.0,74.905,75.135,690.0,713.75,2.289,2.1365,90.077,63.54,83.199,1.9557,452.006,443.47,643.25,1.8957,71.27,70.71,71.5
2024-12-17,672.75,73.525,2.0454,1.9064,1.817,1.8439,677.5,607.25,639.25,73.55,73.55,428.25,68.2,557.0,607.0,602.0,73.84,74.08,677.5,702.0,2.2529,2.0954,88.933,62.86,82.271,1.9939,446.893,437.175,639.125,1.8689,72.1,70.08,70.85
2024-12-18,693.0,74.81,2.075,1.9258,1.8178,1.8228,687.5,624.75,654.5,73.61,73.61,439.25,68.25,564.0,610.5,605.5,75.135,75.38,695.25,716.75,2.28,2.1475,88.76,63.13,82.051,1.9728,451.467,441.945,640.0,1.8883,73.43,70.58,71.29
2024-12-19,680.5,73.185,2.0827,1.9219,1.7528,1.8028,672.25,617.75,639.75,72.86,72.86,434.0,67.5,553.0,603.5,598.5,73.415,73.78,683.25,705.0,2.2177,2.1266,88.548,62.35,80.808,1.9778,449.447,440.081,637.75,1.8719,70.99,69.91,70.58
2024-12-20,677.0,73.395,2.0667,1.9378,1.7466,1.8216,673.75,618.75,633.75,72.645,72.645,432.75,67.3,552.0,595.25,590.25,73.545,74.015,679.5,699.25,2.2117,2.1064,87.668,62.44,79.718,2.1966,447.482,439.033,634.75,1.8903,69.69,70.06,70.77
2024-12-23,671.0,72.295,2.0688,1.9541,1.7533,1.8333,671.25,616.5,625.0,73.32,73.32,428.25,67.97,549.5,603.0,598.0,72.645,73.23,673.5,695.5,2.3253,2.1103,88.608,62.1,80.76,2.2016,448.678,441.286,644.0,1.8966,69.83,69.81,70.44
2024-12-24,675.75,73.24,2.0565,2.0166,1.7839,1.8539,675.0,628.0,627.0,73.295,73.295,435.5,67.95,553.0,600.25,594.25,73.28,74.39,678.0,699.0,2.3212,2.1137,86.768,63.04,80.302,2.1791,447.121,440.367,643.75,1.9191,70.6,70.8,71.24
2024-12-25,,,,,,,,,,,,,,,,,,,,,,,,,80.8418,,,,,,,,
2024-12-26,,,2.0403,1.9997,1.8672,1.8283,,,,74.56,74.78,,69.2,,604.0,598.0,,,,,2.3052,2.0927,87.059,62.47,81.293,2.1672,453.07,443.07,644.0,1.8997,69.72,69.62,70.31
2024-12-27,681.75,73.96,2.0673,2.0011,1.9361,1.8507,678.5,631.0,631.0,74.66,74.66,438.0,69.3,556.5,601.75,595.75,73.96,75.105,684.5,707.0,2.3199,2.1499,86.925,63.46,80.878,2.2011,452.848,442.348,643.25,1.9136,70.23,70.6,71.35
2024-12-30,695.0,73.95,2.0995,2.0202,1.9252,1.8651,677.0,640.5,669.75,75.34,75.34,439.25,70.0,564.0,607.0,601.0,73.95,75.405,692.0,716.0,2.3862,2.2127,88.736,63.78,81.168,2.2202,454.302,444.656,648.0,1.9277,71.18,70.99,71.74
2024-12-31,699.75,74.105,2.1264,2.0192,1.8692,1.8892,686.0,644.5,686.5,75.95,75.95,439.5,70.6,572.0,608.75,602.75,74.105,75.54,693.5,718.0,2.4014,2.2364,89.5,64.34,82.196,2.1292,456.302,451.247,660.0,1.9517,71.62,71.72,72.5
2025-01-01,,,,,,,,,,,,,,,,,,,,,,,,,83.0319,,,,,,,,
2025-01-02,713.5,76.345,2.1665,2.0644,1.9119,1.9169,695.25,662.25,707.25,75.2,75.2,443.5,69.85,590.0,610.5,602.5,76.345,77.735,708.0,730.75,2.439,2.2765,90.247,65.67,82.882,2.1619,455.877,450.142,661.75,1.9944,73.28,73.13,73.88
2025-01-03,707.5,76.65,2.1603,2.0937,1.8937,1.9187,702.75,656.75,704.25,76.52,76.53,440.75,71.15,596.5,613.0,601.0,76.715,78.215,701.75,730.5,2.4253,2.2818,90.773,66.32,83.769,2.1637,461.947,454.679,675.75,1.9937,73.74,73.96,74.63
2025-01-06,708.75,77.51,2.1352,2.053,1.8505,1.898,704.0,650.0,707.25,76.56,76.6,439.25,71.2,593.0,610.0,601.0,77.655,78.715,703.0,736.5,2.4327,2.2877,90.089,66.02,83.615,2.1455,457.403,450.542,665.5,1.9705,73.22,73.56,74.26
2025-01-07,707.0,77.84,2.1163,2.0441,1.8466,1.8904,697.5,642.75,706.0,76.31,76.33,434.75,70.95,582.75,612.75,602.75,77.945,78.92,701.0,733.0,2.4438,2.2913,90.085,66.83,83.028,2.0791,449.574,443.557,661.5,1.9566,74.37,74.25,75.07
2025-01-08,698.25,77.095,2.0407,2.0252,1.8352,1.8815,698.5,636.75,697.5,77.66,77.69,429.75,72.3,582.25,615.5,605.5,77.465,77.99,692.25,722.0,2.3757,2.2532,91.535,65.88,83.526,2.0627,457.608,451.135,667.75,1.9452,73.41,73.32,74.08
2025-01-09,712.5,78.025,2.0707,2.0458,1.8533,1.9046,692.75,632.5,710.0,76.445,76.445,439.25,71.08,580.0,612.25,602.25,78.09,79.79,707.25,738.25,2.4032,2.2382,90.684,66.62,82.777,2.0783,457.274,450.225,661.25,1.9733,74.0,73.92,74.76
2025-01-10,735.0,80.35,2.1767,2.1074,1.8999,1.9699,711.0,643.25,732.0,77.95,77.95,448.0,72.58,583.25,612.5,602.5,80.4,81.8,728.75,761.75,2.4817,2.3317,92.045,69.37,83.876,2.1649,463.0,458.37,664.75,2.0274,76.95,76.57,77.45
2025-01-13,755.75,82.915,2.1733,2.1403,1.9403,1.9903,726.5,652.0,753.5,82.39,82.39,463.5,77.05,584.25,619.5,609.5,83.005,83.665,749.0,779.0,2.5233,2.3683,97.068,71.12,86.954,2.1273,490.896,486.123,675.75,2.0428,79.3,78.82,79.57
2025-01-14,747.0,81.8,2.1153,2.3046,1.9696,1.9946,719.75,650.0,744.0,82.25,82.25,451.25,76.91,580.75,620.75,610.75,81.805,82.61,739.25,770.5,2.5153,2.3503,94.434,69.79,86.366,2.2296,480.141,477.596,681.75,2.0496,78.07,77.5,78.21
2025-01-15,765.25,83.01,2.251,2.1789,2.1089,2.0464,721.25,665.25,762.25,82.25,82.25,456.75,76.9,592.75,620.5,610.5,83.035,83.755,757.5,796.0,2.6085,2.406,96.441,72.11,86.34,2.2889,478.778,475.883,683.125,2.0939,80.33,80.04,80.69
2025-01-16,761.25,82.11,2.2872,2.1407,2.0682,2.0207,729.0,657.0,756.0,84.55,84.55,454.0,79.2,585.25,620.75,611.75,82.145,82.88,752.0,792.0,2.6122,2.4122,98.16,70.97,86.817,2.2232,496.109,491.751,685.25,2.0557,78.72,78.68,79.27
2025-01-17,760.5,82.195,2.3285,2.1247,2.0572,2.0447,722.75,656.75,755.5,84.59,84.59,455.0,79.25,586.5,623.25,614.25,82.265,83.04,751.25,794.5,2.616,2.4541,98.242,70.34,85.615,2.2222,496.423,494.664,681.5,2.0472,77.59,77.88,78.54
2025-01-20,753.0,80.69,,,,,719.5,658.0,748.75,83.555,83.6,452.75,78.2,583.75,618.75,608.75,80.795,81.61,744.0,791.5,,,97.304,,84.731,,497.128,494.952,676.5,,,,
2025-01-21,743.25,80.31,2.2981,2.108,2.0643,2.0068,719.5,652.0,739.0,83.08,83.08,457.0,77.73,578.25,620.0,610.0,80.365,81.285,734.75,780.75,2.4481,2.4107,95.363,68.65,83.443,2.2043,496.127,494.696,677.5,2.038,75.19,75.89,76.75
2025-01-22,732.0,79.865,2.2542,2.0794,2.0478,1.9978,719.75,651.5,728.75,82.2,82.22,460.0,76.85,580.25,620.25,608.25,79.89,81.02,724.5,764.25,2.3592,2.3147,95.271,68.59,83.2,2.1778,490.61,487.535,671.5,2.0069,75.28,75.71,76.83
2025-01-23,720.75,78.92,2.254,2.0878,2.0281,2.0081,723.0,651.25,718.5,82.12,82.12,452.5,76.77,580.75,617.5,606.5,78.93,80.015,713.75,758.0,2.2984,2.3009,93.905,67.97,83.714,2.2153,492.411,489.174,670.5,2.0203,74.93,74.93,76.13
2025-01-24,727.0,78.81,2.2862,2.0765,2.004,2.024,721.5,655.75,724.75,81.84,81.84,451.5,76.5,580.75,624.0,615.0,78.84,79.935,719.25,764.75,2.378,2.308,93.903,68.11,83.83,2.3665,492.486,486.736,673.625,1.994,74.96,74.96,76.04
2025-01-27,709.75,77.885,2.2375,2.0523,1.9648,2.0332,707.75,650.5,707.75,81.58,81.58,442.25,76.25,575.0,619.0,611.0,77.885,78.995,702.75,746.25,2.3199,2.2499,92.784,66.4,85.002,2.3448,486.972,479.924,675.625,1.9723,73.4,73.17,74.23
2025-01-28,706.75,77.77,2.2051,2.0607,1.9932,2.0576,712.25,646.0,705.0,81.25,81.25,442.0,75.93,573.5,616.0,609.0,77.775,78.865,697.75,744.0,2.3065,2.2485,92.977,66.94,84.757,2.3957,485.9,479.132,663.75,2.0007,74.42,73.77,74.83
2025-01-29,713.75,77.8,2.2115,2.0557,1.9732,2.0132,712.0,640.75,712.75,,,445.0,,572.75,,,77.805,78.795,703.75,750.25,2.3009,2.2659,,65.83,,2.3807,,,,1.9807,73.75,72.62,73.62
2025-01-30,716.75,77.655,2.2554,2.059,1.9915,2.0174,707.5,646.25,716.0,,,443.75,,573.5,,,77.68,78.38,705.75,753.25,2.3106,2.2931,,66.09,,2.3865,,,,1.984,73.78,72.73,73.83
2025-01-31,718.5,76.98,2.2473,2.0563,1.9688,2.0213,715.0,645.5,718.0,79.895,79.895,443.5,74.6,575.75,625.0,617.0,77.2,77.79,706.25,754.25,2.32105,2.3073,92.591,65.94,84.41,2.3888,489.755,483.829,664.5,1.9713,73.67,72.53,73.64
2025-02-03,724.0,76.15,2.3231,2.1277,2.0677,2.0877,724.5,644.25,723.75,79.14,79.14,444.0,73.85,574.5,630.0,622.0,76.705,77.515,712.0,757.5,2.4831,2.3381,94.258,66.74,85.932,2.4477,485.081,482.284,656.5,2.0302,74.52,73.16,74.16
2025-02-04,721.0,76.425,2.2798,2.119,2.039,2.0765,720.0,655.75,721.25,77.445,77.445,441.0,72.15,577.5,625.0,616.0,76.9,77.87,709.25,757.0,2.4498,2.3148,92.005,66.67,83.264,2.429,474.871,471.955,651.625,2.0215,73.85,72.7,73.8
2025-02-05,708.25,74.745,2.2117,2.0732,1.9757,2.0432,713.75,645.0,708.25,78.41,78.41,442.0,73.12,579.25,618.0,607.0,75.14,76.39,696.25,745.0,2.3717,2.2807,92.79,64.96,84.095,2.4407,486.969,485.27,664.5,1.9782,71.72,71.03,72.14
2025-02-06,706.5,74.895,2.178,2.0847,1.9947,2.0772,719.0,,706.5,77.44,77.44,447.25,72.15,590.75,611.25,600.75,75.26,76.6,694.75,744.75,2.368,2.263,90.926,64.52,83.144,2.5397,481.7,479.396,661.0,1.9997,71.71,70.61,71.71
2025-02-07,714.25,74.29,2.2133,2.1075,1.9975,2.07,718.25,657.0,714.25,77.79,77.92,450.0,72.5,580.75,611.5,602.5,74.645,76.135,702.5,751.5,2.3408,2.2683,91.887,64.92,83.764,2.635,490.362,487.539,668.75,2.03,72.05,71.0,72.15
2025-02-10,729.0,76.04,2.2159,2.0967,2.0317,2.0792,725.75,659.5,728.25,77.99,78.01,462.0,72.7,589.75,605.0,596.0,76.29,77.38,715.0,761.5,2.3609,2.2909,91.805,66.19,85.126,2.6342,493.62,489.943,671.5,2.0217,73.45,72.32,73.48
2025-02-11,744.75,77.03,2.2871,2.1348,2.0673,2.1273,736.25,668.25,744.5,79.3,79.3,468.5,74.0,594.5,600.0,591.0,77.15,78.37,731.25,773.5,2.4846,2.3446,93.22,67.21,86.014,2.6773,503.015,500.49,676.125,2.0648,74.43,73.32,74.55
2025-02-12,734.5,75.875,2.242,2.0796,1.9796,2.0696,723.0,661.5,733.75,79.045,79.045,457.75,73.75,569.5,583.25,573.25,75.885,77.295,721.0,753.25,2.422,2.272,93.288,65.34,86.193,2.6196,500.79,495.919,677.375,2.0096,72.77,71.37,72.74
2025-02-13,720.0,75.15,2.2862,2.1207,2.0007,2.0957,709.75,656.5,718.0,76.995,76.995,451.25,71.7,549.0,581.0,572.0,75.155,76.57,706.25,746.5,2.4187,2.2662,91.697,65.16,84.485,2.5607,487.04,482.193,682.75,2.0332,72.61,71.29,72.52
2025-02-14,725.75,75.0,2.3018,2.0849,1.9799,2.0724,718.5,656.0,722.0,77.745,77.745,444.25,72.45,542.0,578.0,569.0,75.005,76.075,710.25,749.5,2.3918,2.2743,92.138,64.74,85.518,2.5499,488.636,485.319,676.5,2.0199,72.76,70.74,71.92
2025-02-17,723.0,75.265,,,,,723.0,662.5,720.0,77.55,77.56,446.25,72.26,561.0,572.5,562.5,75.285,76.34,707.75,746.5,,,91.683,,86.227,,480.423,477.04,672.25,,,,
2025-02-18,730.75,75.89,2.2606,2.1042,1.9642,2.0617,722.0,660.0,727.5,77.9,77.9,452.5,72.61,558.0,580.0,570.0,75.9,77.03,715.25,751.0,2.3706,2.2499,92.076,65.89,86.539,2.5467,483.502,480.853,669.25,2.0267,73.82,71.85,73.18
2025-02-19,735.25,76.585,2.2065,2.1115,1.9315,2.0615,726.25,665.0,732.25,79.38,79.38,452.5,74.1,575.0,578.0,568.0,76.585,77.855,719.5,754.25,2.3865,2.237,92.582,66.3,86.928,2.5465,483.203,485.673,670.0,2.0315,73.9,72.25,73.7
2025-02-20,747.0,77.0,2.1734,2.1365,1.894,2.0615,720.75,663.25,743.25,78.95,78.95,460.25,73.67,576.0,581.5,571.0,77.0,78.28,730.5,762.5,2.3266,2.2641,92.83,66.7,86.704,2.7817,492.595,489.91,671.0,2.034,74.02,72.57,74.11
2025-02-21,728.75,75.025,2.1323,2.0457,1.8067,2.0142,708.25,651.75,724.0,78.85,78.85,450.75,73.57,568.0,576.0,566.0,75.025,76.355,713.0,743.5,2.2581,2.1976,92.693,64.66,85.578,2.4257,491.759,492.892,669.875,1.9732,72.27,70.58,72.06
2025-02-24,723.25,74.66,2.2233,2.0397,1.801,2.0235,698.75,654.75,719.25,77.0,77.0,452.0,71.72,569.75,574.25,562.75,74.7,75.875,707.25,738.75,2.3677,2.2017,90.587,65.0,84.545,2.4122,479.688,480.399,661.25,1.9647,72.2,70.91,72.33
2025-02-25,707.5,72.885,2.2078,1.9879,1.8454,2.0173,681.25,641.75,702.5,77.795,77.795,438.75,72.5,564.0,576.25,566.25,72.905,74.14,690.75,722.5,2.3242,2.1542,91.314,63.1,84.691,2.3704,479.66,483.294,668.0,1.9454,69.96,69.26,70.41
2025-02-26,692.25,72.835,2.1893,1.9594,1.8444,1.9994,681.0,645.75,689.25,76.06,76.06,438.75,70.77,565.5,574.0,562.0,72.855,74.1,678.0,712.0,2.272,2.1155,88.769,62.46,82.563,2.3494,472.302,471.512,660.75,1.9219,70.14,68.62,69.72
2025-02-27,704.5,73.97,2.2359,1.9544,1.8644,2.0119,683.0,648.75,700.5,76.0,76.0,445.75,70.72,568.0,600.0,590.0,73.995,75.23,689.0,724.0,2.2781,2.1656,87.994,64.12,81.987,2.1044,479.614,480.421,657.125,1.9319,72.19,70.35,71.42
2025-02-28,702.0,73.425,2.2075,1.9744,1.9094,2.1779,680.75,641.25,697.75,77.35,77.35,441.25,72.05,571.0,595.0,585.0,73.425,74.66,686.25,717.25,2.245,2.135,87.712,63.42,82.651,2.1044,476.088,473.81,659.25,1.9169,71.45,69.76,70.81
2025-03-03,696.75,73.825,2.1404,1.9553,1.8928,2.0528,671.25,628.0,692.75,73.24,73.41,435.0,67.95,566.0,574.0,564.0,73.825,74.845,680.25,712.75,2.1904,2.0954,87.693,62.53,82.308,2.3078,479.756,479.273,647.25,1.9103,70.36,68.37,69.47
2025-03-04,698.25,71.745,2.1697,1.9792,1.9342,2.0992,654.25,608.5,694.25,70.55,70.55,418.75,65.25,558.25,575.0,565.0,71.835,72.555,671.75,706.25,2.2172,2.1372,85.091,62.21,78.861,2.3142,449.362,448.897,631.625,1.9342,71.12,68.26,69.32
2025-03-05,667.25,69.815,2.1333,1.997,1.877,2.032,647.0,597.0,660.75,71.4,71.4,403.0,66.1,548.75,571.0,560.0,70.06,70.6,651.5,692.5,2.0833,2.0973,85.222,60.42,78.315,2.267,445.21,445.539,630.375,1.9695,68.42,66.31,67.48
2025-03-06,676.25,70.29,2.146,1.9387,1.9212,1.9887,635.25,597.5,670.75,70.24,70.24,410.25,64.95,553.25,566.0,555.0,70.535,71.08,660.25,704.75,2.0663,2.0788,85.101,60.51,76.899,2.1112,453.697,454.411,622.375,1.9262,68.05,66.36,67.51
2025-03-07,686.75,72.045,2.146,1.9862,1.9287,1.9737,633.0,605.75,681.0,70.84,70.84,423.25,65.55,548.0,562.0,552.0,72.29,72.855,669.25,708.75,2.046,2.056,84.447,61.29,77.008,2.1187,464.943,465.068,619.25,1.9662,68.56,67.04,68.24
2025-03-10,676.0,71.11,2.1274,1.935,1.8775,1.9875,638.0,602.5,672.25,71.405,71.405,417.25,66.1,535.5,563.75,552.75,71.275,72.08,659.0,699.0,2.0099,2.0099,84.936,60.25,77.301,2.0225,469.245,469.012,627.75,1.9325,67.72,66.03,67.23
2025-03-11,682.75,71.2,2.1443,1.9475,1.895,1.9975,633.5,606.25,670.5,70.51,70.51,421.25,65.2,531.25,570.5,558.5,71.325,72.095,664.5,704.0,2.0268,2.0268,83.21,60.53,76.619,2.035,457.824,457.742,626.75,1.965,67.89,66.25,67.49
2025-03-12,670.0,72.245,2.1663,2.0076,1.9501,2.0401,641.0,609.75,666.5,70.655,70.68,427.25,64.9,542.5,571.5,559.5,72.35,73.18,652.5,705.25,2.0363,2.0463,84.13,61.91,77.72,2.1401,458.4,458.133,632.125,1.9876,69.08,67.68,68.91
2025-03-13,661.5,71.405,2.1322,2.0431,1.8931,2.0131,650.75,599.5,657.75,72.06,72.14,418.5,66.25,543.0,581.0,569.0,71.485,72.4,644.25,699.25,2.1322,2.0172,84.538,60.72,79.165,2.2931,463.979,463.369,636.0,2.0856,67.6,66.55,67.58
2025-03-14,656.25,71.61,2.1341,2.0662,1.9437,2.0337,649.5,602.25,653.75,71.55,71.55,422.5,65.64,549.75,581.0,569.0,71.735,72.695,641.5,695.5,2.2066,2.0366,83.595,61.31,78.549,2.3087,461.824,458.558,638.25,2.1062,67.89,67.18,68.21
2025-03-17,662.5,72.37,2.1663,2.1037,2.0012,2.0612,655.25,610.75,662.25,72.24,72.28,428.75,66.25,553.25,578.5,566.5,72.585,73.315,650.0,704.75,2.2588,2.0638,84.592,61.84,79.719,2.3412,462.471,457.989,635.5,2.1387,68.41,67.58,68.73
2025-03-18,659.75,71.775,2.1595,2.0734,2.0384,2.0459,661.0,609.75,657.75,73.07,73.09,428.75,66.93,551.25,577.0,564.0,71.8,72.865,647.75,705.25,2.2595,2.0496,84.974,61.26,80.559,2.3284,462.771,455.77,637.25,2.1309,67.53,66.9,68.07
2025-03-19,664.25,71.5,2.1994,2.0821,2.0346,2.0496,662.0,610.0,661.5,71.9,71.95,427.0,65.76,552.0,575.5,563.5,71.505,72.685,653.75,709.0,2.2919,2.079,83.823,61.46,79.074,2.3696,453.859,445.552,630.75,2.1146,67.26,67.16,68.27
2025-03-20,678.25,72.515,2.2243,2.0986,2.0511,2.0761,665.0,614.0,672.25,72.925,72.925,432.0,66.96,559.25,578.25,565.25,72.515,73.92,666.5,715.75,2.3193,2.0933,85.587,62.6,79.683,2.4136,458.243,452.008,634.5,2.1361,68.91,68.26,69.29
2025-03-21,680.0,72.51,2.2196,2.0929,2.0504,2.0804,667.5,615.75,673.75,73.8,73.8,435.0,67.73,560.0,591.5,578.5,72.51,73.955,669.75,716.75,2.3146,2.1072,85.983,62.9,80.6,2.4179,461.851,455.203,634.5,2.1454,68.98,68.63,69.51
2025-03-24,682.75,73.71,2.2396,2.0843,2.0616,2.0966,682.0,616.25,678.25,73.45,73.45,441.5,67.38,553.0,596.0,582.0,73.71,75.07,673.5,721.25,2.2896,2.1241,86.42,63.86,80.734,2.4093,461.49,453.257,636.5,2.1568,69.67,69.51,70.51
2025-03-25,683.25,73.525,2.2659,2.0966,2.0741,2.0787,694.0,607.75,678.5,74.65,74.65,435.75,68.57,556.0,598.0,583.0,73.525,74.805,673.75,725.25,2.3633,2.1478,86.353,63.82,81.745,2.3941,463.113,458.04,637.125,2.1491,69.76,69.46,70.31
2025-03-26,691.25,74.76,2.2712,2.1369,2.1094,2.1103,697.5,626.25,687.5,74.68,74.68,440.25,68.6,565.0,598.25,584.75,74.76,76.065,682.25,736.0,2.3058,2.1758,87.134,64.13,82.139,2.4194,463.604,458.562,637.125,2.1819,70.23,69.65,70.67
2025-03-27,687.75,74.495,2.2847,2.162,2.1445,2.1264,714.75,616.25,682.75,74.8,74.8,439.5,68.72,567.0,600.0,590.0,74.495,75.83,685.75,731.0,2.3092,2.1767,87.033,64.35,82.342,2.6295,461.379,448.129,640.5,2.1895,70.11,69.92,70.88
2025-03-28,678.5,74.435,2.2559,2.161,2.1385,2.1122,721.75,613.0,676.5,75.86,75.86,435.25,69.76,569.0,615.0,605.0,74.435,75.825,677.75,723.25,2.2838,2.1638,87.176,63.88,82.519,2.6835,461.114,449.024,643.5,2.1935,70.05,69.36,70.41
2025-03-31,694.5,77.165,2.3344,2.2132,2.1832,2.1807,726.75,629.0,691.25,,,448.0,,578.5,,,77.205,78.315,694.5,742.25,2.4294,2.1994,,65.65,,2.7907,,,,2.2532,72.19,71.48,72.5
2025-04-01,693.75,77.62,2.3389,2.2425,2.195,2.1975,733.75,623.75,690.75,75.95,76.0,448.25,69.87,575.0,594.5,579.5,77.66,78.765,690.25,746.5,2.4389,2.2039,88.047,66.09,83.685,2.8025,467.379,454.233,642.75,2.2675,71.83,71.2,72.19
2025-04-02,693.0,77.33,2.3745,2.2485,2.201,2.2335,730.0,612.25,688.75,76.14,76.14,445.75,70.05,573.0,592.5,577.5,77.375,78.475,690.0,745.5,2.472,2.2745,87.902,66.57,84.091,2.831,467.497,453.698,631.0,2.2985,72.48,71.71,72.61
2025-04-03,654.5,72.425,2.2439,2.0793,2.0543,2.0743,700.75,570.75,650.25,75.1,75.1,416.25,69.0,544.0,583.5,569.5,72.47,73.47,649.5,705.0,2.3389,2.1414,85.979,61.86,81.465,2.6143,460.127,447.545,608.75,2.1243,67.34,66.95,67.98
2025-04-04,620.75,67.94,2.1269,1.9945,1.9845,1.9945,649.25,527.25,612.25,70.5,70.52,388.25,64.4,486.25,573.0,558.0,68.065,69.055,616.5,665.0,2.2319,2.0144,81.675,57.05,76.172,2.5045,428.093,415.179,583.75,2.0245,62.05,61.99,63.04
2025-04-07,613.75,66.66,2.1124,1.9451,1.9351,1.9626,637.75,526.75,605.5,64.55,64.56,395.5,58.45,444.25,552.5,527.5,66.7,67.64,610.0,652.75,2.2199,1.9674,77.316,55.7,71.338,2.4701,405.298,391.823,526.5,1.9901,61.04,60.7,61.76
2025-04-08,618.5,66.15,2.072,1.8939,1.9064,1.9439,641.25,525.0,608.25,65.2,65.2,388.5,59.1,432.0,547.0,524.0,66.235,67.19,613.5,655.5,2.237,1.9545,78.682,54.45,72.773,2.3414,410.927,397.305,537.0,1.9539,60.16,59.58,60.56
2025-04-09,587.75,62.6,2.1361,1.9559,1.9634,1.9784,606.0,490.5,577.75,61.9,61.9,365.25,55.8,391.5,544.5,520.5,62.68,63.645,585.0,621.75,2.2936,2.0136,75.178,57.14,68.91,2.3784,392.88,377.056,517.75,1.9984,63.03,62.35,63.25
2025-04-10,608.25,65.385,2.0864,1.8788,1.8863,1.8988,622.75,510.5,605.25,65.4,65.4,382.5,59.3,419.0,560.0,535.0,65.715,66.42,604.75,646.75,2.2264,1.9314,77.988,54.89,70.82,2.2613,409.359,394.392,545.75,1.9138,60.77,60.07,60.94
2025-04-11,604.0,65.825,2.1078,1.9076,1.9241,1.9341,629.25,519.75,599.0,64.9,64.92,385.0,58.8,435.5,558.0,533.0,66.185,66.895,601.75,646.5,2.3653,1.951,78.027,56.32,70.301,2.2991,415.308,399.969,545.625,1.9516,62.35,61.5,62.4
2025-04-14,618.0,66.81,2.1342,1.9297,1.9822,1.9622,650.75,537.5,614.5,66.23,66.23,397.75,60.13,457.0,565.0,542.0,67.2,67.915,616.25,663.5,2.3917,2.0017,79.334,56.4,72.892,2.2422,427.424,412.575,564.75,1.9822,62.8,61.53,62.43
2025-04-15,619.75,66.34,2.1184,1.9319,1.9794,1.9569,652.75,536.0,611.5,66.59,66.59,395.25,60.5,455.0,566.0,543.0,66.695,67.32,614.25,665.25,2.3534,1.9534,79.76,56.19,73.095,2.3044,431.438,418.37,562.75,1.9769,62.43,61.33,62.23
2025-04-16,631.75,67.605,2.1479,1.9584,1.9584,1.9759,650.75,541.75,626.75,66.67,66.72,404.0,60.6,452.5,577.0,557.0,67.945,68.62,616.5,676.75,2.3904,1.9904,79.596,57.32,73.8,2.3584,431.723,417.502,553.25,1.9934,62.84,62.47,63.32
2025-04-17,638.0,68.12,2.1873,2.0038,1.9988,2.0313,663.5,551.75,631.5,68.15,68.15,408.5,62.08,457.25,582.0,562.0,68.76,69.445,623.25,680.0,2.2023,2.0373,81.277,59.52,73.425,2.3688,435.589,422.507,556.0,2.0563,65.28,64.68,65.58
2025-04-21,,,2.1489,1.9703,1.9553,2.0028,,,,68.43,68.55,,62.35,,602.0,575.0,,,,,2.1189,1.9636,81.121,57.88,75.567,2.3053,434.368,416.889,571.75,2.0228,63.9,63.08,63.98
2025-04-22,643.0,69.0,2.1786,2.0108,2.0096,2.0446,675.75,560.0,638.5,68.5,68.81,413.25,62.42,466.25,611.0,580.0,69.245,69.865,629.75,684.75,2.1634,1.9834,81.381,59.04,75.829,2.3308,437.727,423.259,574.75,2.0583,65.11,64.31,65.12
2025-04-23,629.75,66.945,2.1544,1.9993,1.9939,2.0314,667.5,552.0,624.25,69.49,69.95,402.75,63.41,461.5,611.0,583.0,67.195,67.67,617.0,673.0,2.1409,1.9559,82.651,57.71,77.608,2.2943,452.786,437.118,588.5,2.0393,63.96,62.98,63.78
2025-04-24,634.25,67.265,2.1762,1.9988,2.0457,2.0732,669.0,556.5,628.25,67.595,68.27,404.25,62.01,464.25,608.5,578.5,67.35,68.13,621.5,683.0,2.158,2.008,81.009,58.15,76.172,2.3513,439.859,423.73,582.0,2.0563,63.78,63.57,64.32
2025-04-25,641.0,67.485,2.1823,2.0247,2.0472,2.0789,676.75,559.25,632.75,67.2,67.77,407.0,61.98,477.25,588.0,560.0,67.82,68.565,628.0,692.5,2.1723,2.0223,81.434,58.31,76.58,2.3822,441.121,425.863,582.0,2.0697,65.17,63.95,64.56
2025-04-28,635.0,65.85,2.1855,2.0038,2.0638,2.0733,677.75,551.5,627.75,66.85,66.85,398.75,61.85,472.25,582.0,564.0,66.455,67.32,622.5,686.75,2.1586,2.0086,81.071,56.99,76.3,2.4238,438.369,423.456,577.5,2.0463,62.98,62.05,62.95
2025-04-29,627.5,64.345,2.1079,1.9595,2.092,2.0412,662.5,550.25,620.25,65.3,65.3,394.25,60.36,469.25,561.0,536.0,65.315,66.3,614.75,678.5,2.0767,1.9542,80.343,55.33,75.023,2.307,430.883,416.705,572.75,2.0095,60.96,60.42,61.22
2025-04-30,617.0,63.2,2.0468,1.9302,2.0527,1.9827,645.5,546.0,610.5,62.54,62.54,387.0,58.06,465.25,556.25,536.25,63.615,65.135,600.75,662.75,2.0168,1.8843,77.812,53.44,72.89,2.2677,423.494,410.086,564.0,1.9727,58.66,58.21,58.96
2025-05-01,602.25,61.52,2.0645,1.9592,1.9692,1.9792,642.75,536.5,594.75,,,390.75,,457.75,,,62.17,63.725,604.5,646.0,1.972,1.8795,,53.77,,2.3292,,,,2.0067,60.0,59.24,59.94
2025-05-02,597.5,61.405,2.0532,1.9424,2.0099,1.9499,641.0,539.75,592.75,62.04,62.1,375.25,57.55,455.25,554.0,534.0,61.975,63.635,595.75,637.0,1.9532,1.8482,77.039,52.86,73.698,2.2999,408.588,398.235,558.25,1.9874,59.45,58.29,58.99
2025-05-05,,,2.027,1.9703,1.9628,1.9503,,,,59.55,59.62,,55.05,,565.0,541.0,,,,,1.9345,1.827,75.317,51.77,71.656,2.3028,394.958,387.03,546.75,1.9878,58.14,57.13,57.87
2025-05-06,606.25,62.705,2.0438,2.0095,2.002,1.9895,658.0,542.75,604.0,61.69,61.77,384.0,57.19,451.5,567.25,543.25,63.115,64.975,607.5,644.25,2.0238,1.8713,76.644,53.66,73.532,2.4495,405.472,395.722,554.75,2.017,60.01,59.09,59.76
2025-05-07,589.5,61.07,1.9991,1.9653,1.9628,1.9528,655.25,532.25,593.75,63.64,63.76,376.5,59.15,435.25,581.75,554.75,61.25,63.395,594.25,628.0,1.9916,1.8566,77.0,52.64,74.711,2.5278,414.185,403.989,562.125,1.9778,59.17,58.07,58.76
2025-05-08,598.25,62.3,2.0725,2.0304,2.0054,2.0179,659.25,549.5,603.25,62.15,62.28,384.25,57.65,440.0,574.0,547.0,62.345,64.235,605.75,639.75,2.055,1.9125,75.491,54.37,73.366,2.5854,411.337,403.18,554.625,2.0304,60.71,59.91,60.56
2025-05-09,603.25,63.415,2.0964,2.0484,1.9834,2.0334,668.25,551.5,608.0,63.89,63.89,390.25,59.39,445.5,571.0,542.0,63.455,65.36,613.25,650.5,2.0814,1.9389,77.771,55.5,75.121,2.6084,419.927,411.66,567.875,2.0609,61.94,61.02,61.67
2025-05-12,621.25,64.95,2.1336,2.0606,1.9581,2.0606,689.0,560.25,624.5,,,407.25,,475.75,,,64.96,67.03,625.0,665.0,2.0411,1.9636,,56.51,,2.6331,,,,2.0681,62.87,61.95,62.6
2025-05-13,634.25,66.145,2.1988,2.0835,1.991,2.0885,679.0,566.5,635.75,65.25,65.43,406.5,60.75,479.25,556.75,531.75,66.49,68.105,636.75,680.25,2.1013,2.0038,79.333,58.18,76.1,2.606,435.101,428.305,575.125,2.0885,64.23,63.67,64.27
2025-05-14,638.25,65.915,2.2261,2.06,2.01,2.08,685.0,567.25,642.25,66.0,66.35,405.5,61.5,472.75,563.0,538.0,66.115,67.965,641.75,686.75,2.1161,2.0386,80.919,57.68,77.167,2.6,441.812,433.154,590.5,2.09,63.97,63.15,63.75
2025-05-15,633.0,64.015,2.181,2.0594,1.9744,2.0494,668.5,551.5,636.75,63.71,63.75,403.5,59.2,469.75,564.0,539.0,64.185,66.055,618.0,679.0,2.076,2.006,79.41,56.11,74.715,2.3844,433.495,425.291,570.5,2.0482,62.31,61.62,62.22
2025-05-16,629.75,65.075,2.1606,2.0593,2.0218,2.0643,677.75,556.5,631.75,63.79,63.84,408.75,59.28,469.75,567.5,543.5,65.165,67.05,618.5,674.75,2.0506,1.9856,79.052,56.98,75.183,2.4343,436.162,429.41,565.25,2.0568,62.82,62.49,63.09
2025-05-19,628.0,66.035,2.1452,2.0738,2.0238,2.0813,670.0,553.25,628.5,64.26,64.35,410.25,59.77,464.0,566.0,541.0,66.26,67.65,616.5,674.25,2.0377,1.9627,79.006,57.15,75.02,2.4313,436.845,430.456,569.125,2.0513,63.22,62.69,63.28
2025-05-20,621.5,65.55,2.1339,2.0561,2.1021,2.1121,676.0,547.75,621.0,65.03,65.03,409.25,60.54,457.25,567.0,542.0,65.81,67.205,610.5,665.0,1.9889,1.9441,79.024,57.02,74.916,2.4446,439.417,434.138,569.625,2.0548,62.7,62.56,63.17
2025-05-21,621.25,65.42,2.1291,2.0951,2.0923,2.0873,685.25,547.75,621.0,66.05,66.05,411.5,61.55,455.75,568.5,543.5,65.475,67.225,611.25,666.5,1.9991,1.9544,79.274,56.64,75.74,2.4698,447.974,441.342,576.625,2.0626,61.8,62.33,62.78
2025-05-22,620.5,64.68,2.1025,2.0624,2.0412,2.0687,673.75,539.25,616.0,63.72,63.72,407.75,59.2,450.25,557.25,532.25,64.84,66.325,608.25,663.0,2.0525,1.9451,77.723,56.17,75.465,2.5312,434.518,428.126,563.375,2.0474,61.25,61.84,62.44
2025-05-23,626.0,65.53,2.0898,2.0655,2.0592,2.0342,675.0,540.25,620.75,63.2,63.26,413.5,58.68,453.75,540.75,514.75,65.605,67.215,611.25,667.0,2.0125,1.945,77.403,56.55,75.257,2.3605,434.33,429.031,560.375,2.038,61.82,62.18,62.83
2025-05-26,,,,,,,,,,63.75,63.75,,59.23,,548.0,521.0,,,,,,,78.327,,75.842,,430.76,427.718,566.0,,,,
2025-05-27,624.25,64.255,2.0544,2.003,1.978,1.999,671.25,532.25,613.25,64.01,64.01,398.25,59.5,450.5,544.0,518.0,64.425,66.015,606.5,657.75,1.988,1.913,77.982,55.55,75.384,2.328,422.896,420.679,567.0,1.998,60.42,60.89,61.54
2025-05-28,642.5,65.465,2.0481,2.0107,1.9932,2.0042,671.5,540.25,625.75,63.79,63.79,416.75,59.28,455.75,545.5,518.5,65.655,67.245,618.25,666.25,2.0007,1.9082,77.737,56.39,75.266,2.23945,429.432,429.8,562.75,2.0007,62.1,61.84,62.44
2025-05-29,639.5,64.76,2.0082,1.9772,1.9622,1.9619,670.0,530.0,618.0,65.33,65.33,410.5,60.82,450.0,544.0,514.0,64.915,66.505,607.25,658.0,1.9643,1.8608,79.442,55.52,75.688,2.2172,439.993,435.394,569.75,1.9885,61.39,60.94,61.57
2025-05-30,630.0,63.91,1.9829,1.9526,1.9401,1.9376,657.0,523.5,613.25,63.845,63.845,400.25,59.335,437.5,542.0,511.0,64.045,65.64,597.75,646.25,1.9354,1.8429,77.277,55.37,74.635,2.1951,425.902,421.757,559.25,1.9776,61.8,60.79,61.41
2025-06-02,639.75,66.78,2.007,1.9875,1.9525,1.9675,672.5,532.5,620.25,64.04,64.06,407.25,59.53,442.25,544.5,513.5,66.93,68.245,610.5,656.75,2.0145,1.8845,78.741,57.3,75.51,2.18375,415.63,415.235,562.0,2.0075,63.47,62.52,63.09
2025-06-03,648.0,67.88,2.0599,2.0238,1.9088,1.9863,672.25,537.5,635.0,64.24,64.52,415.5,59.73,459.25,540.75,508.75,67.995,69.325,623.25,669.25,2.0699,1.9424,78.428,58.26,75.68,2.21005,421.085,424.756,562.25,2.0363,64.46,63.41,64.06
2025-06-04,635.0,66.5,2.0251,1.9665,1.874,1.9415,668.0,525.0,627.0,64.65,64.74,401.0,60.14,453.25,544.0,512.0,66.7,67.91,615.0,658.25,2.0151,1.8851,79.43,57.62,76.025,2.199,431.566,434.249,563.25,1.9815,63.74,62.85,63.47
2025-06-05,640.0,67.25,2.047,1.9779,1.9979,1.9679,676.5,533.25,640.5,64.05,64.16,407.0,59.54,456.0,539.0,507.0,67.505,68.675,623.5,667.5,2.0395,1.912,78.762,58.13,75.357,2.2179,432.857,436.372,557.25,2.0079,64.66,63.37,64.02
2025-06-06,640.25,68.165,2.0828,1.9943,2.0118,1.9793,674.5,538.25,641.0,64.44,64.44,408.5,59.93,462.0,536.0,504.0,68.43,69.56,638.5,672.75,2.0353,1.946,79.21,59.25,75.851,2.2418,427.521,432.479,560.5,2.0143,65.67,64.58,65.18
2025-06-09,653.5,68.895,2.0989,2.0277,1.9552,1.9752,679.75,543.25,646.75,65.8,65.8,409.0,61.3,466.25,557.5,526.5,69.205,70.27,651.5,680.5,2.0564,1.9534,80.704,59.88,76.759,2.2602,431.004,434.745,568.0,2.0277,66.45,65.29,65.84
2025-06-10,661.75,69.675,2.0966,2.0155,1.998,1.963,688.5,551.25,653.5,66.85,66.85,417.5,62.35,462.25,540.0,511.0,70.125,71.16,646.5,689.0,2.0516,1.9441,81.02,59.63,78.025,2.253,437.376,440.307,573.25,2.0243,66.42,64.98,65.53
2025-06-11,654.5,69.67,2.1618,2.1268,2.0168,2.0443,688.75,556.5,651.5,66.62,66.62,417.75,62.12,460.75,543.25,513.25,69.815,70.925,642.75,687.25,2.0653,2.0203,80.835,62.68,77.652,2.2768,436.978,432.668,572.95,2.1118,69.32,68.15,68.65
2025-06-12,656.75,70.865,2.1537,2.0954,2.0079,2.0179,703.75,565.25,661.75,68.6,68.73,427.25,64.1,463.0,545.0,515.0,71.005,72.115,645.25,697.25,2.1237,2.0087,83.06,62.44,79.484,2.3279,451.456,446.849,584.8,2.0867,69.27,68.04,68.53
2025-06-13,696.5,75.185,2.3212,2.1751,2.0576,2.1026,726.0,588.0,701.0,72.5,72.78,447.25,68.0,484.75,550.0,520.0,75.225,76.69,681.0,742.0,2.2287,2.1637,86.531,67.26,83.384,2.4126,471.691,474.487,620.45,2.1626,74.46,72.98,73.32
2025-06-16,701.0,73.615,2.3583,2.1549,2.1199,2.0949,718.0,579.0,701.5,72.85,73.15,444.75,68.35,483.0,563.0,533.0,73.74,74.82,683.0,743.25,2.2633,2.1733,88.176,66.11,83.072,2.4049,482.242,483.653,626.2,2.1587,73.08,71.77,72.13
2025-06-17,749.5,77.385,2.4676,2.2069,2.1719,2.1444,725.5,602.0,748.5,73.655,73.655,468.0,69.15,493.0,564.0,534.0,77.54,78.665,729.0,792.75,2.3751,2.2911,89.345,69.21,83.766,2.4569,482.691,486.744,626.55,2.2082,76.03,74.84,75.09
2025-06-18,756.0,77.045,2.4999,2.2198,2.2011,2.1836,738.5,595.0,761.0,75.53,75.71,461.25,71.02,491.75,576.75,546.75,77.205,78.265,733.25,793.5,2.3884,2.3224,92.42,69.31,85.482,2.4036,487.795,487.226,632.875,2.2373,76.38,75.14,75.18
2025-06-19,825.75,80.595,,,,,761.75,619.75,828.0,76.9,76.91,488.75,72.4,505.25,573.25,543.25,80.775,81.85,795.25,843.25,,,95.478,,85.973,,489.0,485.273,642.375,,,,
2025-06-20,785.5,78.155,2.5043,2.2255,2.1895,2.207,756.75,603.5,788.0,76.81,77.32,475.25,72.31,493.0,579.0,549.0,78.275,79.475,761.0,800.25,2.3968,2.3236,94.739,69.18,88.132,2.4245,484.465,479.116,647.125,2.258,75.73,74.93,74.83
2025-06-23,771.75,77.655,2.3181,2.0991,2.0757,2.0857,759.25,603.5,771.0,75.72,75.82,467.25,71.2,506.0,567.0,536.0,77.73,79.105,754.5,786.5,2.2882,2.1657,91.85,63.73,88.057,2.2941,481.194,476.822,641.875,2.1416,69.61,69.62,69.36
2025-06-24,689.75,69.14,2.2251,1.9759,1.9657,1.9582,692.25,543.0,689.0,68.76,68.83,417.75,64.23,472.0,554.5,525.0,69.2,70.82,678.75,710.0,2.2446,2.0721,84.711,59.6,81.367,2.2059,436.473,430.897,586.25,2.0134,65.42,65.38,65.37
2025-06-25,704.5,69.215,2.2306,2.0285,1.9535,1.9499,684.75,539.75,703.75,67.81,67.81,420.25,63.28,469.25,553.0,523.0,69.255,71.075,693.0,718.5,2.2915,2.0665,85.54,60.09,78.844,2.206,429.689,423.929,579.25,2.011,65.64,66.11,65.82
2025-06-26,714.5,69.815,2.2601,2.0352,1.9827,1.9628,683.75,538.0,713.75,67.6,67.6,425.25,63.07,464.0,552.0,522.0,69.835,71.8,702.25,720.5,2.3248,2.096,84.96,59.95,77.911,2.20645,429.736,427.608,568.25,2.0277,66.36,65.24,65.44
2025-06-27,696.75,69.01,2.2122,2.0294,1.9794,1.9498,669.75,531.25,696.75,68.44,68.46,414.0,63.91,460.75,555.0,525.0,69.035,71.245,682.0,702.25,2.1909,2.0259,85.606,60.1,77.635,2.2169,422.997,418.452,569.75,2.0244,66.5,65.52,65.64
2025-06-30,692.25,67.96,2.2338,1.9821,1.9871,1.9546,673.0,530.0,693.25,68.755,69.21,411.5,64.25,460.0,517.0,487.0,67.975,70.465,684.25,706.25,2.2263,2.0638,84.828,59.76,76.929,2.2196,424.685,419.668,573.25,2.0271,65.9,65.11,65.22
2025-07-01,712.25,68.665,2.2769,2.0753,2.0103,1.9828,675.5,533.75,710.25,68.15,68.22,409.75,63.65,453.0,521.75,493.75,68.7,71.05,697.5,713.0,2.3769,2.0919,84.569,60.56,77.751,2.2403,413.629,404.486,570.25,2.0578,65.34,65.45,65.76
2025-07-02,727.5,69.755,2.3467,2.0879,2.0079,1.9954,686.75,540.0,726.0,68.6,68.7,414.5,64.1,447.75,515.75,487.75,69.78,72.135,712.75,728.25,2.4817,2.1527,85.535,62.67,78.48,2.2604,416.819,407.629,572.5,2.0729,67.8,67.45,67.85
2025-07-03,740.75,71.205,2.3223,2.0236,1.9911,1.9961,691.75,540.5,737.5,69.605,69.78,417.0,65.1,452.0,523.25,497.25,71.84,73.22,726.25,733.25,2.4398,2.1148,85.951,62.33,78.959,2.2561,419.435,408.49,576.375,2.0661,67.95,67.0,67.45
2025-07-04,758.75,70.75,,,,,698.5,542.25,755.5,69.56,69.77,417.25,65.06,455.25,524.5,499.5,71.26,72.665,746.0,747.0,,,85.389,,79.145,,418.69,408.054,578.375,,,,
2025-07-07,734.25,71.41,2.3671,2.1147,2.1322,2.036,698.5,550.25,731.0,69.44,69.71,422.25,64.94,459.25,525.0,501.0,71.88,73.305,735.5,738.5,2.4911,2.1536,86.875,63.21,78.51,2.2897,416.868,406.849,577.25,2.091,68.43,67.93,68.43
2025-07-08,754.75,71.945,2.39,2.13,2.155,2.0675,708.25,563.25,751.5,70.455,70.89,430.25,65.95,467.0,526.5,502.5,72.65,74.085,718.5,745.75,2.4913,2.1738,86.268,63.57,78.357,2.315,425.7,416.259,586.5,2.125,68.13,68.33,68.87
2025-07-09,751.0,72.425,2.3617,2.1329,2.1679,2.0654,719.5,561.75,747.75,71.8,72.17,433.0,67.3,466.5,529.0,507.0,73.185,74.63,709.0,738.0,2.4592,2.1492,88.69,63.69,79.747,2.3179,432.432,421.193,598.5,2.1304,68.32,68.38,68.89
2025-07-10,746.25,70.455,2.336,2.1124,2.1024,2.0299,707.0,549.75,743.0,71.25,71.88,429.0,66.75,467.25,533.5,512.5,71.56,72.285,711.25,732.25,2.4335,2.1422,88.688,62.0,78.552,2.2524,430.56,419.007,591.0,2.0899,66.6,66.57,67.07
2025-07-11,777.75,72.44,2.4049,2.157,2.137,2.062,707.25,559.75,763.75,70.05,70.36,432.5,65.55,467.5,524.0,503.0,73.175,74.07,734.25,760.25,2.4774,2.2074,86.816,63.83,77.643,2.2595,415.509,404.326,586.0,2.1183,68.53,68.45,68.95
2025-07-14,761.75,71.36,2.3585,2.0929,2.0854,2.0404,706.25,552.5,747.0,72.19,72.59,423.0,67.7,462.0,520.75,499.75,71.94,72.66,704.5,747.0,2.4198,2.1648,89.689,62.46,79.306,2.2154,413.908,403.376,597.0,2.0867,67.01,66.98,67.48
2025-07-15,761.75,71.21,2.3727,2.0711,2.0696,2.0446,702.0,552.75,749.0,70.1,70.35,419.0,65.6,463.0,515.0,494.0,71.585,72.315,708.0,745.75,2.4352,2.1867,86.351,62.03,76.98,2.2196,410.218,398.454,583.5,2.0946,66.23,66.52,67.05
2025-07-16,733.5,69.97,2.3627,2.074,2.039,2.0165,692.75,546.75,725.5,69.89,70.06,414.5,65.39,459.75,509.0,488.0,70.105,71.285,695.0,733.5,2.4215,2.1622,86.914,61.78,77.364,2.194,411.479,398.256,580.75,2.0578,65.92,66.38,66.79
2025-07-17,746.5,70.86,2.4321,2.0916,2.0654,2.0429,697.0,549.5,746.75,69.555,69.89,427.5,65.05,457.5,505.0,485.0,71.02,72.245,716.25,757.25,2.4946,2.2372,87.39,62.78,77.274,2.1904,408.728,394.844,574.25,2.0891,66.94,67.54,67.89
2025-07-18,756.75,71.11,2.428,2.092,2.0484,2.0259,700.0,549.0,765.25,70.785,71.25,427.0,66.28,452.25,498.5,479.0,71.275,72.56,731.25,771.25,2.473,2.2083,91.294,62.52,77.663,2.2434,415.532,402.422,576.25,2.0633,66.26,67.34,67.6
2025-07-21,749.75,70.555,2.4767,2.0756,2.0444,2.0069,693.0,546.75,758.25,70.78,70.98,424.0,66.27,441.0,480.5,464.0,70.56,71.625,736.0,777.0,2.5292,2.2411,89.255,62.29,76.758,2.1919,416.064,404.993,572.75,2.0406,65.93,67.2,67.31
2025-07-22,728.0,69.825,2.4218,2.0469,2.0169,1.9749,684.5,537.25,736.5,70.52,70.7,431.0,66.1,434.0,461.25,444.75,69.85,70.93,721.25,752.25,2.4818,2.166,90.037,61.43,76.112,2.1619,412.172,401.48,566.25,2.0144,64.72,66.21,66.31
2025-07-23,723.75,69.745,2.419,2.0756,2.0363,1.9963,681.5,542.25,732.25,70.42,70.52,427.5,66.16,441.0,480.0,463.0,70.215,70.66,710.75,741.75,2.4528,2.1565,88.418,61.47,74.677,2.1431,410.192,398.709,566.875,2.0306,65.25,66.36,66.4
2025-07-24,716.25,70.7,2.3841,2.0479,2.0092,1.9867,691.0,551.25,724.75,71.17,71.33,437.75,66.82,447.0,477.0,460.0,71.43,71.78,712.0,733.5,2.4187,2.1412,88.679,62.37,76.657,2.1704,415.803,401.263,574.375,2.0179,66.22,67.23,67.32
2025-07-25,724.25,69.395,2.3749,2.0408,1.9633,1.977,686.25,556.25,732.75,71.79,71.91,426.25,67.33,441.75,462.0,446.0,70.415,70.875,720.75,743.25,2.4091,2.1316,88.032,61.45,76.765,2.1583,417.553,403.342,580.625,2.0058,64.92,66.11,66.23
2025-07-28,720.0,70.255,2.3966,2.0621,2.0596,2.0252,687.25,569.0,721.5,71.11,71.28,427.75,66.67,449.75,466.75,450.25,71.29,71.79,712.5,735.25,2.4336,2.1486,87.129,62.52,76.251,2.2421,412.927,398.32,579.0,2.0421,66.05,66.71,67.11
2025-07-29,728.0,71.475,2.4405,2.1222,2.1309,2.0997,694.5,578.75,717.75,72.5,72.5,431.5,68.18,444.25,470.5,453.5,72.535,73.055,720.75,732.5,2.4791,2.1916,88.345,65.01,77.907,2.3109,416.52,403.32,589.5,2.1184,68.57,69.21,69.64
2025-07-30,724.5,73.645,2.41,2.1571,2.1671,2.1441,715.75,591.5,718.0,74.95,74.95,440.5,70.36,451.25,473.0,456.0,74.67,75.295,718.75,738.5,2.4406,2.1606,89.239,65.8,79.918,2.3371,426.252,411.335,608.375,2.1421,69.8,70.0,70.4
2025-07-31,719.25,72.71,2.3909,2.1139,2.1239,2.0889,716.75,585.25,715.0,75.25,75.25,431.25,71.11,446.75,510.0,492.5,73.685,74.375,710.5,735.75,2.4059,2.1409,90.526,65.03,81.168,2.2739,424.687,410.547,610.625,2.1089,69.46,69.26,69.62
2025-08-01,692.25,71.39,2.2974,2.0811,2.0336,2.0461,699.25,568.0,689.25,73.75,73.75,421.5,69.61,439.25,507.0,485.0,72.305,73.045,686.5,710.25,2.3099,2.0649,89.358,63.21,79.779,2.2186,426.986,412.647,604.375,2.0611,67.31,67.33,67.64
2025-08-04,696.5,70.83,2.3121,2.0847,2.0022,2.0335,691.5,566.0,694.25,71.19,71.19,417.75,67.05,433.5,494.0,469.0,71.6,72.345,691.5,715.0,2.3276,2.0676,86.198,62.21,77.539,2.2072,418.117,404.177,584.375,2.0472,66.07,66.29,66.64
2025-08-05,678.5,69.39,2.2402,2.0578,2.009,2.014,684.75,558.75,679.25,70.33,70.36,415.75,66.19,436.0,497.0,473.0,70.115,70.815,675.5,701.5,2.2377,2.0102,87.046,61.06,77.291,2.1965,419.185,406.185,583.625,2.0428,64.71,65.16,65.51
2025-08-06,690.75,69.585,2.2528,2.0604,2.0079,2.0129,690.5,561.25,693.75,70.35,70.35,416.5,66.2,435.5,495.5,472.5,70.4,70.93,686.75,713.25,2.2503,2.0278,85.632,60.29,77.412,2.1954,420.135,407.538,581.625,2.0404,63.61,64.35,64.75
2025-08-07,679.25,67.74,2.2668,2.045,2.01,2.0,689.0,557.0,683.0,69.32,69.32,414.5,65.17,428.0,490.25,465.25,68.67,69.205,674.5,701.0,2.2668,2.0218,84.447,59.83,76.25,2.2175,417.294,403.784,570.75,2.0213,63.73,63.88,64.28
2025-08-08,685.25,67.865,2.2768,2.0499,2.0211,2.0036,688.0,558.75,689.0,68.5,68.51,408.25,64.35,432.75,494.0,471.0,68.735,69.285,680.5,705.25,2.2693,2.0343,84.495,59.95,76.264,2.1811,416.142,402.291,570.5,2.0299,63.72,63.88,64.33
2025-08-11,679.0,68.035,2.2923,2.0516,2.0041,1.9929,687.0,557.5,685.25,68.03,68.03,409.75,63.9,431.75,485.0,460.0,68.505,69.37,674.0,700.0,2.281,2.0535,83.339,60.06,76.629,2.1716,405.163,392.529,567.5,2.0029,63.8,63.96,64.46
2025-08-12,670.75,67.55,2.2428,2.0544,1.9794,1.9907,692.5,551.5,674.5,68.5,68.5,406.5,64.4,437.5,486.25,461.25,68.06,68.87,664.5,696.0,2.2041,2.0066,84.551,59.4,77.651,2.1694,409.87,396.84,570.0,2.0069,62.62,63.17,63.68
2025-08-13,659.5,66.87,2.2453,2.0454,1.9654,1.9729,683.5,544.5,665.0,67.39,67.39,400.0,63.3,437.75,484.75,460.25,67.31,68.14,653.25,685.25,2.1928,2.0053,82.829,59.09,76.944,2.1454,402.323,388.914,563.5,1.9879,62.26,62.65,63.44
2025-08-14,663.0,68.195,2.2393,2.0992,2.0092,2.0142,687.75,550.0,665.25,67.7,67.7,400.75,63.6,442.75,485.0,462.0,68.575,69.425,657.5,689.0,2.1845,2.0045,82.891,60.43,77.38,2.3592,402.073,388.007,570.0,2.0392,63.51,63.96,64.71
2025-08-15,666.25,67.82,2.2313,2.04,1.9725,1.9725,692.25,553.5,668.0,68.195,68.195,396.5,64.1,439.0,489.75,467.75,68.235,69.055,668.75,690.75,2.195,2.005,82.185,59.34,77.955,2.2925,402.705,387.718,571.375,1.9875,62.34,62.8,63.56
2025-08-18,656.5,67.36,2.2441,2.0732,2.0037,2.0002,686.25,551.0,660.0,67.65,67.65,390.25,63.77,427.0,492.25,469.25,67.63,68.53,644.0,687.5,2.2103,2.0046,81.934,60.13,76.82,2.3187,401.868,386.581,571.0,2.0119,62.63,63.42,64.32
2025-08-19,671.25,67.28,2.2624,2.0652,2.049,2.004,686.0,552.0,676.75,68.04,68.04,386.75,64.15,426.25,490.0,466.0,67.525,68.425,657.75,700.25,2.1611,2.0048,82.359,59.11,76.494,2.149,398.254,382.719,574.25,2.0152,62.02,62.35,63.21
2025-08-20,682.5,67.71,2.3021,2.1016,2.2983,2.0558,692.5,558.75,687.75,68.8,68.8,388.25,64.9,431.25,494.0,470.5,67.86,68.86,668.25,714.0,2.0996,2.043,83.662,59.98,77.942,2.3783,402.078,386.523,575.5,2.0566,62.97,63.21,64.03
2025-08-21,692.25,68.105,2.3526,2.1485,2.2997,2.0822,709.5,563.0,696.0,69.66,69.72,387.25,65.75,439.25,495.0,471.0,68.445,69.455,678.25,724.5,2.2401,2.0822,84.018,60.77,79.093,2.5297,402.379,387.33,584.5,2.0922,63.69,63.92,64.77
2025-08-22,693.5,68.27,2.3331,2.1263,2.154,2.0723,707.75,564.25,696.75,69.9,69.98,387.25,66.0,441.0,494.0,470.0,68.485,69.645,680.25,722.75,2.2781,2.069,84.804,60.87,79.674,2.5285,403.327,390.369,586.5,2.0038,63.61,64.06,64.96
2025-08-25,,,2.3645,2.1442,2.1742,2.0733,,,,70.0,70.0,,64.34,,502.75,478.75,,,,,2.2927,2.1127,85.643,62.08,79.224,2.3617,410.965,398.477,592.25,2.0057,64.83,65.3,66.4
2025-08-26,687.25,67.47,2.288,2.1097,2.1147,2.0536,697.5,567.25,690.5,70.35,70.38,386.25,64.66,444.0,502.0,477.5,67.7,69.225,675.5,722.5,2.2272,2.0472,85.313,60.1,79.065,2.5397,409.978,396.479,600.0,1.9647,62.69,63.25,64.19
2025-08-27,691.25,67.41,2.3003,2.1082,2.0832,2.0677,696.0,566.75,691.25,69.25,69.25,385.0,63.55,447.0,496.75,473.75,67.54,69.125,674.0,714.25,2.2365,2.054,83.812,60.96,77.676,2.4807,404.771,392.059,590.625,1.9532,63.66,64.15,65.02
2025-08-28,691.0,67.595,2.3161,2.1702,2.1452,2.1141,695.25,568.0,689.25,69.7,69.7,387.5,63.94,446.25,496.5,473.5,67.635,69.435,675.0,715.25,2.2544,2.0781,83.926,61.46,78.458,2.4502,406.382,392.994,593.625,1.9827,63.83,64.6,65.51
2025-08-29,690.5,67.58,2.2798,2.1314,2.0189,2.0614,699.5,566.75,692.75,70.5,70.5,389.25,64.56,445.0,500.25,476.25,67.59,69.635,671.75,714.25,2.1798,2.0398,84.565,60.93,79.257,2.3539,414.769,400.773,597.75,1.9614,62.99,64.01,64.97
2025-09-01,701.0,68.905,,,,,706.5,562.0,703.75,70.79,70.79,393.75,63.8,450.5,513.75,487.75,68.98,70.51,681.75,717.0,,,84.42,,79.485,,411.075,398.541,595.75,,,,
2025-09-02,720.0,69.36,2.3844,2.2153,2.0928,2.1253,728.0,568.0,723.5,71.71,71.71,392.5,64.84,456.0,520.0,494.0,69.51,71.04,700.5,729.75,2.2844,2.1394,86.035,61.51,80.822,2.4278,413.75,400.98,600.75,2.0553,64.95,65.59,66.67
2025-09-03,723.0,67.555,2.3659,2.1795,2.042,2.087,722.5,562.25,729.75,71.54,71.54,381.25,64.77,455.75,522.5,495.5,68.02,69.555,704.5,726.25,2.2709,2.1209,87.716,59.98,80.781,2.412,409.903,396.426,603.75,2.017,63.6,63.97,65.12
2025-09-04,711.5,67.135,2.3357,2.1045,2.0095,2.077,724.0,563.5,715.75,69.48,69.48,378.5,62.81,457.25,522.0,496.0,67.625,69.155,696.0,716.25,2.2507,2.1019,86.106,59.36,79.244,2.4095,399.321,387.166,592.25,1.967,62.99,63.48,64.54
2025-09-05,699.25,65.1,2.2895,2.0592,1.9492,2.0292,700.25,542.0,698.25,69.2,69.2,368.5,62.54,450.75,525.0,499.0,65.635,67.155,680.0,701.0,2.237,2.0732,85.813,57.86,79.318,2.3642,399.38,388.543,596.25,1.9142,61.64,61.87,63.02
2025-09-08,709.25,66.355,2.3119,2.0461,1.8986,2.0211,712.5,548.75,709.0,69.2,69.23,373.5,62.57,457.5,529.0,501.0,66.72,68.145,691.25,713.0,2.2619,2.1019,85.536,58.31,78.773,2.3586,399.316,388.802,594.0,1.9086,62.09,62.26,63.42
2025-09-09,711.25,66.57,2.3199,2.0988,1.9275,2.0488,725.0,558.0,713.0,69.72,69.76,383.25,63.0,475.25,530.0,502.0,66.885,68.41,693.25,722.75,2.2199,2.1124,86.057,58.63,79.138,2.3925,406.637,395.867,598.0,1.94,62.06,62.63,63.74
2025-09-10,710.5,67.025,2.3307,2.1305,1.923,2.023,723.5,563.0,713.25,70.4,70.49,382.0,63.51,478.25,534.75,508.25,67.24,68.81,695.75,724.5,2.2337,2.1312,86.124,59.6,79.877,2.508,406.052,395.628,603.0,1.953,63.15,63.67,64.66
2025-09-11,690.25,66.18,2.2784,2.0093,1.8943,1.9981,722.25,560.25,698.25,70.69,70.93,375.25,63.76,474.25,537.0,512.0,66.365,67.92,675.75,705.5,2.1819,2.0794,86.537,58.32,80.188,2.4793,404.595,395.268,604.0,1.9243,61.94,62.37,63.28
2025-09-12,706.5,67.595,2.2875,2.0704,1.8754,1.9829,733.0,571.0,712.5,69.51,69.59,383.5,62.77,477.75,536.0,511.0,67.735,69.155,687.0,713.75,2.19,2.095,85.393,58.84,79.726,2.5854,394.967,385.474,598.5,1.9454,62.65,62.69,63.65
2025-09-15,711.5,67.51,2.3186,2.0784,1.9609,1.9947,730.0,568.5,718.0,70.895,70.97,377.5,63.93,483.0,542.0,518.0,67.585,68.97,693.5,721.25,2.2011,2.1336,86.291,59.39,81.061,2.6134,403.364,391.992,608.25,1.9484,63.47,63.3,64.26
2025-09-16,728.25,68.47,2.366,2.1016,1.9891,2.0054,741.25,577.5,732.5,70.25,70.36,380.25,63.75,488.75,543.0,519.0,68.53,69.9,709.5,740.0,2.2635,2.196,86.602,60.55,81.309,2.6416,403.441,391.93,604.625,1.9441,64.66,64.52,65.51
2025-09-17,721.25,68.19,2.316,2.1087,1.9937,1.9375,743.0,568.5,724.75,70.69,70.98,380.25,64.2,479.25,540.5,517.5,68.235,69.59,703.0,735.0,2.1748,2.1587,88.291,60.11,81.672,2.6287,407.068,396.984,607.625,1.9312,64.02,64.05,65.05
2025-09-18,717.5,67.81,2.2975,2.0521,1.9814,1.9114,735.0,563.75,719.0,70.44,70.58,382.25,63.96,473.5,540.5,517.5,67.86,69.045,700.25,734.25,2.16,2.1435,87.295,59.64,80.568,2.4514,406.088,397.48,599.375,1.9021,63.53,63.57,64.57
2025-09-19,708.25,67.055,2.2464,2.0426,1.9307,1.8607,722.0,557.25,707.25,69.33,69.43,381.75,63.18,473.0,538.0,516.5,67.14,68.26,691.25,727.75,2.1189,2.0938,86.777,58.86,79.229,2.4907,400.567,391.668,596.375,1.8551,62.71,62.68,63.73
2025-09-22,703.25,66.79,2.2273,2.018,1.9382,1.8607,716.0,555.75,702.0,68.6,68.93,386.25,62.96,475.5,539.5,518.5,66.8,68.055,682.25,727.25,2.1064,2.0951,86.486,58.84,78.373,2.438,403.228,393.24,594.875,1.863,62.54,62.64,63.74
2025-09-23,723.25,68.47,2.248,2.0198,1.8941,1.8566,711.5,567.25,718.5,68.21,68.36,397.5,62.38,479.75,539.0,518.0,68.49,69.73,697.25,744.0,2.1419,2.1331,86.167,60.02,77.361,2.4598,404.178,394.505,597.625,1.8848,63.46,63.81,64.96
2025-09-24,726.5,69.625,2.2822,2.0472,1.8788,1.8326,723.25,570.5,723.5,69.85,69.89,397.5,63.74,478.25,539.0,517.0,69.63,70.74,708.5,751.25,2.1889,2.2039,88.527,61.82,78.2,2.4822,414.039,406.513,606.0,1.9072,65.06,65.49,66.56
2025-09-25,731.25,70.58,2.329,2.0397,1.8797,1.8072,713.75,570.5,729.25,70.55,70.61,408.25,64.78,474.0,536.0,514.0,70.705,71.58,713.75,751.0,2.236,2.241,89.654,61.92,79.104,2.4747,413.94,407.269,608.5,1.8872,65.01,65.71,66.67
2025-09-26,743.25,71.93,2.3289,2.0613,1.9238,1.8464,718.0,578.0,745.25,70.6,70.6,416.0,65.33,477.25,538.0,516.0,72.045,72.96,731.0,765.25,2.2367,2.2492,91.614,61.94,80.064,2.5088,419.758,412.882,608.0,1.9288,65.43,65.72,66.68
2025-09-29,711.75,68.815,2.2541,2.0567,1.8767,1.8101,711.75,555.5,713.5,69.25,69.25,398.25,64.81,469.5,536.25,513.25,68.925,69.865,701.5,732.0,2.1687,2.1862,90.832,59.69,80.082,2.4617,418.016,410.657,607.0,1.8767,63.15,63.45,64.41
2025-09-30,707.5,67.895,2.2341,2.0123,1.8973,1.7898,696.0,542.75,706.25,69.34,69.34,394.75,62.86,449.0,516.5,498.5,68.005,68.965,694.75,729.5,2.1441,2.1941,87.11,58.61,77.54,2.4423,407.229,400.187,591.0,1.8648,61.98,62.37,63.29
2025-10-01,707.75,67.355,2.2519,1.9759,1.8509,1.7722,696.5,535.0,706.75,66.55,66.69,382.25,61.93,436.25,476.5,463.5,67.46,68.415,692.0,733.5,2.1219,2.1531,88.045,57.03,77.185,2.4259,399.315,398.395,586.125,1.8284,61.24,61.78,62.63
2025-10-02,684.0,65.93,2.181,1.9485,1.706,1.7335,676.0,532.25,685.0,65.29,65.39,379.25,60.74,439.5,462.75,450.75,66.02,66.995,670.0,718.75,2.0635,2.101,87.423,55.66,76.378,2.391,392.539,391.117,578.75,1.8023,59.89,60.48,61.19
2025-10-03,681.25,66.325,2.1588,1.938,1.6705,1.7405,671.25,536.75,679.75,64.69,64.8,391.25,60.18,442.75,490.5,478.5,66.42,67.44,668.0,717.75,2.4213,2.1013,85.727,56.08,75.025,2.4355,385.195,382.698,579.25,1.813,60.33,60.88,61.63
2025-10-06,677.25,67.145,2.1943,2.0041,1.7066,1.8079,678.5,543.75,680.5,65.62,65.67,395.75,60.86,449.5,487.0,477.0,67.215,68.285,665.5,709.25,2.4193,2.1493,85.985,56.99,75.954,2.4766,391.788,387.313,584.25,1.8691,61.09,61.69,62.54
2025-10-07,679.5,66.915,2.2578,1.9964,1.6789,1.8577,675.75,544.25,681.75,65.66,66.01,396.75,61.23,443.25,482.0,473.0,66.975,68.075,666.5,710.5,2.4153,2.1378,85.949,57.02,76.458,2.4689,396.349,392.08,585.25,1.8664,61.22,61.73,62.55
2025-10-08,686.5,68.165,2.2838,2.0195,1.6695,1.847,681.0,548.0,686.5,65.85,66.21,403.75,61.25,447.5,482.25,475.25,68.22,69.35,675.75,721.75,2.4413,2.1613,87.195,57.85,76.834,2.4845,399.555,394.906,583.75,1.8745,61.94,62.55,63.35
2025-10-09,692.75,67.43,2.2878,1.9851,1.6126,1.7951,682.25,544.0,688.25,66.44,66.71,401.25,61.52,449.75,485.25,480.25,67.47,68.63,679.5,718.25,2.4303,2.1503,88.163,56.86,77.393,2.3226,395.375,393.367,583.75,1.8261,60.72,61.51,62.25
2025-10-10,665.75,64.485,2.2094,1.9204,1.5204,1.7329,662.5,524.75,665.75,64.89,65.23,390.5,60.34,443.0,492.5,488.5,64.515,65.74,649.5,696.25,2.3544,2.1194,87.107,54.27,77.078,2.3104,383.356,382.755,576.75,1.7604,58.2,58.9,59.7
2025-10-13,673.25,64.285,2.2522,1.9488,1.5588,1.7563,667.0,523.5,677.0,63.45,63.9,393.0,59.05,435.0,465.0,465.0,64.3,65.25,657.25,704.25,2.3997,2.1397,85.619,54.8,76.073,2.3338,373.945,374.392,566.75,1.7988,58.75,59.49,60.24
2025-10-14,653.5,62.465,2.2014,1.8986,1.5586,1.7486,661.5,507.75,655.25,62.52,62.74,383.5,58.22,425.25,460.25,468.25,62.74,63.68,638.75,687.0,2.6976,2.0901,84.517,53.9,75.684,2.3186,363.494,363.739,552.75,1.7436,57.89,58.7,59.4
2025-10-15,650.5,62.595,2.1798,1.8519,1.5944,1.8544,669.5,507.5,650.75,62.53,62.89,388.5,58.19,413.25,467.25,472.25,62.985,63.67,635.75,683.5,2.6748,2.0373,84.739,53.38,75.883,2.3244,369.177,368.546,549.0,1.7294,57.34,58.27,58.92
2025-10-16,655.5,61.855,2.156,1.8767,1.6417,1.818,680.25,503.75,657.0,62.44,63.0,386.0,58.15,419.5,466.0,468.5,62.385,63.035,640.5,691.75,2.6535,2.0036,84.127,52.52,76.612,2.3017,373.455,370.669,545.0,1.7292,56.46,57.46,58.06
2025-10-17,646.25,60.94,2.19,1.8867,1.7727,1.8627,673.5,498.25,645.0,61.32,61.32,386.0,57.07,408.75,462.0,464.0,61.25,62.085,635.5,682.25,2.68,2.0099,83.09,52.69,74.821,2.3277,365.159,361.744,537.0,1.6717,56.3,57.54,58.09
2025-10-20,655.25,60.62,2.1771,1.8728,1.8502,1.8827,647.5,497.25,653.5,,,378.75,,397.75,,,61.005,61.84,642.75,689.25,2.6921,2.0496,,52.46,,2.3202,,,,1.7078,56.39,57.52,57.9
2025-10-21,657.75,60.995,2.2133,1.8418,1.8453,1.8103,650.75,505.0,655.25,61.81,62.23,383.75,57.3,408.0,454.5,454.5,61.51,62.37,646.0,696.0,2.7058,2.0499,83.853,52.72,74.858,2.3153,366.322,361.379,539.75,1.7043,56.47,57.82,58.12
2025-10-22,672.75,62.055,2.2584,1.8281,1.79,1.8375,665.0,518.25,670.0,63.48,63.48,386.0,59.44,420.25,464.25,461.25,62.565,63.42,660.25,711.5,2.7496,2.0925,85.551,54.05,75.486,2.355,369.773,364.769,551.5,1.7168,57.84,59.27,59.52
2025-10-23,722.75,65.39,2.4155,1.8629,1.7869,1.9019,691.5,539.0,723.0,67.75,68.16,404.0,62.29,430.75,471.25,468.25,65.89,66.75,709.25,752.0,2.874,2.2515,89.495,57.52,78.022,2.3629,388.385,383.704,572.875,1.7554,61.29,62.62,63.02
2025-10-24,734.75,66.455,2.4406,1.8586,1.8552,1.8827,699.25,544.75,736.25,68.84,68.84,407.75,63.09,435.25,466.0,461.0,66.935,67.99,720.5,764.5,2.7793,2.2493,91.393,57.3,79.814,2.3586,397.968,393.682,580.625,1.7511,61.48,62.31,62.59
2025-10-27,753.75,65.64,2.4536,1.8585,1.711,1.8719,685.25,539.5,754.75,67.66,67.84,407.5,62.15,441.25,479.0,474.0,66.31,67.17,735.75,789.0,2.9099,2.2974,91.218,56.75,79.711,2.356,389.951,387.265,578.625,1.7735,60.74,61.31,61.93
2025-10-28,727.0,64.075,2.3972,1.8659,1.7159,1.8614,684.0,531.0,727.5,64.96,65.35,397.5,60.95,440.25,478.75,473.75,64.44,65.335,709.0,762.75,2.8633,2.2158,91.464,55.44,79.526,2.3534,386.547,383.314,569.0,1.7584,59.03,60.15,60.67
2025-10-29,736.5,65.475,2.4356,1.8995,1.7657,1.88,694.0,539.25,732.25,64.16,64.16,397.75,60.53,452.0,485.75,480.75,65.665,66.505,718.25,769.75,2.8971,2.2446,89.94,55.82,79.432,2.3807,377.18,372.783,571.375,1.7857,59.28,60.48,60.93
2025-10-30,740.25,65.175,2.475,1.9026,1.8776,1.8959,677.0,541.5,735.0,66.42,66.42,398.5,61.15,452.25,489.0,478.0,65.24,66.255,722.25,769.75,2.9092,2.2742,90.513,55.89,79.961,2.3826,376.092,372.537,572.625,1.7876,59.51,60.57,61.02
2025-10-31,736.25,65.205,2.4286,1.9308,1.9008,1.8783,672.0,544.75,732.75,67.65,67.65,399.75,61.81,452.5,488.0,473.0,65.22,66.245,718.25,763.5,2.8986,2.2486,91.632,56.18,78.468,2.3908,377.953,374.768,580.375,1.8158,59.77,60.98,61.48
2025-11-03,740.5,65.85,2.4141,1.9886,1.9161,1.8436,675.25,545.75,739.25,66.7,66.7,397.0,60.56,450.0,482.0,467.0,66.085,67.03,721.0,768.75,2.9053,2.2528,93.496,56.3,79.946,2.4061,379.532,372.963,582.375,1.8411,59.79,61.05,61.6
2025-11-04,734.75,65.2,2.3871,1.9628,1.8428,1.7953,672.25,541.25,739.5,65.38,65.38,386.75,60.07,442.75,471.0,460.5,65.395,66.32,720.5,769.25,2.9446,2.2746,90.924,55.82,78.324,2.4128,377.772,369.183,577.0,1.8253,59.13,60.56,61.11
2025-11-05,787.0,64.565,2.31,1.9418,1.7518,1.7693,683.5,542.5,775.75,65.605,65.605,388.25,60.29,430.75,469.25,459.25,64.92,65.805,750.75,799.5,2.9325,2.235,92.0,54.84,77.947,2.3993,374.03,365.084,577.5,1.8113,58.27,59.6,60.1
2025-11-06,814.5,63.655,2.4561,2.0669,1.8456,1.8056,691.0,542.25,798.25,64.65,64.65,377.25,59.61,425.25,463.0,453.0,64.015,64.895,753.0,800.75,2.7961,2.2561,92.296,54.63,78.383,2.3456,371.859,363.555,575.75,1.8481,57.88,59.43,59.84
2025-11-07,793.5,63.785,2.4746,1.9953,1.8153,1.7678,697.0,541.25,782.5,64.95,64.99,374.0,59.92,427.25,475.0,468.0,64.035,64.915,747.0,782.25,2.7821,2.2121,94.48,54.98,79.254,2.3203,371.47,364.436,581.75,1.8378,58.26,59.75,60.2
2025-11-10,748.75,62.415,2.4404,1.9961,1.8561,1.7661,712.75,538.5,762.25,65.34,65.36,375.5,60.36,431.0,478.0,472.0,63.31,64.565,726.75,771.75,2.55373,2.2779,93.285,55.33,79.745,2.3511,370.604,363.659,582.25,1.8661,58.41,60.13,60.55
2025-11-11,808.5,64.235,2.5332,2.027,1.927,1.802,724.5,548.5,811.75,64.96,64.99,383.75,59.96,443.0,478.0,472.0,64.815,65.69,781.75,801.0,2.5457,2.3432,93.6,56.25,79.756,2.262,369.06,362.113,577.75,1.9008,59.43,61.04,61.41
2025-11-12,746.75,61.995,2.4466,1.9729,1.8154,1.7192,761.0,532.0,757.25,65.84,65.87,368.75,60.94,441.75,495.0,488.0,62.13,63.3,720.0,775.75,2.4516,2.2303,95.641,53.8,81.109,2.2054,369.521,365.258,584.75,1.8629,57.04,58.49,58.99
2025-11-13,745.5,62.24,2.6022,2.0347,1.8997,1.7397,748.0,534.75,759.0,63.595,63.595,370.25,56.83,444.0,498.0,487.0,62.24,63.7,716.25,769.5,2.4347,2.2147,92.797,54.09,78.955,2.2097,356.374,352.078,569.125,1.8897,57.37,58.69,59.19
2025-11-14,774.5,63.74,2.4873,2.0679,1.9216,1.7979,747.75,543.25,788.0,64.75,64.8,375.75,57.83,449.75,502.0,494.0,63.79,65.265,742.0,796.25,2.5011,2.2387,93.777,55.47,80.065,2.1716,360.868,356.259,577.125,1.9016,58.91,60.09,60.55
2025-11-17,768.25,63.67,2.472,2.0001,1.8576,1.7689,734.25,534.25,781.25,64.64,64.64,370.25,57.94,456.5,509.25,501.25,63.69,65.305,740.0,796.0,2.517,2.2463,95.432,55.33,79.939,2.1401,359.039,354.896,571.0,1.8801,58.97,59.91,60.41
2025-11-18,812.25,63.515,2.6461,2.0293,1.8343,1.7743,729.0,532.75,816.0,64.5,64.51,362.25,57.74,459.25,516.75,501.75,63.575,64.95,774.0,829.0,2.6111,2.3647,96.879,56.16,79.512,2.1493,352.221,349.132,571.0,1.8743,60.16,60.74,61.33
2025-11-19,812.5,63.205,2.5257,1.9329,1.7621,1.6946,719.0,525.5,807.25,64.74,64.75,353.5,58.01,453.25,513.5,498.5,63.24,64.425,764.5,813.75,2.5457,2.2971,100.03,54.77,78.207,2.0821,351.851,348.045,573.0,1.7739,59.37,59.44,60.02
2025-11-20,790.0,63.53,2.4133,1.894,1.6784,1.6584,702.0,524.75,787.0,64.4,64.4,355.0,57.74,450.25,506.0,490.75,63.6,64.565,743.5,783.25,2.4433,2.2241,98.276,54.42,76.573,2.1684,349.597,345.153,573.625,1.7565,59.21,59.14,59.59
2025-11-21,752.25,62.335,2.3864,1.8741,1.6384,1.6022,677.5,516.25,752.0,62.69,62.69,343.75,56.28,443.5,515.0,496.25,62.4,63.355,712.5,749.75,2.3664,2.2066,92.0,53.58,75.594,2.1334,347.081,343.095,562.125,1.7266,58.21,58.31,58.71
2025-11-24,738.75,63.36,2.3161,1.8557,1.6091,1.6066,673.75,514.5,737.0,62.65,62.65,346.5,56.07,446.25,519.0,501.0,63.95,63.995,692.75,734.5,2.2739,2.1889,89.262,54.25,75.932,2.0057,347.88,343.897,561.875,1.7132,58.62,59.0,59.35
2025-11-25,710.75,62.89,2.2638,1.8022,1.6222,1.5622,654.25,503.75,714.75,63.35,63.35,340.75,56.75,452.0,520.0,502.0,63.025,63.755,675.5,716.75,2.229,2.129,89.083,53.45,76.15,1.9822,346.397,341.306,560.875,1.7022,58.15,58.15,58.56
2025-11-26,689.0,63.42,2.0755,1.8273,1.5873,1.5973,660.0,510.75,709.75,62.825,62.825,345.75,56.06,463.0,522.0,504.0,63.53,64.18,659.75,712.0,2.2102,2.0752,87.36,54.06,77.536,1.9273,341.903,336.87,557.875,1.7273,57.42,58.65,59.2
2025-11-27,702.25,64.23,,,,,670.5,521.0,711.0,63.73,63.73,351.5,55.7,473.0,533.0,515.75,64.345,65.03,670.75,727.25,,,87.24,,78.66,,344.737,337.941,566.0,,,,
2025-11-28,685.75,64.35,,,,,675.25,520.25,685.75,64.14,64.14,354.0,56.25,480.25,538.25,520.25,64.5,65.12,672.25,730.0,,,88.95,,79.161,,349.128,343.305,572.0,,,,
2025-12-01,701.0,64.175,2.0625,1.8714,1.6189,1.6239,674.25,514.5,708.5,64.24,64.26,352.25,56.2,472.25,514.25,504.25,64.29,64.975,679.25,743.5,2.25,2.07,89.374,54.27,79.643,1.9289,344.965,339.237,567.5,1.7599,58.31,59.32,59.97
2025-12-02,694.0,64.14,1.9927,1.8428,1.5503,1.5828,659.25,511.75,692.75,63.76,63.87,346.5,55.86,470.0,511.0,501.0,64.255,65.075,680.25,736.25,2.2227,2.0452,88.769,53.58,80.318,1.8903,344.426,338.403,568.0,1.7203,57.64,58.64,59.26
2025-12-03,673.75,64.42,1.9933,1.8222,1.5747,1.5872,668.25,516.25,664.75,63.4,63.43,346.25,55.47,476.25,508.75,496.75,64.545,65.38,661.0,716.25,2.2108,2.0308,87.726,53.89,79.164,1.8622,342.003,334.068,562.0,1.7202,57.86,58.95,59.62
2025-12-04,675.75,64.295,2.0037,1.8221,1.6071,1.6121,663.5,517.5,671.25,63.5,63.57,344.75,55.56,479.75,526.25,516.25,64.465,65.315,663.0,726.0,2.2137,2.0412,87.561,54.54,77.374,1.8371,340.402,334.605,560.0,1.7171,58.4,59.67,60.29
2025-12-05,692.0,64.63,2.0629,1.8491,1.5641,1.6441,665.5,526.0,690.75,63.86,63.91,345.25,55.89,486.25,528.0,516.0,64.875,65.815,678.75,741.5,2.2729,2.1041,87.602,54.9,77.877,1.8441,346.609,340.375,564.5,1.7216,58.37,60.08,60.63
2025-12-08,673.25,63.675,1.9632,1.8031,1.5781,1.5781,655.5,517.75,674.75,64.36,64.56,336.25,56.44,487.0,535.25,526.25,63.92,64.89,663.5,730.75,2.2082,2.0107,88.172,53.68,78.467,1.8081,350.863,343.964,572.0,1.6756,57.36,58.88,59.38
2025-12-09,653.25,62.8,1.8901,1.7922,1.5797,1.5747,647.5,517.25,654.0,62.68,62.95,333.0,54.87,479.0,541.0,534.0,63.025,64.03,642.5,723.5,2.1701,1.9901,86.438,53.02,76.966,1.7297,341.534,334.278,563.0,1.6637,56.46,58.25,58.7
2025-12-10,657.0,62.455,1.883,1.7765,1.5515,1.5465,654.0,516.5,656.5,62.19,62.37,331.75,54.38,484.25,549.25,542.25,62.67,63.645,647.25,729.5,2.183,2.013,85.573,53.23,76.678,1.7315,339.067,331.156,560.0,1.6625,56.51,58.46,58.86
2025-12-11,637.5,61.865,1.8464,1.7761,1.5098,1.5198,640.5,506.75,635.25,61.57,61.71,326.75,53.91,480.0,560.0,551.0,62.07,63.085,626.75,706.25,2.1389,1.9664,84.048,52.32,77.203,1.7098,336.023,328.594,554.25,1.6288,55.59,57.6,57.92
2025-12-12,636.0,61.95,1.878,1.7146,1.5196,1.4971,636.25,500.25,632.25,61.75,61.82,324.75,54.09,474.0,551.0,541.0,62.045,63.12,625.0,703.75,2.108,1.913,84.756,52.21,77.555,1.7621,336.136,332.612,548.75,1.6321,55.69,57.44,57.81
2025-12-15,634.0,61.355,1.8906,1.7323,1.5023,1.4698,605.75,495.25,637.75,61.25,61.33,316.25,53.58,469.0,560.5,551.5,61.46,62.425,618.25,689.75,2.0906,1.9006,83.586,51.54,77.359,1.7423,337.321,332.977,545.25,1.6148,54.99,56.82,57.12
2025-12-16,619.5,60.09,1.8311,1.6709,1.4609,1.4109,585.75,486.0,620.5,59.93,60.03,311.25,52.41,463.75,552.5,543.5,60.135,60.98,604.0,678.25,2.0386,1.8698,81.998,49.97,74.705,1.6409,333.03,327.779,536.625,1.5719,54.11,55.27,55.58
2025-12-17,626.25,61.28,1.877,1.6793,1.4793,1.4593,586.25,492.75,632.75,59.72,59.82,321.75,52.1,462.75,555.25,546.25,61.295,62.255,610.0,686.75,2.0595,1.9063,81.29,50.72,74.025,1.6543,337.857,332.961,532.875,1.5758,55.57,55.94,56.29
2025-12-18,623.5,61.35,1.8916,1.6869,1.5113,1.4788,585.75,495.0,630.0,60.32,60.47,323.5,52.64,457.75,548.0,540.0,61.36,62.45,609.75,684.75,2.0416,1.9147,82.1,50.91,73.943,1.6613,343.28,338.671,534.375,1.6084,55.17,56.15,56.51
2025-12-19,618.5,61.495,1.8769,1.7344,1.4782,1.4857,583.25,496.0,620.75,60.01,60.16,320.0,52.3,470.0,545.0,535.0,61.495,62.64,607.25,685.5,2.1919,1.9139,80.796,51.53,72.932,1.6682,336.692,331.712,531.125,1.6169,55.89,56.66,57.09
2025-12-22,627.25,62.815,1.9406,1.7685,1.5122,1.5147,593.5,505.75,629.25,61.2,61.47,330.0,53.49,482.0,545.0,536.0,62.815,64.47,611.25,695.25,2.2281,1.9511,81.252,53.01,74.084,1.7022,341.837,336.972,540.125,1.656,57.85,58.16,58.7
2025-12-23,637.5,63.55,1.9556,1.7326,1.5232,1.5107,598.5,503.5,642.0,62.15,62.29,331.0,54.34,487.0,547.25,539.25,63.56,64.845,628.0,713.75,2.2527,1.9752,81.872,53.53,73.556,1.7101,349.802,345.122,541.875,1.6701,58.15,58.53,59.3
2025-12-24,645.25,63.48,1.9001,1.8016,1.5046,1.5146,600.5,503.0,643.75,62.34,62.48,332.0,54.35,482.5,545.0,537.0,63.495,64.81,638.5,718.25,2.2237,1.9487,83.146,53.37,73.276,1.8891,347.921,343.397,540.625,1.6616,58.14,58.53,59.09
2025-12-26,,,,,,,,,,62.22,62.27,,54.38,,545.0,538.0,,,,,,,82.389,,72.666,,347.454,343.314,540.75,,,,
2025-12-29,632.75,62.445,1.8825,1.7577,1.5077,1.4702,600.0,496.5,635.25,61.25,61.27,327.0,53.41,481.75,543.0,534.0,62.445,63.885,617.75,704.5,2.2027,1.9402,81.152,52.94,71.523,1.8627,341.425,338.857,535.25,1.6492,56.62,58.08,58.6
2025-12-30,638.25,62.42,1.8843,1.738,1.5105,1.4585,598.75,490.75,636.25,61.73,61.73,325.75,53.89,484.5,525.0,514.0,62.42,64.035,624.0,703.75,2.2274,1.9599,81.671,52.83,71.62,1.868,346.094,341.272,538.625,1.663,55.62,57.95,58.4
2025-12-31,634.0,62.445,1.884,1.7075,1.545,1.48,597.5,489.25,631.25,61.57,61.57,327.75,53.98,484.75,535.5,529.5,62.445,64.09,619.0,698.0,2.1915,1.9115,81.516,52.13,71.677,1.85,345.093,342.075,535.625,1.64,55.06,57.42,57.9
2026-01-02,619.25,60.845,1.8651,1.697,1.5282,1.4857,585.75,477.0,609.0,60.31,60.62,319.5,53.2,473.75,567.5,558.5,60.845,62.325,603.5,672.25,2.5451,1.8951,80.474,52.03,71.45,1.8332,341.646,337.547,530.125,1.6157,55.99,57.32,57.8
2026-01-05,631.5,62.84,1.8778,1.7075,1.52,1.495,584.75,484.5,631.75,58.21,58.61,320.0,51.31,486.0,565.0,560.0,62.86,63.85,620.5,694.0,2.7928,1.9228,79.609,53.06,70.404,1.93,334.225,332.686,522.0,1.635,56.09,58.32,58.82
2026-01-06,624.0,62.9,1.813,1.6756,1.5081,1.5131,589.5,488.0,624.5,59.44,59.67,321.5,52.68,501.25,562.25,557.25,62.945,63.78,613.25,694.5,2.833,1.883,81.265,51.98,71.382,1.9056,343.053,341.322,534.125,1.6066,54.67,57.13,57.68
2026-01-07,610.75,61.82,1.7942,1.6395,1.5045,1.5383,580.0,484.75,611.5,58.3,58.6,310.75,51.54,499.25,554.0,550.0,61.975,62.64,599.25,684.75,2.7417,1.8617,79.593,51.05,69.693,1.8995,343.398,342.241,533.0,1.592,53.35,55.99,56.74
2026-01-08,620.0,62.885,1.887,1.7653,1.6078,1.6028,595.5,495.25,620.25,58.32,58.56,307.0,51.52,492.25,546.75,541.75,63.08,63.62,608.0,680.25,2.4695,1.9345,79.242,52.91,70.19,1.9653,337.042,334.609,540.75,1.6603,55.39,57.76,58.48
2026-01-09,639.75,65.315,1.885,1.7606,1.6256,1.6156,609.5,514.5,645.0,60.805,61.09,306.75,53.87,497.0,542.0,536.0,65.62,66.155,632.0,712.25,2.535,1.9575,81.564,54.37,72.111,1.9306,342.831,341.132,550.25,1.6881,56.58,59.12,60.0
2026-01-12,631.25,65.565,1.9144,1.7713,1.6088,1.6313,616.25,511.25,639.25,61.405,61.74,315.25,55.92,498.25,547.0,539.0,65.805,66.24,623.0,712.5,2.3094,1.9869,81.579,54.87,71.801,1.9388,337.575,336.908,557.25,1.7088,57.13,59.5,60.47
2026-01-13,661.25,68.385,1.9959,1.7965,1.6465,1.664,622.25,533.25,668.75,61.76,62.21,335.0,56.33,506.0,557.25,544.25,68.615,69.325,651.75,744.0,2.4434,2.0884,82.592,56.55,72.378,1.9715,346.344,344.592,560.75,1.7515,58.82,61.15,62.22
2026-01-14,664.25,68.675,2.0719,1.8254,1.6654,1.6829,620.25,533.5,675.75,62.41,62.79,335.5,57.0,504.0,557.25,543.25,68.83,69.485,656.25,743.75,2.5469,2.1273,83.696,57.42,71.922,1.9754,359.166,358.361,560.25,1.7629,60.27,62.02,63.0
2026-01-15,647.25,66.26,2.0283,1.7688,1.6138,1.6363,606.0,515.0,655.75,62.55,62.85,332.5,56.98,498.5,559.25,544.25,66.335,67.12,638.25,721.75,2.4733,2.0357,83.11,54.65,71.671,1.8238,359.645,359.141,554.75,1.7063,57.35,59.19,60.19
2026-01-16,663.0,67.61,2.0426,1.804,1.6102,1.6365,597.5,520.0,667.75,62.28,62.7,341.75,56.57,473.25,556.75,543.75,67.84,68.405,652.25,730.5,2.5026,2.0574,82.713,55.0,70.757,1.9652,362.649,357.226,548.25,1.7177,58.02,59.44,60.54
2026-01-19,660.75,67.15,,,,,599.75,515.25,663.0,61.955,62.3,337.5,56.25,475.5,556.75,544.75,67.46,67.97,649.75,726.0,,,83.132,,70.691,,363.705,359.113,547.25,,,,
2026-01-20,675.25,68.0,2.096,1.831,1.6438,1.6663,612.75,523.75,671.5,61.8,62.22,343.0,56.13,483.75,558.0,546.5,68.185,68.65,664.25,736.25,2.6035,2.1202,83.089,55.9,70.977,2.0038,360.112,355.311,548.0,1.766,59.11,60.34,61.35
2026-01-21,695.5,67.655,2.1605,1.902,1.6687,1.7149,621.75,529.25,690.5,62.3,62.49,344.5,56.83,495.5,562.0,552.0,68.01,68.305,683.25,749.75,2.6955,2.1788,84.11,56.12,72.005,2.0374,369.362,362.299,553.25,1.802,59.83,60.82,61.59
2026-01-22,682.25,66.235,2.1118,1.8662,1.6372,1.6622,621.0,525.75,678.25,63.22,63.34,346.0,57.75,506.75,571.75,562.75,67.16,67.42,669.0,729.5,2.6318,2.0935,84.971,54.77,72.37,2.0322,379.973,373.42,565.25,1.7687,57.85,59.48,60.22
2026-01-23,684.75,68.08,2.171,1.8719,1.651,1.6935,616.75,535.25,682.5,62.27,62.44,355.75,56.86,511.0,560.0,550.0,68.87,69.08,673.25,734.0,2.6056,2.1681,84.178,56.62,70.814,2.066,386.794,382.049,565.375,1.7919,58.65,61.24,62.0
2026-01-26,688.5,67.655,2.168,1.822,1.6082,1.6539,621.75,531.5,690.0,63.555,63.555,346.75,57.97,511.5,565.5,554.5,68.34,68.6,678.0,734.75,2.6139,2.1939,85.339,56.03,71.499,2.0351,399.871,397.738,573.25,1.7507,58.03,60.63,61.3
2026-01-27,689.5,69.155,2.2387,1.8651,1.6501,1.6865,625.5,541.75,692.25,62.89,62.89,348.25,57.27,509.5,560.25,549.25,69.53,69.895,679.25,740.75,2.6756,2.2281,83.59,57.9,70.181,2.0802,384.899,382.563,573.25,1.7826,59.74,62.39,63.06
2026-01-28,706.0,70.015,2.2436,1.8841,1.6841,1.7136,631.5,547.25,707.75,64.66,64.66,357.5,59.14,510.5,564.25,553.25,70.29,70.98,695.75,758.75,2.7119,2.2719,85.636,58.79,72.344,2.1073,399.479,397.412,586.75,1.7991,61.25,63.21,63.99
2026-01-29,721.0,72.325,2.2854,1.9053,1.6928,1.645,646.25,567.25,726.25,66.35,66.35,371.25,58.67,533.0,541.0,531.0,72.835,73.535,711.25,775.0,2.7488,2.3288,87.664,61.13,73.619,2.135,413.561,412.435,592.0,1.8353,64.11,65.42,66.34
2026-01-30,751.25,72.72,2.303,1.9172,1.6822,1.6672,643.25,569.5,753.0,66.54,66.54,373.75,58.96,536.25,541.75,530.75,73.315,74.015,740.5,802.75,2.798,2.4505,87.74,61.01,73.382,2.1572,413.163,412.697,592.0,1.8447,63.78,65.21,66.11
2026-02-02,691.0,68.63,2.1773,1.8189,1.6114,1.6102,619.5,543.75,694.75,64.99,64.99,351.75,56.71,515.5,524.25,514.25,69.63,70.07,663.0,748.5,2.6248,2.1973,85.821,55.46,70.982,2.0664,396.174,399.704,581.125,1.7639,60.12,62.14,62.91
2026-02-03,693.5,69.655,2.2193,1.8929,1.6679,1.6604,623.0,551.25,704.75,65.095,65.15,358.5,56.57,519.75,524.0,514.0,70.515,71.005,667.0,758.5,2.3493,2.1818,84.987,56.6,71.496,2.1129,405.489,405.514,583.75,1.8104,61.63,63.21,64.11
2026-02-04,695.25,69.84,2.2888,1.9902,1.7477,1.7302,639.5,557.75,706.5,66.785,66.785,363.75,58.26,513.25,535.0,526.5,70.47,71.13,668.0,762.5,2.41,2.275,86.609,58.57,73.112,2.2902,418.955,416.836,598.25,1.8752,63.28,65.14,66.0
2026-02-05,690.25,69.675,2.2232,1.9516,1.6941,1.6716,644.75,575.25,706.0,67.43,67.46,365.25,58.77,534.25,537.0,528.0,70.5,70.98,668.5,770.0,2.3232,2.2407,86.98,56.69,73.448,2.2866,427.179,425.131,604.25,1.8304,61.77,63.29,64.09
2026-02-06,708.25,71.065,2.2458,1.9782,1.7132,1.6532,643.25,563.5,716.75,67.74,67.78,372.0,59.04,540.5,527.5,518.5,71.515,71.93,678.5,779.0,2.3433,2.2533,87.797,56.96,73.477,2.3332,422.873,422.938,603.25,1.857,61.93,63.55,64.3
2026-02-09,702.25,71.98,2.2494,1.9705,1.723,1.598,664.5,569.25,709.5,66.795,66.795,373.5,58.27,549.0,530.0,521.0,72.33,72.595,672.5,773.75,2.4119,2.2519,86.419,57.8,74.764,2.4055,415.091,416.303,598.25,1.8893,63.49,64.36,65.01
2026-02-10,693.0,71.99,2.2338,1.9392,1.6942,1.5942,660.25,569.75,700.25,68.0,68.0,372.75,59.46,545.75,519.0,509.0,72.25,72.69,661.75,762.0,2.3938,2.2063,87.381,57.49,76.603,2.3942,427.637,424.24,612.625,1.8617,62.77,63.96,64.69
2026-02-11,709.5,73.1,2.2579,1.9864,1.6589,1.6389,664.75,576.25,712.75,68.605,68.605,373.25,60.04,552.5,519.0,509.0,73.35,73.77,677.75,775.5,2.4179,2.2329,88.388,58.15,75.584,2.4389,434.106,431.372,617.625,1.8814,63.02,64.63,65.36
2026-02-12,685.25,70.83,2.209,1.9009,1.6259,1.5321,640.5,555.75,693.0,68.69,68.69,365.75,60.1,541.25,518.0,508.0,71.07,71.555,668.25,750.25,2.3702,2.1777,88.992,56.28,74.901,2.3759,438.336,437.37,612.0,1.8197,61.88,62.84,63.49
2026-02-13,687.0,70.115,2.1979,1.916,1.546,1.526,638.25,551.5,690.75,66.87,66.87,359.5,58.24,533.75,510.0,501.0,70.52,70.975,668.0,747.5,2.3379,2.1679,86.583,56.41,71.45,2.351,430.581,430.867,594.125,1.816,62.41,62.89,63.49
2026-02-16,691.25,71.275,,,,,635.0,556.25,697.5,67.05,67.05,368.0,58.41,496.0,506.5,497.5,71.46,71.9,672.75,761.25,,,85.757,,71.608,,431.274,429.604,593.5,,,,
2026-02-17,685.75,69.69,2.2119,1.8757,1.5844,1.5519,639.75,545.5,689.25,,,362.0,,492.75,,,70.01,70.43,667.0,760.0,2.3056,2.2281,,55.94,,2.3544,,,,1.8219,60.85,62.33,62.85
2026-02-18,710.0,71.285,2.34,1.9323,1.6805,1.698,658.25,558.75,714.0,,,375.5,,508.75,,,71.975,72.38,693.25,784.25,2.4937,2.3107,,58.78,,2.438,,,,1.8698,64.93,65.19,65.52
2026-02-19,739.75,72.83,2.3897,1.9762,1.7116,1.8183,681.5,565.0,741.5,70.15,70.15,388.25,58.82,537.5,515.0,506.0,73.645,74.185,722.5,808.25,2.5822,2.3701,90.883,60.0,76.155,2.4766,443.495,443.951,607.25,1.9087,66.01,66.43,66.65
2026-02-20,744.5,72.27,2.3583,1.9722,1.6773,1.7973,678.25,568.5,748.0,70.7,70.7,385.5,59.37,554.5,516.75,507.5,73.21,73.59,727.5,809.5,2.4456,2.3081,92.247,60.01,77.664,2.4673,439.0,437.854,612.75,1.8984,66.03,66.39,66.61
2026-02-23,758.5,73.02,2.3857,2.0194,1.6742,1.8225,677.5,571.5,760.75,70.03,70.03,388.25,58.8,552.5,521.75,513.75,74.26,74.185,741.0,816.5,2.4867,2.2767,91.562,60.06,77.357,2.4592,426.404,421.489,614.25,1.8944,66.28,66.26,66.7
2026-02-24,741.75,71.35,2.3806,1.9844,1.7314,1.8497,673.75,566.75,740.5,70.485,70.485,386.0,59.36,553.0,524.0,516.5,72.61,72.785,727.75,800.0,2.4814,2.2739,92.521,59.7,78.817,2.4414,419.297,411.485,613.75,1.8419,66.37,65.48,66.06
2026-02-25,739.0,70.795,2.4015,2.0258,1.9858,1.8789,676.25,575.5,738.75,70.1,70.1,390.25,59.24,578.25,524.0,516.0,71.855,72.255,723.75,798.25,2.4984,2.3059,92.518,59.48,79.022,2.4614,427.505,419.947,616.0,1.8458,65.5,65.22,65.75
2026-02-26,762.25,72.055,2.35,2.1537,1.9737,1.9323,677.5,587.0,762.25,70.54,70.54,400.25,59.34,585.5,539.0,534.0,72.12,73.65,746.75,826.25,2.4358,2.3095,92.686,59.12,79.213,2.5023,430.147,424.131,633.0,2.0112,65.88,65.42,65.82
2026-02-27,762.5,70.83,2.461,2.153,1.9705,1.9772,690.0,587.75,762.5,71.23,71.23,403.0,60.03,588.25,533.5,528.5,70.83,73.8,747.0,831.0,2.506,2.401,93.36,60.92,79.853,2.7555,429.959,425.197,637.0,2.058,68.22,67.02,67.34
2026-03-02,886.75,77.71,2.6766,2.2381,1.9956,2.1106,728.75,641.25,889.75,80.8,80.8,446.25,64.96,675.25,623.0,612.0,77.71,80.815,879.25,996.25,3.0604,2.7179,114.19,64.15,90.22,2.8406,501.249,499.963,716.0,2.1356,73.73,71.23,71.84
2026-03-03,1014.75,84.625,2.8307,2.3562,1.9974,2.1524,766.25,689.5,1011.75,82.35,82.35,509.25,64.68,710.5,631.5,617.5,84.625,87.4,996.0,1222.25,3.4869,3.1269,127.869,68.16,95.609,2.9274,525.766,523.303,736.5,2.0687,78.66,74.56,75.37
2026-03-04,1009.75,81.03,2.9238,2.3499,2.0949,2.1899,773.25,670.5,998.5,86.35,86.35,482.0,63.42,681.5,630.25,618.25,81.03,83.755,979.25,1268.75,3.8438,3.6863,221.129,68.76,99.226,2.9849,562.164,567.85,776.5,2.2599,80.17,74.66,75.45
2026-03-05,1141.75,87.915,3.1368,2.4909,2.2709,2.3209,799.0,697.5,1116.5,94.95,94.95,512.25,65.69,718.25,616.0,609.0,87.915,89.42,1075.75,1528.0,4.1643,4.3006,193.503,72.03,106.532,3.1409,598.264,593.888,775.0,2.3884,83.44,81.01,82.03
2026-03-06,1207.75,94.305,3.1974,2.5454,2.3466,2.3291,843.0,743.75,1185.0,100.45,100.45,590.0,78.88,758.75,584.5,584.5,94.305,95.84,1120.5,1517.0,4.1874,3.8199,159.404,82.84,113.542,3.2166,636.345,649.876,776.5,2.4141,98.83,90.9,92.32
2026-03-09,1227.75,102.93,3.1716,2.6072,2.4584,2.3084,915.5,807.25,1196.25,125.0,125.0,644.25,100.03,815.0,595.25,592.25,103.39,104.595,1148.5,1483.25,4.1516,3.7366,188.347,79.57,140.155,3.2784,842.754,876.193,991.5,2.6759,93.42,94.77,95.82
2026-03-10,1059.5,88.335,2.9341,2.4391,2.3628,2.1653,810.5,721.5,1050.75,115.2,115.2,560.25,84.9,737.0,581.5,581.5,89.89,91.01,1017.5,1396.75,3.5466,3.4541,141.38,77.79,118.794,3.1103,647.017,681.564,842.0,2.5503,88.78,83.45,83.93
2026-03-11,1146.5,91.47,3.0813,2.6883,2.5083,2.3708,873.0,770.75,1121.25,119.55,119.55,593.5,84.95,768.25,577.0,576.0,93.775,94.815,1073.25,1505.5,3.8788,3.7788,157.582,79.62,116.204,3.2583,632.123,668.922,875.0,2.7283,87.55,87.25,87.68
2026-03-12,1210.0,100.26,3.2627,2.9646,2.5946,2.4921,943.0,826.5,1180.5,139.9,139.9,628.25,93.52,799.5,579.75,574.75,102.21,103.39,1119.25,1640.25,4.0989,4.1089,211.834,88.26,129.973,3.4346,752.47,762.839,977.0,2.9171,104.25,95.73,96.39
2026-03-13,1234.25,103.565,3.3122,3.0664,2.6514,2.5864,966.5,860.25,1207.5,145.51,145.51,613.25,100.21,820.5,577.0,573.0,105.155,106.01,1131.25,1626.0,4.2147,4.1447,197.841,91.33,135.469,3.5114,722.875,732.201,1060.0,2.9814,102.43,98.71,99.46
2026-03-16,1248.0,103.705,3.1275,3.0278,2.7003,2.4603,993.75,884.75,1235.0,153.24,153.24,602.75,103.25,833.5,581.0,575.0,105.31,106.73,1159.0,1688.5,3.9375,3.905,203.092,87.14,140.344,3.4703,757.029,782.65,1054.25,2.9453,97.51,93.5,94.33
2026-03-17,1251.75,103.04,3.1858,3.0997,2.7434,2.5297,989.0,868.25,1230.0,157.66,157.66,602.5,100.67,851.25,587.0,582.0,103.92,107.77,1164.0,1665.5,4.2658,4.0333,197.519,90.42,139.006,3.5934,765.334,760.712,1037.25,3.0609,100.05,96.21,97.59
2026-03-18,1354.5,112.285,3.4003,3.056,2.6735,2.4485,1000.5,952.25,1335.0,155.55,155.55,647.25,101.39,928.0,589.0,583.0,113.01,118.04,1255.25,1735.0,4.4478,4.1463,203.741,92.97,137.176,3.5685,750.378,726.93,1039.75,3.0273,102.13,96.32,98.87
2026-03-19,1463.0,116.41,3.417,3.0553,2.7471,2.4346,1067.75,987.25,1435.0,166.8,166.8,646.5,109.36,975.5,620.0,615.0,117.77,122.23,1282.75,1783.0,4.592,4.3452,224.516,94.33,148.961,3.5971,794.714,771.378,1162.25,3.0178,100.28,96.14,98.94
2026-03-20,1506.75,116.24,3.6109,3.1532,2.9112,2.5937,1048.75,990.5,1470.0,158.85,158.85,667.5,106.15,961.75,599.5,594.5,117.225,120.64,1292.0,1735.25,4.8584,4.6225,221.652,95.18,147.466,3.6762,755.098,731.833,1140.25,3.1607,103.61,98.32,99.84
2026-03-23,1405.75,109.885,3.126,2.8699,2.5849,2.4249,1049.5,931.0,1392.5,169.75,169.75,633.5,113.99,909.0,705.0,701.0,110.78,114.105,1232.5,1592.25,4.0032,4.0407,229.957,84.57,153.0,3.3649,790.814,780.473,1189.25,2.8624,93.85,89.22,90.6
2026-03-24,1394.5,110.415,3.3584,3.1134,2.758,2.558,984.0,929.75,1383.0,157.05,157.05,634.5,104.67,887.5,795.0,790.0,111.175,114.265,1250.5,1576.25,4.2633,4.4633,197.591,88.0,137.769,3.538,691.038,685.825,1088.25,3.0496,97.88,93.33,94.06
2026-03-25,1296.0,109.395,3.2313,2.8902,2.4102,2.4824,960.0,900.5,1270.25,142.55,142.55,596.5,98.93,864.25,770.25,765.25,109.665,112.35,1152.75,1465.75,4.0605,4.1442,171.162,86.59,124.443,3.4024,641.78,633.847,990.25,2.9352,95.71,91.89,92.6
2026-03-26,1450.5,117.38,3.4234,3.0778,2.589,2.4952,995.25,950.25,1408.25,113.04,113.04,629.0,104.08,882.0,847.0,842.0,117.7,119.82,1313.75,1654.25,4.327,4.457,189.773,91.01,127.306,3.5202,666.133,658.46,1101.25,3.079,101.18,94.48,96.64
2026-03-27,1484.75,120.31,3.7505,3.186,2.696,2.5501,1036.5,969.75,1454.75,122.14,122.14,643.0,106.96,903.0,898.0,895.0,120.785,122.035,1349.0,1713.5,4.4863,4.7538,218.237,96.4,132.835,3.7301,711.512,716.917,1143.0,3.186,107.94,99.64,102.54
2026-03-30,1456.5,122.98,3.4093,3.2886,2.8498,2.6515,1059.75,1012.25,1478.0,125.29,125.29,645.0,111.58,932.25,910.25,907.25,123.655,124.38,1377.75,1625.75,4.4557,4.6057,233.47,99.06,139.285,3.8315,734.067,734.368,1206.25,3.3098,114.12,102.88,106.15
2026-03-31,1423.0,126.965,3.3413,3.2689,2.8889,2.5739,1047.75,1020.75,1423.25,121.1,121.1,631.75,102.68,910.0,910.0,960.0,128.225,127.73,1362.5,1723.5,4.3638,4.4938,214.039,100.19,138.002,3.6839,729.24,694.088,1208.0,3.3102,114.65,101.38,104.81
2026-04-01,1399.25,126.46,3.5568,3.1164,2.8114,2.4814,1001.75,951.75,1427.5,108.9,108.9,605.0,91.17,851.0,906.0,936.0,130.87,129.595,1365.0,1615.25,4.3068,4.3443,211.153,95.41,133.455,3.5714,699.402,656.31,1092.25,3.1977,114.63,100.12,103.73
2026-04-02,1607.75,141.26,3.7786,3.308,3.013,2.748,1044.25,1021.5,1640.75,114.6,114.6,654.0,94.84,891.25,910.25,930.25,142.93,142.885,1561.75,1838.25,4.6111,4.7811,225.583,107.28,142.625,3.768,760.768,728.813,1147.0,3.3455,125.11,111.54,115.95
2026-04-06,,,3.8609,3.3082,2.9732,2.8457,,,,120.2,120.2,,94.32,,913.25,938.25,,,,,4.5784,4.6584,225.394,107.73,141.943,3.7682,748.708,722.564,1160.0,3.3757,118.89,112.41,116.66
2026-04-07,1547.0,144.46,4.1437,3.2402,3.1302,2.9502,1049.25,1032.25,1598.25,123.2,123.2,648.25,96.09,892.5,932.75,959.75,146.23,146.52,1519.5,1784.25,4.7274,4.7349,227.021,107.56,139.568,3.7652,746.031,720.85,1162.0,3.3452,115.51,112.95,117.04
2026-04-08,1267.25,124.53,3.5234,2.9172,2.8259,2.6809,938.25,904.25,1314.5,101.2,101.2,584.75,89.39,801.5,885.25,915.25,127.995,128.58,1242.75,1468.0,4.0584,3.9784,191.563,89.08,119.081,3.4659,639.49,626.66,1002.25,3.0059,96.73,94.41,96.9
2026-04-09,1424.0,131.785,3.662,2.9607,2.8657,2.6982,991.0,944.5,1475.0,102.0,102.0,581.0,91.68,818.0,900.25,930.25,134.95,135.585,1397.5,1574.75,4.187,4.1195,216.478,92.03,130.646,3.4607,647.767,639.693,1056.25,2.9745,100.04,97.87,101.11
2026-04-10,1265.25,125.88,3.6041,3.0123,2.8873,2.7423,981.25,916.25,1227.75,101.0,101.0,570.25,90.62,796.0,887.0,926.0,128.97,129.76,1137.25,1468.25,4.0116,3.9016,211.545,90.64,128.419,3.6973,637.479,629.019,1046.0,3.0073,103.67,96.57,99.38
2026-04-13,1334.5,132.455,3.6491,3.061,2.9535,2.836,1015.25,950.0,1312.75,106.59,106.59,594.0,93.84,785.0,900.25,940.25,135.33,136.14,1209.25,1585.0,4.0841,3.9341,214.38,92.97,128.157,3.776,663.179,662.316,1074.0,3.0685,98.53,99.08,101.29
2026-04-14,1232.75,124.635,3.4643,2.522,2.7595,2.7595,993.0,908.25,1239.25,103.15,103.15,570.0,92.0,791.25,888.25,933.25,127.675,128.125,1128.5,1502.0,3.8743,3.7843,210.282,85.71,123.837,3.6995,667.018,658.766,1037.0,2.987,91.86,91.28,92.67
2026-04-15,1249.5,116.735,3.5182,2.9742,2.7692,2.7667,967.75,893.0,1269.75,101.09,101.09,557.0,90.19,656.0,886.0,926.0,121.79,118.815,1152.25,1560.25,4.6532,3.8882,200.053,86.24,120.238,3.7292,649.069,640.534,990.0,3.0042,91.29,91.29,93.42
2026-04-16,1255.75,116.45,3.5129,3.0613,2.8637,2.8495,989.25,903.0,1296.25,101.8,101.8,560.25,91.18,654.75,886.0,928.0,123.19,119.22,1168.75,1612.5,4.7329,3.9329,205.194,90.46,120.701,3.8237,641.667,633.794,929.0,3.0813,94.48,94.69,97.4
2026-04-17,1082.75,98.945,3.1974,2.932,2.6698,2.689,963.5,831.75,1142.75,102.2,102.2,517.75,90.66,602.0,899.0,938.0,104.855,102.185,1020.75,1321.5,4.2974,3.4019,210.026,79.6,122.323,3.6648,639.602,633.748,950.0,2.9195,80.28,83.85,85.76
2026-04-20,1121.5,106.02,3.3009,3.0206,2.8118,2.7718,982.25,872.25,1181.75,98.5,98.5,536.5,88.32,624.5,875.0,913.25,108.37,109.55,1074.0,1422.0,4.4409,3.5068,190.519,85.66,118.627,3.7768,621.198,606.696,904.0,3.0081,85.31,89.61,91.92
2026-04-21,1165.75,107.66,3.4788,3.1108,2.9748,2.8198,984.75,901.0,1223.0,93.66,93.66,559.25,87.12,634.25,873.75,911.75,110.735,112.35,1120.5,1483.25,4.6288,3.7834,181.086,88.96,117.943,3.8698,602.118,590.438,892.25,3.1071,87.4,92.13,95.18
2026-04-22,1240.75,111.775,3.5891,3.2584,3.2079,2.9562,1007.5,941.25,1255.75,100.4,100.4,572.0,91.24,639.5,891.0,934.0,114.445,116.565,1197.25,1547.75,4.7161,4.0436,189.109,93.37,124.034,4.0179,635.057,623.755,957.0,3.2272,92.16,97.07,99.92
2026-04-23,1255.5,111.33,3.6532,3.3592,3.2921,3.0363,1044.5,961.5,1274.75,104.81,104.81,576.0,94.65,648.5,868.0,913.0,114.755,116.085,1215.5,1543.25,4.7677,4.0477,181.489,95.12,125.936,4.1121,646.325,635.275,996.25,3.3367,96.34,99.63,102.13
2026-04-24,1297.0,112.915,3.6449,3.3577,3.4076,3.0726,1066.0,995.0,1309.75,107.2,107.2,582.0,97.04,664.25,907.75,953.75,115.92,117.695,1248.75,1572.5,4.6943,3.9643,185.877,94.05,125.608,4.1226,670.152,657.219,1028.0,3.334,93.96,98.47,100.49
2026-04-27,1327.5,113.335,3.7797,3.3162,3.6099,3.141,1073.75,983.0,1321.5,104.2,104.2,597.75,97.62,661.5,910.0,960.0,117.78,119.73,1276.25,1555.75,4.781,4.021,187.69,95.09,128.01,4.151,673.587,660.329,1043.0,3.3624,98.48,96.37,99.83
2026-04-28,1277.25,115.87,3.9312,3.4222,3.7772,3.2437,1089.0,968.75,1262.75,107.2,107.2,607.75,98.13,665.75,927.0,979.0,120.205,121.03,1233.75,1508.75,4.7927,3.9427,177.832,97.98,126.215,4.1754,696.489,676.48,1043.0,3.4247,101.92,99.93,102.71
2026-04-29,1350.25,123.37,4.1962,3.5972,4.0122,3.4036,1110.0,1025.0,1328.25,106.49,106.49,634.0,101.0,687.0,923.0,978.0,126.6,127.255,1301.5,1567.0,4.9986,4.0936,179.423,104.99,130.332,4.3011,696.401,673.784,1043.0,3.5985,109.42,106.88,109.9
2026-04-30,1349.5,122.585,4.1809,3.62,3.835,3.4275,1140.25,1023.5,1319.75,112.25,112.25,616.0,106.71,679.75,750.0,800.0,125.23,125.905,1300.0,1528.75,4.9809,3.9584,189.575,102.32,134.472,4.17,720.79,706.354,1103.0,3.6175,104.4,105.07,108.09
2026-05-01,1331.25,117.355,4.0264,3.5852,3.7352,3.3952,1153.0,976.25,1290.0,,,614.25,,666.25,,,120.97,120.37,1287.75,1533.75,4.5464,3.7439,,102.53,,4.1452,,,,3.5877,100.9,101.94,105.09
2026-05-04,,,4.1732,3.7282,3.9882,3.5382,,,,106.0,106.0,,97.24,,750.0,790.0,,,,,4.5232,3.8707,168.302,107.54,133.46,4.2882,684.825,685.6,1017.75,3.7245,109.18,106.42,109.52
2026-05-05,1311.5,115.14,4.1052,3.5544,3.6706,3.3831,1155.75,982.75,1282.0,106.6,106.6,657.0,101.76,671.25,862.0,903.0,117.325,117.575,1278.75,1438.0,4.5802,3.7677,166.671,103.15,136.399,4.1606,733.37,734.571,1039.5,3.5906,99.62,102.27,105.2
2026-05-06,1203.0,104.075,3.8506,3.4518,3.6343,3.2793,1079.0,886.25,1186.5,103.69,103.69,640.5,97.4,622.75,826.0,869.0,105.51,107.145,1175.25,1285.75,4.3356,3.5106,158.128,95.07,132.965,3.9993,737.503,739.208,972.25,3.4581,88.55,95.08,97.63
2026-05-07,1154.0,100.47,3.8966,3.4023,3.631,3.2685,1061.5,859.0,1144.0,97.59,97.59,620.75,91.71,594.5,816.75,861.75,101.29,103.245,1126.25,1218.0,4.3666,3.5791,149.38,93.97,125.711,3.996,688.197,680.563,913.5,3.4548,92.01,94.81,96.73
2026-05-08,1196.25,104.94,4.0016,3.5167,3.6767,3.3717,1084.5,895.25,1205.5,97.2,97.2,624.25,91.47,608.25,822.0,866.0,105.835,107.56,1178.0,1272.25,4.2491,3.6191,150.532,94.94,123.259,4.0667,667.559,660.683,919.0,3.5055,95.42,95.42,97.55
2026-05-11,1183.25,105.62,4.0761,3.6023,3.9248,3.4998,1122.75,934.5,1198.75,101.11,101.11,636.5,95.45,640.25,835.0,878.0,105.945,107.78,1167.5,1296.75,4.3486,3.7586,154.047,97.31,127.51,4.1398,686.054,675.347,984.0,3.5786,95.42,98.07,99.87
2026-05-12,1230.0,111.13,4.1413,3.7002,3.8477,3.6302,1153.75,951.5,1243.25,104.7,104.74,642.0,100.53,648.25,857.0,904.0,111.285,113.26,1205.5,1342.25,4.5588,3.9013,158.381,101.35,131.905,3.9927,691.085,682.77,1019.25,3.6602,99.7,102.18,103.92
2026-05-13,1213.25,110.78,3.9467,3.5937,3.6937,3.5162,1156.5,935.75,1226.75,104.9,104.9,653.75,100.26,643.25,944.0,996.0,110.91,112.93,1189.0,1323.75,4.3667,3.6942,159.96,99.6,133.948,3.9087,688.414,677.5,1020.25,3.5812,101.17,101.02,102.65
2026-05-14,1168.0,109.555,3.9031,3.5832,3.6907,3.5007,1144.5,907.75,1184.25,105.5,105.5,638.25,99.14,662.5,947.0,993.0,109.585,111.555,1147.0,1282.5,4.3056,3.6281,152.085,99.45,135.993,3.8807,699.714,684.344,1020.25,3.5682,102.45,101.17,102.6
2026-05-15,1226.75,112.145,4.0484,3.6469,3.5519,3.5794,1161.0,906.5,1241.0,107.3,107.3,664.0,100.88,640.75,961.0,1009.0,112.415,114.175,1202.0,1342.75,4.4534,3.7634,155.051,103.38,136.648,3.9619,726.57,714.427,1020.5,3.6644,107.71,105.42,106.66
2026-05-18,1259.0,115.12,4.1245,3.7082,3.4607,3.6382,1182.0,928.0,1263.75,107.89,107.89,679.75,101.54,688.25,968.75,1016.75,115.335,117.685,1234.25,1374.0,4.5145,3.8145,159.041,106.13,137.44,4.0207,734.916,720.545,997.5,3.7232,110.46,108.66,109.33
2026-05-19,1234.75,114.67,4.03,3.6587,3.4212,3.5162,1184.0,913.25,1234.25,106.795,106.795,657.25,101.48,647.25,967.0,1015.0,114.975,116.93,1209.5,1357.75,3.9625,3.8564,161.84,105.03,136.84,3.9562,731.67,718.033,992.5,3.6062,108.98,107.77,108.22
2026-05-20,1191.75,109.76,3.6471,3.4231,3.3374,3.2649,1149.5,873.25,1184.5,106.6,106.6,622.5,101.03,602.5,967.75,967.75,110.455,112.07,1169.75,1303.25,3.7471,3.5935,159.829,98.5,134.62,3.7474,709.618,697.59,967.5,3.3719,101.66,101.86,101.63
2026-05-21,1191.25,111.605,3.4191,3.2958,3.2946,3.1446,1112.0,864.5,1186.5,103.7,103.7,627.75,98.14,598.75,965.0,1022.0,112.3,113.84,1168.0,1301.75,3.7916,3.4291,150.354,96.36,129.524,3.6396,679.306,670.278,913.5,3.2846,99.82,99.85,99.68
2026-05-22,1154.75,107.195,3.4503,3.3764,3.2939,3.2114,1084.5,834.5,1147.25,104.01,104.01,611.5,97.74,582.5,900.25,952.25,107.8,109.33,1131.75,1251.75,3.8478,3.4995,146.717,97.47,126.611,3.7139,690.524,672.564,839.5,3.3464,100.9,100.93,100.73
2026-05-25,,,,,,,,,,98.03,98.03,,92.63,,816.0,856.0,,,,,,,135.832,,122.864,,650.332,629.702,841.375,,,,
2026-05-26,1103.5,103.73,3.3546,3.1693,2.8968,2.9755,1053.75,795.75,1095.25,98.01,98.01,592.0,92.5,583.25,828.75,868.75,104.42,105.85,1080.25,1183.5,3.5813,3.2788,136.177,92.41,122.827,3.4805,652.131,630.224,835.625,3.1406,94.84,93.89,94.92
2026-05-27,1062.0,99.675,3.265,3.0483,2.832,2.8737,978.0,756.0,1053.25,,,577.0,,580.75,,,100.28,101.685,1038.0,1133.5,3.4889,3.1889,,87.26,,3.3937,,,,3.027,88.45,88.68,89.76
2026-05-28,1050.0,96.84,3.3199,3.0684,2.8659,2.9377,982.5,742.75,1047.0,99.21,99.21,580.25,90.45,582.75,822.75,867.75,98.305,99.245,1018.25,1120.25,3.5121,3.1921,132.723,87.09,116.609,3.4452,649.209,628.722,794.625,3.0884,90.1,88.9,89.99
2026-05-29,1028.25,93.365,3.2486,3.0431,2.8844,2.8444,970.75,723.75,1029.0,103.7,103.7,561.0,89.85,593.0,814.0,859.0,95.69,96.73,996.75,1094.0,3.4486,3.1586,127.527,85.39,112.396,3.2944,639.595,633.334,754.5,3.0219,88.49,87.36,88.33
2026-06-01,1111.25,100.445,3.3744,3.0872,2.9397,2.8947,998.25,781.25,1113.25,,,581.0,,627.0,,,101.8,103.2,1080.5,1179.5,3.5994,3.4044,,85.81,,3.3447,,,,3.056,93.19,92.16,93.25
2026-06-02,1088.75,97.775,3.4487,3.1468,3.0193,2.956,997.0,753.25,1094.0,92.8,92.8,564.75,89.77,619.75,829.75,874.75,98.285,100.535,1058.5,1160.0,3.6587,3.4062,138.045,87.11,114.306,3.4043,650.6,645.453,778.25,3.1318,95.14,93.76,94.69
2026-06-03,1138.5,101.33,3.5381,3.1116,2.9816,2.9816,1013.5,754.75,1147.75,97.41,97.41,570.25,93.77,619.25,779.0,824.0,101.4,104.215,1113.5,1207.25,3.8081,3.5306,148.417,89.04,118.911,3.3916,657.817,648.941,806.875,3.0753,98.34,96.02,96.7
2026-06-04,1095.25,98.86,3.3888,3.0058,2.9433,2.8933,979.25,704.5,1105.0,95.1,95.1,552.5,91.71,597.75,770.0,818.0,98.93,101.615,1069.75,1158.5,3.6338,3.3338,145.933,86.07,117.16,3.2983,629.906,633.262,772.75,2.9908,95.89,93.04,93.65
2026-06-05,1074.5,98.025,3.3424,3.0059,2.8459,2.9197,971.75,710.25,1085.0,90.9,90.9,547.25,88.05,594.75,765.0,810.0,98.03,100.725,1051.25,1136.5,3.5474,3.2574,140.544,83.78,113.536,3.3059,613.44,614.615,735.5,3.0109,93.22,90.54,91.14
2026-06-08,1085.75,98.665,3.3499,3.0281,2.8806,2.9631,991.75,727.0,1096.5,93.6,93.6,552.25,92.29,608.0,738.25,781.25,98.665,101.425,1066.0,1159.25,3.5599,3.2749,147.173,84.72,120.102,3.3306,630.667,630.514,779.5,3.0269,93.23,91.3,91.9
2026-06-09,1039.5,93.715,3.3218,2.9949,2.8861,2.8936,968.25,718.5,1051.75,89.3,89.3,529.75,88.89,605.5,698.5,740.5,93.715,96.485,1020.75,1114.25,3.5118,3.2218,140.34,81.63,116.502,3.2811,590.649,594.798,745.625,2.9699,90.05,88.2,88.74
2026-06-10,1061.5,94.76,3.3726,3.1012,2.9699,2.9824,1002.0,737.5,1065.0,87.1,87.1,536.0,87.48,614.5,700.5,741.5,94.76,97.54,1034.0,1118.0,3.5826,3.2751,137.936,83.38,115.177,3.3699,590.138,593.13,765.125,3.0774,91.33,90.03,90.51
2026-06-11,,,,,,,,,,88.5,88.5,,,,705.0,744.0,,,,,,,138.812,,117.292,,590.481,592.076,764.125,,,,
